date_snapshot,regulation,format_id,palier,pokemon,pokemon_partenaire,teammate_pct
2026-09-30,M-C,gen9championsvgc2026regmcbo3,0,Rillaboom,Incineroar,40.698
2026-09-30,M-C,gen9championsvgc2026regmcbo3,0,Rillaboom,Sneasler,36.27
2026-09-30,M-C,gen9championsvgc2026regmcbo3,0,Rillaboom,Gholdengo,32.187
2026-09-30,M-C,gen9championsvgc2026regmcbo3,0,Rillaboom,Salamence-Mega,29.996
2026-09-30,M-C,gen9championsvgc2026regmcbo3,0,Rillaboom,Raichu-Mega-Y,25.509
2026-09-30,M-C,gen9championsvgc2026regmcbo3,0,Rillaboom,Kingambit,21.959
2026-09-30,M-C,gen9championsvgc2026regmcbo3,0,Rillaboom,Arcanine-Hisui,18.873
2026-09-30,M-C,gen9championsvgc2026regmcbo3,0,Rillaboom,Floette-Mega,17.159
2026-09-30,M-C,gen9championsvgc2026regmcbo3,0,Rillaboom,Basculegion,14.095
2026-09-30,M-C,gen9championsvgc2026regmcbo3,0,Rillaboom,Volcarona,13.168
2026-09-30,M-C,gen9championsvgc2026regmcbo3,0,Sneasler,Rillaboom,45.12
2026-09-30,M-C,gen9championsvgc2026regmcbo3,0,Sneasler,Salamence-Mega,35.747
2026-09-30,M-C,gen9championsvgc2026regmcbo3,0,Sneasler,Incineroar,29.966
2026-09-30,M-C,gen9championsvgc2026regmcbo3,0,Sneasler,Kingambit,28.011
2026-09-30,M-C,gen9championsvgc2026regmcbo3,0,Sneasler,Gholdengo,19.653
2026-09-30,M-C,gen9championsvgc2026regmcbo3,0,Sneasler,Floette-Mega,19.32
2026-09-30,M-C,gen9championsvgc2026regmcbo3,0,Sneasler,Basculegion,18.078
2026-09-30,M-C,gen9championsvgc2026regmcbo3,0,Sneasler,Indeedee-F,17.975
2026-09-30,M-C,gen9championsvgc2026regmcbo3,0,Sneasler,Arcanine-Hisui,14.037
2026-09-30,M-C,gen9championsvgc2026regmcbo3,0,Sneasler,Indeedee,11.482
2026-09-30,M-C,gen9championsvgc2026regmcbo3,0,Incineroar,Rillaboom,59.203
2026-09-30,M-C,gen9championsvgc2026regmcbo3,0,Incineroar,Sneasler,35.04
2026-09-30,M-C,gen9championsvgc2026regmcbo3,0,Incineroar,Floette-Mega,24.047
2026-09-30,M-C,gen9championsvgc2026regmcbo3,0,Incineroar,Gholdengo,24.021
2026-09-30,M-C,gen9championsvgc2026regmcbo3,0,Incineroar,Salamence-Mega,17.399
2026-09-30,M-C,gen9championsvgc2026regmcbo3,0,Incineroar,Kingambit,15.678
2026-09-30,M-C,gen9championsvgc2026regmcbo3,0,Incineroar,Raichu-Mega-Y,14.863
2026-09-30,M-C,gen9championsvgc2026regmcbo3,0,Incineroar,Garchomp-Mega-Z,14.683
2026-09-30,M-C,gen9championsvgc2026regmcbo3,0,Incineroar,Farigiraf,13.224
2026-09-30,M-C,gen9championsvgc2026regmcbo3,0,Incineroar,Basculegion,12.351
2026-09-30,M-C,gen9championsvgc2026regmcbo3,0,Salamence-Mega,Rillaboom,57.336
2026-09-30,M-C,gen9championsvgc2026regmcbo3,0,Salamence-Mega,Sneasler,54.926
2026-09-30,M-C,gen9championsvgc2026regmcbo3,0,Salamence-Mega,Gholdengo,28.915
2026-09-30,M-C,gen9championsvgc2026regmcbo3,0,Salamence-Mega,Kingambit,28.725
2026-09-30,M-C,gen9championsvgc2026regmcbo3,0,Salamence-Mega,Incineroar,22.862
2026-09-30,M-C,gen9championsvgc2026regmcbo3,0,Salamence-Mega,Arcanine-Hisui,22.28
2026-09-30,M-C,gen9championsvgc2026regmcbo3,0,Salamence-Mega,Basculegion,18.537
2026-09-30,M-C,gen9championsvgc2026regmcbo3,0,Salamence-Mega,Milotic,15.326
2026-09-30,M-C,gen9championsvgc2026regmcbo3,0,Salamence-Mega,Floette-Mega,14.86
2026-09-30,M-C,gen9championsvgc2026regmcbo3,0,Salamence-Mega,Excadrill,13.372
2026-09-30,M-C,gen9championsvgc2026regmcbo3,0,Kingambit,Sneasler,45.604
2026-09-30,M-C,gen9championsvgc2026regmcbo3,0,Kingambit,Rillaboom,44.476
2026-09-30,M-C,gen9championsvgc2026regmcbo3,0,Kingambit,Salamence-Mega,30.436
2026-09-30,M-C,gen9championsvgc2026regmcbo3,0,Kingambit,Basculegion,22.332
2026-09-30,M-C,gen9championsvgc2026regmcbo3,0,Kingambit,Incineroar,21.829
2026-09-30,M-C,gen9championsvgc2026regmcbo3,0,Kingambit,Farigiraf,16.563
2026-09-30,M-C,gen9championsvgc2026regmcbo3,0,Kingambit,Floette-Mega,16.311
2026-09-30,M-C,gen9championsvgc2026regmcbo3,0,Kingambit,Arcanine-Hisui,14.541
2026-09-30,M-C,gen9championsvgc2026regmcbo3,0,Kingambit,Indeedee-F,13.994
2026-09-30,M-C,gen9championsvgc2026regmcbo3,0,Kingambit,Charizard-Mega-Y,13.993
2026-09-30,M-C,gen9championsvgc2026regmcbo3,0,Gholdengo,Rillaboom,71.71
2026-09-30,M-C,gen9championsvgc2026regmcbo3,0,Gholdengo,Raichu-Mega-Y,42.484
2026-09-30,M-C,gen9championsvgc2026regmcbo3,0,Gholdengo,Incineroar,36.79
2026-09-30,M-C,gen9championsvgc2026regmcbo3,0,Gholdengo,Sneasler,35.197
2026-09-30,M-C,gen9championsvgc2026regmcbo3,0,Gholdengo,Salamence-Mega,33.701
2026-09-30,M-C,gen9championsvgc2026regmcbo3,0,Gholdengo,Arcanine-Hisui,26.318
2026-09-30,M-C,gen9championsvgc2026regmcbo3,0,Gholdengo,Staraptor-Mega,19.093
2026-09-30,M-C,gen9championsvgc2026regmcbo3,0,Gholdengo,Floette-Mega,18.039
2026-09-30,M-C,gen9championsvgc2026regmcbo3,0,Gholdengo,Milotic,15.356
2026-09-30,M-C,gen9championsvgc2026regmcbo3,0,Gholdengo,Sylveon,14.087
2026-09-30,M-C,gen9championsvgc2026regmcbo3,0,Indeedee-F,Sneasler,38.889
2026-09-30,M-C,gen9championsvgc2026regmcbo3,0,Indeedee-F,Gardevoir-Mega,33.013
2026-09-30,M-C,gen9championsvgc2026regmcbo3,0,Indeedee-F,Armarouge,20.348
2026-09-30,M-C,gen9championsvgc2026regmcbo3,0,Indeedee-F,Kingambit,18.596
2026-09-30,M-C,gen9championsvgc2026regmcbo3,0,Indeedee-F,Basculegion,17.767
2026-09-30,M-C,gen9championsvgc2026regmcbo3,0,Indeedee-F,Golisopod-Mega,17.748
2026-09-30,M-C,gen9championsvgc2026regmcbo3,0,Indeedee-F,Incineroar,16.716
2026-09-30,M-C,gen9championsvgc2026regmcbo3,0,Indeedee-F,Pelipper,12.263
2026-09-30,M-C,gen9championsvgc2026regmcbo3,0,Indeedee-F,Salamence-Mega,11.727
2026-09-30,M-C,gen9championsvgc2026regmcbo3,0,Indeedee-F,Torkoal,10.871
2026-09-30,M-C,gen9championsvgc2026regmcbo3,0,Basculegion,Sneasler,40.76
2026-09-30,M-C,gen9championsvgc2026regmcbo3,0,Basculegion,Rillaboom,39.533
2026-09-30,M-C,gen9championsvgc2026regmcbo3,0,Basculegion,Kingambit,30.926
2026-09-30,M-C,gen9championsvgc2026regmcbo3,0,Basculegion,Salamence-Mega,27.2
2026-09-30,M-C,gen9championsvgc2026regmcbo3,0,Basculegion,Incineroar,23.814
2026-09-30,M-C,gen9championsvgc2026regmcbo3,0,Basculegion,Indeedee-F,18.515
2026-09-30,M-C,gen9championsvgc2026regmcbo3,0,Basculegion,Floette-Mega,16.889
2026-09-30,M-C,gen9championsvgc2026regmcbo3,0,Basculegion,Pelipper,14.687
2026-09-30,M-C,gen9championsvgc2026regmcbo3,0,Basculegion,Whimsicott,14.527
2026-09-30,M-C,gen9championsvgc2026regmcbo3,0,Basculegion,Golisopod-Mega,13.801
2026-09-30,M-C,gen9championsvgc2026regmcbo3,0,Raichu-Mega-Y,Rillaboom,73.914
2026-09-30,M-C,gen9championsvgc2026regmcbo3,0,Raichu-Mega-Y,Gholdengo,55.252
2026-09-30,M-C,gen9championsvgc2026regmcbo3,0,Raichu-Mega-Y,Arcanine-Hisui,36.05
2026-09-30,M-C,gen9championsvgc2026regmcbo3,0,Raichu-Mega-Y,Incineroar,29.605
2026-09-30,M-C,gen9championsvgc2026regmcbo3,0,Raichu-Mega-Y,Sneasler,24.91
2026-09-30,M-C,gen9championsvgc2026regmcbo3,0,Raichu-Mega-Y,Staraptor-Mega,24.546
2026-09-30,M-C,gen9championsvgc2026regmcbo3,0,Raichu-Mega-Y,Sylveon,21.47
2026-09-30,M-C,gen9championsvgc2026regmcbo3,0,Raichu-Mega-Y,Salamence-Mega,19.602
2026-09-30,M-C,gen9championsvgc2026regmcbo3,0,Raichu-Mega-Y,Kingambit,16.135
2026-09-30,M-C,gen9championsvgc2026regmcbo3,0,Raichu-Mega-Y,Volcarona,15.505
2026-09-30,M-C,gen9championsvgc2026regmcbo3,0,Farigiraf,Rillaboom,32.603
2026-09-30,M-C,gen9championsvgc2026regmcbo3,0,Farigiraf,Incineroar,29.524
2026-09-30,M-C,gen9championsvgc2026regmcbo3,0,Farigiraf,Golisopod-Mega,27.968
2026-09-30,M-C,gen9championsvgc2026regmcbo3,0,Farigiraf,Kingambit,26.56
2026-09-30,M-C,gen9championsvgc2026regmcbo3,0,Farigiraf,Sylveon,20.397
2026-09-30,M-C,gen9championsvgc2026regmcbo3,0,Farigiraf,Charizard-Mega-Y,19.634
2026-09-30,M-C,gen9championsvgc2026regmcbo3,0,Farigiraf,Sneasler,14.712
2026-09-30,M-C,gen9championsvgc2026regmcbo3,0,Farigiraf,Archaludon,13.541
2026-09-30,M-C,gen9championsvgc2026regmcbo3,0,Farigiraf,Salamence-Mega,12.804
2026-09-30,M-C,gen9championsvgc2026regmcbo3,0,Farigiraf,Garchomp-Mega-Z,12.175
2026-09-30,M-C,gen9championsvgc2026regmcbo3,0,Arcanine-Hisui,Rillaboom,67.19
2026-09-30,M-C,gen9championsvgc2026regmcbo3,0,Arcanine-Hisui,Raichu-Mega-Y,44.294
2026-09-30,M-C,gen9championsvgc2026regmcbo3,0,Arcanine-Hisui,Gholdengo,42.055
2026-09-30,M-C,gen9championsvgc2026regmcbo3,0,Arcanine-Hisui,Salamence-Mega,41.496
2026-09-30,M-C,gen9championsvgc2026regmcbo3,0,Arcanine-Hisui,Sneasler,40.169
2026-09-30,M-C,gen9championsvgc2026regmcbo3,0,Arcanine-Hisui,Kingambit,25.559
2026-09-30,M-C,gen9championsvgc2026regmcbo3,0,Arcanine-Hisui,Sylveon,25.419
2026-09-30,M-C,gen9championsvgc2026regmcbo3,0,Arcanine-Hisui,Staraptor-Mega,23.389
2026-09-30,M-C,gen9championsvgc2026regmcbo3,0,Arcanine-Hisui,Milotic,14.297
2026-09-30,M-C,gen9championsvgc2026regmcbo3,0,Arcanine-Hisui,Basculegion,13.214
2026-09-30,M-C,gen9championsvgc2026regmcbo3,0,Floette-Mega,Rillaboom,64.776
2026-09-30,M-C,gen9championsvgc2026regmcbo3,0,Floette-Mega,Incineroar,62.404
2026-09-30,M-C,gen9championsvgc2026regmcbo3,0,Floette-Mega,Sneasler,58.627
2026-09-30,M-C,gen9championsvgc2026regmcbo3,0,Floette-Mega,Gholdengo,30.565
2026-09-30,M-C,gen9championsvgc2026regmcbo3,0,Floette-Mega,Kingambit,30.401
2026-09-30,M-C,gen9championsvgc2026regmcbo3,0,Floette-Mega,Salamence-Mega,29.348
2026-09-30,M-C,gen9championsvgc2026regmcbo3,0,Floette-Mega,Basculegion,22.731
2026-09-30,M-C,gen9championsvgc2026regmcbo3,0,Floette-Mega,Garchomp,10.431
2026-09-30,M-C,gen9championsvgc2026regmcbo3,0,Floette-Mega,Whimsicott,10.32
2026-09-30,M-C,gen9championsvgc2026regmcbo3,0,Floette-Mega,Dragonite-Mega,9.262
2026-09-30,M-C,gen9championsvgc2026regmcbo3,0,Golisopod-Mega,Pelipper,38.988
2026-09-30,M-C,gen9championsvgc2026regmcbo3,0,Golisopod-Mega,Farigiraf,33.885
2026-09-30,M-C,gen9championsvgc2026regmcbo3,0,Golisopod-Mega,Archaludon,32.629
2026-09-30,M-C,gen9championsvgc2026regmcbo3,0,Golisopod-Mega,Indeedee-F,25.947
2026-09-30,M-C,gen9championsvgc2026regmcbo3,0,Golisopod-Mega,Rillaboom,24.457
2026-09-30,M-C,gen9championsvgc2026regmcbo3,0,Golisopod-Mega,Sneasler,22.058
2026-09-30,M-C,gen9championsvgc2026regmcbo3,0,Golisopod-Mega,Incineroar,21.024
2026-09-30,M-C,gen9championsvgc2026regmcbo3,0,Golisopod-Mega,Basculegion,19.361
2026-09-30,M-C,gen9championsvgc2026regmcbo3,0,Golisopod-Mega,Grimmsnarl,14.369
2026-09-30,M-C,gen9championsvgc2026regmcbo3,0,Golisopod-Mega,Politoed,13.154
2026-09-30,M-C,gen9championsvgc2026regmcbo3,0,Milotic,Rillaboom,48.407
2026-09-30,M-C,gen9championsvgc2026regmcbo3,0,Milotic,Salamence-Mega,33.569
2026-09-30,M-C,gen9championsvgc2026regmcbo3,0,Milotic,Sneasler,30.223
2026-09-30,M-C,gen9championsvgc2026regmcbo3,0,Milotic,Gholdengo,28.857
2026-09-30,M-C,gen9championsvgc2026regmcbo3,0,Milotic,Incineroar,21.187
2026-09-30,M-C,gen9championsvgc2026regmcbo3,0,Milotic,Raichu-Mega-Y,18.302
2026-09-30,M-C,gen9championsvgc2026regmcbo3,0,Milotic,Arcanine-Hisui,16.814
2026-09-30,M-C,gen9championsvgc2026regmcbo3,0,Milotic,Indeedee-F,15.198
2026-09-30,M-C,gen9championsvgc2026regmcbo3,0,Milotic,Tyranitar-Mega,14.901
2026-09-30,M-C,gen9championsvgc2026regmcbo3,0,Milotic,Staraptor-Mega,14.449
2026-09-30,M-C,gen9championsvgc2026regmcbo3,0,Charizard-Mega-Y,Kingambit,29.909
2026-09-30,M-C,gen9championsvgc2026regmcbo3,0,Charizard-Mega-Y,Garchomp,29.049
2026-09-30,M-C,gen9championsvgc2026regmcbo3,0,Charizard-Mega-Y,Farigiraf,26.172
2026-09-30,M-C,gen9championsvgc2026regmcbo3,0,Charizard-Mega-Y,Rillaboom,24.625
2026-09-30,M-C,gen9championsvgc2026regmcbo3,0,Charizard-Mega-Y,Incineroar,24.273
2026-09-30,M-C,gen9championsvgc2026regmcbo3,0,Charizard-Mega-Y,Sneasler,24.009
2026-09-30,M-C,gen9championsvgc2026regmcbo3,0,Charizard-Mega-Y,Sylveon,23.014
2026-09-30,M-C,gen9championsvgc2026regmcbo3,0,Charizard-Mega-Y,Venusaur,20.549
2026-09-30,M-C,gen9championsvgc2026regmcbo3,0,Charizard-Mega-Y,Archaludon,19.441
2026-09-30,M-C,gen9championsvgc2026regmcbo3,0,Charizard-Mega-Y,Whimsicott,18.399
2026-09-30,M-C,gen9championsvgc2026regmcbo3,0,Archaludon,Pelipper,54.513
2026-09-30,M-C,gen9championsvgc2026regmcbo3,0,Archaludon,Golisopod-Mega,37.355
2026-09-30,M-C,gen9championsvgc2026regmcbo3,0,Archaludon,Rillaboom,32.127
2026-09-30,M-C,gen9championsvgc2026regmcbo3,0,Archaludon,Politoed,28.326
2026-09-30,M-C,gen9championsvgc2026regmcbo3,0,Archaludon,Grimmsnarl,26.123
2026-09-30,M-C,gen9championsvgc2026regmcbo3,0,Archaludon,Incineroar,24.158
2026-09-30,M-C,gen9championsvgc2026regmcbo3,0,Archaludon,Swampert-Mega,21.43
2026-09-30,M-C,gen9championsvgc2026regmcbo3,0,Archaludon,Charizard-Mega-Y,20.23
2026-09-30,M-C,gen9championsvgc2026regmcbo3,0,Archaludon,Farigiraf,18.781
2026-09-30,M-C,gen9championsvgc2026regmcbo3,0,Archaludon,Gengar-Mega,18.63
2026-09-30,M-C,gen9championsvgc2026regmcbo3,0,Sylveon,Rillaboom,51.503
2026-09-30,M-C,gen9championsvgc2026regmcbo3,0,Sylveon,Raichu-Mega-Y,33.847
2026-09-30,M-C,gen9championsvgc2026regmcbo3,0,Sylveon,Arcanine-Hisui,32.614
2026-09-30,M-C,gen9championsvgc2026regmcbo3,0,Sylveon,Gholdengo,28.883
2026-09-30,M-C,gen9championsvgc2026regmcbo3,0,Sylveon,Farigiraf,28.688
2026-09-30,M-C,gen9championsvgc2026regmcbo3,0,Sylveon,Kingambit,27.571
2026-09-30,M-C,gen9championsvgc2026regmcbo3,0,Sylveon,Staraptor-Mega,25.202
2026-09-30,M-C,gen9championsvgc2026regmcbo3,0,Sylveon,Salamence-Mega,24.673
2026-09-30,M-C,gen9championsvgc2026regmcbo3,0,Sylveon,Charizard-Mega-Y,24.282
2026-09-30,M-C,gen9championsvgc2026regmcbo3,0,Sylveon,Incineroar,21.009
2026-09-30,M-C,gen9championsvgc2026regmcbo3,0,Pelipper,Archaludon,56.106
2026-09-30,M-C,gen9championsvgc2026regmcbo3,0,Pelipper,Golisopod-Mega,45.94
2026-09-30,M-C,gen9championsvgc2026regmcbo3,0,Pelipper,Basculegion,24.277
2026-09-30,M-C,gen9championsvgc2026regmcbo3,0,Pelipper,Swampert-Mega,23.623
2026-09-30,M-C,gen9championsvgc2026regmcbo3,0,Pelipper,Sneasler,23.185
2026-09-30,M-C,gen9championsvgc2026regmcbo3,0,Pelipper,Indeedee-F,21.125
2026-09-30,M-C,gen9championsvgc2026regmcbo3,0,Pelipper,Rillaboom,20.945
2026-09-30,M-C,gen9championsvgc2026regmcbo3,0,Pelipper,Grimmsnarl,20.842
2026-09-30,M-C,gen9championsvgc2026regmcbo3,0,Pelipper,Farigiraf,17.226
2026-09-30,M-C,gen9championsvgc2026regmcbo3,0,Pelipper,Charizard-Mega-Y,14.555
2026-09-30,M-C,gen9championsvgc2026regmcbo3,0,Garchomp-Mega-Z,Rillaboom,61.677
2026-09-30,M-C,gen9championsvgc2026regmcbo3,0,Garchomp-Mega-Z,Incineroar,56.413
2026-09-30,M-C,gen9championsvgc2026regmcbo3,0,Garchomp-Mega-Z,Sneasler,31.901
2026-09-30,M-C,gen9championsvgc2026regmcbo3,0,Garchomp-Mega-Z,Volcarona,31.775
2026-09-30,M-C,gen9championsvgc2026regmcbo3,0,Garchomp-Mega-Z,Gholdengo,29.531
2026-09-30,M-C,gen9championsvgc2026regmcbo3,0,Garchomp-Mega-Z,Raichu-Mega-Y,23.37
2026-09-30,M-C,gen9championsvgc2026regmcbo3,0,Garchomp-Mega-Z,Farigiraf,20.951
2026-09-30,M-C,gen9championsvgc2026regmcbo3,0,Garchomp-Mega-Z,Kingambit,13.732
2026-09-30,M-C,gen9championsvgc2026regmcbo3,0,Garchomp-Mega-Z,Basculegion,12.941
2026-09-30,M-C,gen9championsvgc2026regmcbo3,0,Garchomp-Mega-Z,Charizard-Mega-Y,11.142
2026-09-30,M-C,gen9championsvgc2026regmcbo3,0,Volcarona,Rillaboom,73.68
2026-09-30,M-C,gen9championsvgc2026regmcbo3,0,Volcarona,Incineroar,39.569
2026-09-30,M-C,gen9championsvgc2026regmcbo3,0,Volcarona,Garchomp-Mega-Z,31.813
2026-09-30,M-C,gen9championsvgc2026regmcbo3,0,Volcarona,Raichu-Mega-Y,29.941
2026-09-30,M-C,gen9championsvgc2026regmcbo3,0,Volcarona,Gholdengo,26.969
2026-09-30,M-C,gen9championsvgc2026regmcbo3,0,Volcarona,Sneasler,24.464
2026-09-30,M-C,gen9championsvgc2026regmcbo3,0,Volcarona,Salamence-Mega,20.568
2026-09-30,M-C,gen9championsvgc2026regmcbo3,0,Volcarona,Basculegion,19.844
2026-09-30,M-C,gen9championsvgc2026regmcbo3,0,Volcarona,Kingambit,17.207
2026-09-30,M-C,gen9championsvgc2026regmcbo3,0,Volcarona,Floette-Mega,9.749
2026-09-30,M-C,gen9championsvgc2026regmcbo3,0,Garchomp,Charizard-Mega-Y,39.759
2026-09-30,M-C,gen9championsvgc2026regmcbo3,0,Garchomp,Kingambit,34.033
2026-09-30,M-C,gen9championsvgc2026regmcbo3,0,Garchomp,Incineroar,29.272
2026-09-30,M-C,gen9championsvgc2026regmcbo3,0,Garchomp,Rillaboom,23.321
2026-09-30,M-C,gen9championsvgc2026regmcbo3,0,Garchomp,Sylveon,19.92
2026-09-30,M-C,gen9championsvgc2026regmcbo3,0,Garchomp,Sneasler,19.617
2026-09-30,M-C,gen9championsvgc2026regmcbo3,0,Garchomp,Whimsicott,19.398
2026-09-30,M-C,gen9championsvgc2026regmcbo3,0,Garchomp,Farigiraf,17.694
2026-09-30,M-C,gen9championsvgc2026regmcbo3,0,Garchomp,Floette-Mega,16.373
2026-09-30,M-C,gen9championsvgc2026regmcbo3,0,Garchomp,Basculegion,15.882
2026-09-30,M-C,gen9championsvgc2026regmcbo3,0,Staraptor-Mega,Rillaboom,54.85
2026-09-30,M-C,gen9championsvgc2026regmcbo3,0,Staraptor-Mega,Gholdengo,51.251
2026-09-30,M-C,gen9championsvgc2026regmcbo3,0,Staraptor-Mega,Raichu-Mega-Y,50.66
2026-09-30,M-C,gen9championsvgc2026regmcbo3,0,Staraptor-Mega,Arcanine-Hisui,39.289
2026-09-30,M-C,gen9championsvgc2026regmcbo3,0,Staraptor-Mega,Sylveon,32.995
2026-09-30,M-C,gen9championsvgc2026regmcbo3,0,Staraptor-Mega,Milotic,20.639
2026-09-30,M-C,gen9championsvgc2026regmcbo3,0,Staraptor-Mega,Indeedee-F,14.762
2026-09-30,M-C,gen9championsvgc2026regmcbo3,0,Staraptor-Mega,Kingambit,13.373
2026-09-30,M-C,gen9championsvgc2026regmcbo3,0,Staraptor-Mega,Whimsicott,12.942
2026-09-30,M-C,gen9championsvgc2026regmcbo3,0,Staraptor-Mega,Armarouge,9.537
2026-09-30,M-C,gen9championsvgc2026regmcbo3,0,Whimsicott,Basculegion,32.119
2026-09-30,M-C,gen9championsvgc2026regmcbo3,0,Whimsicott,Charizard-Mega-Y,26.356
2026-09-30,M-C,gen9championsvgc2026regmcbo3,0,Whimsicott,Kingambit,24.946
2026-09-30,M-C,gen9championsvgc2026regmcbo3,0,Whimsicott,Incineroar,21.848
2026-09-30,M-C,gen9championsvgc2026regmcbo3,0,Whimsicott,Sneasler,21.3
2026-09-30,M-C,gen9championsvgc2026regmcbo3,0,Whimsicott,Garchomp,20.302
2026-09-30,M-C,gen9championsvgc2026regmcbo3,0,Whimsicott,Indeedee-F,19.938
2026-09-30,M-C,gen9championsvgc2026regmcbo3,0,Whimsicott,Floette-Mega,16.953
2026-09-30,M-C,gen9championsvgc2026regmcbo3,0,Whimsicott,Rillaboom,14.903
2026-09-30,M-C,gen9championsvgc2026regmcbo3,0,Whimsicott,Staraptor-Mega,13.42
2026-09-30,M-C,gen9championsvgc2026regmcbo3,0,Gardevoir-Mega,Indeedee-F,79.42
2026-09-30,M-C,gen9championsvgc2026regmcbo3,0,Gardevoir-Mega,Sneasler,53.286
2026-09-30,M-C,gen9championsvgc2026regmcbo3,0,Gardevoir-Mega,Basculegion,31.681
2026-09-30,M-C,gen9championsvgc2026regmcbo3,0,Gardevoir-Mega,Kingambit,17.42
2026-09-30,M-C,gen9championsvgc2026regmcbo3,0,Gardevoir-Mega,Golisopod-Mega,15.973
2026-09-30,M-C,gen9championsvgc2026regmcbo3,0,Gardevoir-Mega,Incineroar,14.862
2026-09-30,M-C,gen9championsvgc2026regmcbo3,0,Gardevoir-Mega,Pelipper,14.862
2026-09-30,M-C,gen9championsvgc2026regmcbo3,0,Gardevoir-Mega,Armarouge,12.538
2026-09-30,M-C,gen9championsvgc2026regmcbo3,0,Gardevoir-Mega,Whimsicott,12.378
2026-09-30,M-C,gen9championsvgc2026regmcbo3,0,Gardevoir-Mega,Salamence-Mega,11.825
2026-09-30,M-C,gen9championsvgc2026regmcbo3,0,Sinistcha,Incineroar,40.893
2026-09-30,M-C,gen9championsvgc2026regmcbo3,0,Sinistcha,Sneasler,31.055
2026-09-30,M-C,gen9championsvgc2026regmcbo3,0,Sinistcha,Delphox-Mega,28.006
2026-09-30,M-C,gen9championsvgc2026regmcbo3,0,Sinistcha,Kingambit,22.091
2026-09-30,M-C,gen9championsvgc2026regmcbo3,0,Sinistcha,Indeedee-F,15.857
2026-09-30,M-C,gen9championsvgc2026regmcbo3,0,Sinistcha,Golisopod-Mega,15.699
2026-09-30,M-C,gen9championsvgc2026regmcbo3,0,Sinistcha,Floette-Mega,15.129
2026-09-30,M-C,gen9championsvgc2026regmcbo3,0,Sinistcha,Pelipper,14.311
2026-09-30,M-C,gen9championsvgc2026regmcbo3,0,Sinistcha,Archaludon,12.416
2026-09-30,M-C,gen9championsvgc2026regmcbo3,0,Sinistcha,Blastoise-Mega,11.232
2026-09-30,M-C,gen9championsvgc2026regmcbo3,0,Tyranitar-Mega,Excadrill,67.563
2026-09-30,M-C,gen9championsvgc2026regmcbo3,0,Tyranitar-Mega,Salamence-Mega,53.892
2026-09-30,M-C,gen9championsvgc2026regmcbo3,0,Tyranitar-Mega,Sneasler,50.183
2026-09-30,M-C,gen9championsvgc2026regmcbo3,0,Tyranitar-Mega,Indeedee,34.446
2026-09-30,M-C,gen9championsvgc2026regmcbo3,0,Tyranitar-Mega,Rillaboom,28.867
2026-09-30,M-C,gen9championsvgc2026regmcbo3,0,Tyranitar-Mega,Milotic,27.7
2026-09-30,M-C,gen9championsvgc2026regmcbo3,0,Tyranitar-Mega,Gholdengo,25.275
2026-09-30,M-C,gen9championsvgc2026regmcbo3,0,Tyranitar-Mega,Corviknight,23.634
2026-09-30,M-C,gen9championsvgc2026regmcbo3,0,Tyranitar-Mega,Indeedee-F,9.934
2026-09-30,M-C,gen9championsvgc2026regmcbo3,0,Tyranitar-Mega,Volcarona,7.53
2026-09-30,M-C,gen9championsvgc2026regmcbo3,0,Indeedee,Sneasler,74.505
2026-09-30,M-C,gen9championsvgc2026regmcbo3,0,Indeedee,Salamence-Mega,49.435
2026-09-30,M-C,gen9championsvgc2026regmcbo3,0,Indeedee,Excadrill,35.897
2026-09-30,M-C,gen9championsvgc2026regmcbo3,0,Indeedee,Tyranitar-Mega,35.727
2026-09-30,M-C,gen9championsvgc2026regmcbo3,0,Indeedee,Milotic,23.177
2026-09-30,M-C,gen9championsvgc2026regmcbo3,0,Indeedee,Corviknight,22.367
2026-09-30,M-C,gen9championsvgc2026regmcbo3,0,Indeedee,Metagross-Mega,16.368
2026-09-30,M-C,gen9championsvgc2026regmcbo3,0,Indeedee,Arcanine-Hisui,14.019
2026-09-30,M-C,gen9championsvgc2026regmcbo3,0,Indeedee,Kingambit,10.171
2026-09-30,M-C,gen9championsvgc2026regmcbo3,0,Indeedee,Charizard-Mega-Y,9.487
2026-09-30,M-C,gen9championsvgc2026regmcbo3,0,Gengar-Mega,Incineroar,70.919
2026-09-30,M-C,gen9championsvgc2026regmcbo3,0,Gengar-Mega,Rillaboom,68.556
2026-09-30,M-C,gen9championsvgc2026regmcbo3,0,Gengar-Mega,Politoed,45.238
2026-09-30,M-C,gen9championsvgc2026regmcbo3,0,Gengar-Mega,Archaludon,35.798
2026-09-30,M-C,gen9championsvgc2026regmcbo3,0,Gengar-Mega,Kommo-o,15.996
2026-09-30,M-C,gen9championsvgc2026regmcbo3,0,Gengar-Mega,Kingambit,14.389
2026-09-30,M-C,gen9championsvgc2026regmcbo3,0,Gengar-Mega,Vivillon,13.748
2026-09-30,M-C,gen9championsvgc2026regmcbo3,0,Gengar-Mega,Sneasler,13.547
2026-09-30,M-C,gen9championsvgc2026regmcbo3,0,Gengar-Mega,Froslass-Mega,7.651
2026-09-30,M-C,gen9championsvgc2026regmcbo3,0,Gengar-Mega,Indeedee-F,7.407
2026-09-30,M-C,gen9championsvgc2026regmcbo3,0,Excadrill,Tyranitar-Mega,76.41
2026-09-30,M-C,gen9championsvgc2026regmcbo3,0,Excadrill,Salamence-Mega,61.577
2026-09-30,M-C,gen9championsvgc2026regmcbo3,0,Excadrill,Sneasler,51.168
2026-09-30,M-C,gen9championsvgc2026regmcbo3,0,Excadrill,Indeedee,39.141
2026-09-30,M-C,gen9championsvgc2026regmcbo3,0,Excadrill,Milotic,29.283
2026-09-30,M-C,gen9championsvgc2026regmcbo3,0,Excadrill,Rillaboom,26.239
2026-09-30,M-C,gen9championsvgc2026regmcbo3,0,Excadrill,Corviknight,24.805
2026-09-30,M-C,gen9championsvgc2026regmcbo3,0,Excadrill,Gholdengo,23.627
2026-09-30,M-C,gen9championsvgc2026regmcbo3,0,Excadrill,Indeedee-F,9.714
2026-09-30,M-C,gen9championsvgc2026regmcbo3,0,Excadrill,Tyranitar,8.908
2026-09-30,M-C,gen9championsvgc2026regmcbo3,0,Froslass-Mega,Rillaboom,62.164
2026-09-30,M-C,gen9championsvgc2026regmcbo3,0,Froslass-Mega,Sneasler,52.652
2026-09-30,M-C,gen9championsvgc2026regmcbo3,0,Froslass-Mega,Kingambit,47.8
2026-09-30,M-C,gen9championsvgc2026regmcbo3,0,Froslass-Mega,Arcanine-Hisui,25.648
2026-09-30,M-C,gen9championsvgc2026regmcbo3,0,Froslass-Mega,Incineroar,23.74
2026-09-30,M-C,gen9championsvgc2026regmcbo3,0,Froslass-Mega,Basculegion,22.948
2026-09-30,M-C,gen9championsvgc2026regmcbo3,0,Froslass-Mega,Raichu-Mega-Y,16.445
2026-09-30,M-C,gen9championsvgc2026regmcbo3,0,Froslass-Mega,Salamence-Mega,14.395
2026-09-30,M-C,gen9championsvgc2026regmcbo3,0,Froslass-Mega,Volcarona,13.053
2026-09-30,M-C,gen9championsvgc2026regmcbo3,0,Froslass-Mega,Archaludon,9.908
2026-09-30,M-C,gen9championsvgc2026regmcbo3,0,Politoed,Archaludon,59.882
2026-09-30,M-C,gen9championsvgc2026regmcbo3,0,Politoed,Rillaboom,52.597
2026-09-30,M-C,gen9championsvgc2026regmcbo3,0,Politoed,Incineroar,52.092
2026-09-30,M-C,gen9championsvgc2026regmcbo3,0,Politoed,Gengar-Mega,49.771
2026-09-30,M-C,gen9championsvgc2026regmcbo3,0,Politoed,Golisopod-Mega,31.835
2026-09-30,M-C,gen9championsvgc2026regmcbo3,0,Politoed,Farigiraf,22.273
2026-09-30,M-C,gen9championsvgc2026regmcbo3,0,Politoed,Charizard-Mega-Y,15.158
2026-09-30,M-C,gen9championsvgc2026regmcbo3,0,Politoed,Grimmsnarl,14.959
2026-09-30,M-C,gen9championsvgc2026regmcbo3,0,Politoed,Vivillon,13.818
2026-09-30,M-C,gen9championsvgc2026regmcbo3,0,Politoed,Kommo-o,9.025
2026-09-30,M-C,gen9championsvgc2026regmcbo3,0,Metagross-Mega,Sneasler,45.368
2026-09-30,M-C,gen9championsvgc2026regmcbo3,0,Metagross-Mega,Rillaboom,36.851
2026-09-30,M-C,gen9championsvgc2026regmcbo3,0,Metagross-Mega,Milotic,29.248
2026-09-30,M-C,gen9championsvgc2026regmcbo3,0,Metagross-Mega,Incineroar,25.2
2026-09-30,M-C,gen9championsvgc2026regmcbo3,0,Metagross-Mega,Arcanine-Hisui,24.723
2026-09-30,M-C,gen9championsvgc2026regmcbo3,0,Metagross-Mega,Salamence-Mega,24.509
2026-09-30,M-C,gen9championsvgc2026regmcbo3,0,Metagross-Mega,Indeedee-F,22.9
2026-09-30,M-C,gen9championsvgc2026regmcbo3,0,Metagross-Mega,Indeedee,19.983
2026-09-30,M-C,gen9championsvgc2026regmcbo3,0,Metagross-Mega,Volcarona,14.56
2026-09-30,M-C,gen9championsvgc2026regmcbo3,0,Metagross-Mega,Garchomp-Mega-Z,13.895
2026-09-30,M-C,gen9championsvgc2026regmcbo3,0,Grimmsnarl,Archaludon,61.031
2026-09-30,M-C,gen9championsvgc2026regmcbo3,0,Grimmsnarl,Pelipper,47.309
2026-09-30,M-C,gen9championsvgc2026regmcbo3,0,Grimmsnarl,Charizard-Mega-Y,41.586
2026-09-30,M-C,gen9championsvgc2026regmcbo3,0,Grimmsnarl,Golisopod-Mega,38.432
2026-09-30,M-C,gen9championsvgc2026regmcbo3,0,Grimmsnarl,Swampert-Mega,23.883
2026-09-30,M-C,gen9championsvgc2026regmcbo3,0,Grimmsnarl,Venusaur,22.314
2026-09-30,M-C,gen9championsvgc2026regmcbo3,0,Grimmsnarl,Farigiraf,21.712
2026-09-30,M-C,gen9championsvgc2026regmcbo3,0,Grimmsnarl,Politoed,16.531
2026-09-30,M-C,gen9championsvgc2026regmcbo3,0,Grimmsnarl,Rillaboom,13.818
2026-09-30,M-C,gen9championsvgc2026regmcbo3,0,Grimmsnarl,Sinistcha,11.013
2026-09-30,M-C,gen9championsvgc2026regmcbo3,0,Armarouge,Indeedee-F,78.946
2026-09-30,M-C,gen9championsvgc2026regmcbo3,0,Armarouge,Sneasler,36.234
2026-09-30,M-C,gen9championsvgc2026regmcbo3,0,Armarouge,Kingambit,21.062
2026-09-30,M-C,gen9championsvgc2026regmcbo3,0,Armarouge,Golisopod-Mega,20.448
2026-09-30,M-C,gen9championsvgc2026regmcbo3,0,Armarouge,Gardevoir-Mega,20.221
2026-09-30,M-C,gen9championsvgc2026regmcbo3,0,Armarouge,Milotic,16.868
2026-09-30,M-C,gen9championsvgc2026regmcbo3,0,Armarouge,Staraptor-Mega,16.653
2026-09-30,M-C,gen9championsvgc2026regmcbo3,0,Armarouge,Torkoal,16.562
2026-09-30,M-C,gen9championsvgc2026regmcbo3,0,Armarouge,Salamence-Mega,15.315
2026-09-30,M-C,gen9championsvgc2026regmcbo3,0,Armarouge,Dragapult,9.764
2026-09-30,M-C,gen9championsvgc2026regmcbo3,0,Delphox-Mega,Sneasler,51.326
2026-09-30,M-C,gen9championsvgc2026regmcbo3,0,Delphox-Mega,Incineroar,51.034
2026-09-30,M-C,gen9championsvgc2026regmcbo3,0,Delphox-Mega,Sinistcha,45.473
2026-09-30,M-C,gen9championsvgc2026regmcbo3,0,Delphox-Mega,Kingambit,41.736
2026-09-30,M-C,gen9championsvgc2026regmcbo3,0,Delphox-Mega,Rillaboom,27.399
2026-09-30,M-C,gen9championsvgc2026regmcbo3,0,Delphox-Mega,Floette-Mega,21.975
2026-09-30,M-C,gen9championsvgc2026regmcbo3,0,Delphox-Mega,Indeedee-F,18.428
2026-09-30,M-C,gen9championsvgc2026regmcbo3,0,Delphox-Mega,Maushold,17.016
2026-09-30,M-C,gen9championsvgc2026regmcbo3,0,Delphox-Mega,Blastoise-Mega,14.071
2026-09-30,M-C,gen9championsvgc2026regmcbo3,0,Delphox-Mega,Garchomp,11.605
2026-09-30,M-C,gen9championsvgc2026regmcbo3,0,Torkoal,Indeedee-F,50.412
2026-09-30,M-C,gen9championsvgc2026regmcbo3,0,Torkoal,Farigiraf,36.2
2026-09-30,M-C,gen9championsvgc2026regmcbo3,0,Torkoal,Sneasler,23.764
2026-09-30,M-C,gen9championsvgc2026regmcbo3,0,Torkoal,Kingambit,23.174
2026-09-30,M-C,gen9championsvgc2026regmcbo3,0,Torkoal,Gardevoir-Mega,20.208
2026-09-30,M-C,gen9championsvgc2026regmcbo3,0,Torkoal,Armarouge,19.794
2026-09-30,M-C,gen9championsvgc2026regmcbo3,0,Torkoal,Incineroar,19.29
2026-09-30,M-C,gen9championsvgc2026regmcbo3,0,Torkoal,Hatterene,18.981
2026-09-30,M-C,gen9championsvgc2026regmcbo3,0,Torkoal,Golisopod-Mega,13.264
2026-09-30,M-C,gen9championsvgc2026regmcbo3,0,Torkoal,Sylveon,10.728
2026-09-30,M-C,gen9championsvgc2026regmcbo3,0,Kommo-o,Rillaboom,41.794
2026-09-30,M-C,gen9championsvgc2026regmcbo3,0,Kommo-o,Incineroar,39.25
2026-09-30,M-C,gen9championsvgc2026regmcbo3,0,Kommo-o,Kingambit,27.811
2026-09-30,M-C,gen9championsvgc2026regmcbo3,0,Kommo-o,Gengar-Mega,24.464
2026-09-30,M-C,gen9championsvgc2026regmcbo3,0,Kommo-o,Indeedee-F,23.373
2026-09-30,M-C,gen9championsvgc2026regmcbo3,0,Kommo-o,Whimsicott,19.86
2026-09-30,M-C,gen9championsvgc2026regmcbo3,0,Kommo-o,Basculegion,19.491
2026-09-30,M-C,gen9championsvgc2026regmcbo3,0,Kommo-o,Gardevoir-Mega,18.275
2026-09-30,M-C,gen9championsvgc2026regmcbo3,0,Kommo-o,Sneasler,16.644
2026-09-30,M-C,gen9championsvgc2026regmcbo3,0,Kommo-o,Charizard-Mega-Y,14.488
2026-09-30,M-C,gen9championsvgc2026regmcbo3,0,Lucario-Mega-Z,Rillaboom,56.339
2026-09-30,M-C,gen9championsvgc2026regmcbo3,0,Lucario-Mega-Z,Incineroar,43.55
2026-09-30,M-C,gen9championsvgc2026regmcbo3,0,Lucario-Mega-Z,Basculegion,27.993
2026-09-30,M-C,gen9championsvgc2026regmcbo3,0,Lucario-Mega-Z,Salamence-Mega,26.288
2026-09-30,M-C,gen9championsvgc2026regmcbo3,0,Lucario-Mega-Z,Sneasler,19.528
2026-09-30,M-C,gen9championsvgc2026regmcbo3,0,Lucario-Mega-Z,Indeedee-F,14.175
2026-09-30,M-C,gen9championsvgc2026regmcbo3,0,Lucario-Mega-Z,Sylveon,10.316
2026-09-30,M-C,gen9championsvgc2026regmcbo3,0,Lucario-Mega-Z,Kingambit,10.15
2026-09-30,M-C,gen9championsvgc2026regmcbo3,0,Lucario-Mega-Z,Arcanine-Hisui,9.645
2026-09-30,M-C,gen9championsvgc2026regmcbo3,0,Lucario-Mega-Z,Farigiraf,8.525
2026-09-30,M-C,gen9championsvgc2026regmcbo3,0,Dragonite-Mega,Sneasler,58.909
2026-09-30,M-C,gen9championsvgc2026regmcbo3,0,Dragonite-Mega,Rillaboom,56.658
2026-09-30,M-C,gen9championsvgc2026regmcbo3,0,Dragonite-Mega,Incineroar,51.495
2026-09-30,M-C,gen9championsvgc2026regmcbo3,0,Dragonite-Mega,Gholdengo,41.774
2026-09-30,M-C,gen9championsvgc2026regmcbo3,0,Dragonite-Mega,Floette-Mega,36.029
2026-09-30,M-C,gen9championsvgc2026regmcbo3,0,Dragonite-Mega,Basculegion,19.722
2026-09-30,M-C,gen9championsvgc2026regmcbo3,0,Dragonite-Mega,Kingambit,18.496
2026-09-30,M-C,gen9championsvgc2026regmcbo3,0,Dragonite-Mega,Pelipper,10.186
2026-09-30,M-C,gen9championsvgc2026regmcbo3,0,Dragonite-Mega,Farigiraf,9.979
2026-09-30,M-C,gen9championsvgc2026regmcbo3,0,Dragonite-Mega,Raichu-Mega-Y,8.159
2026-09-30,M-C,gen9championsvgc2026regmcbo3,0,Swampert-Mega,Pelipper,73.651
2026-09-30,M-C,gen9championsvgc2026regmcbo3,0,Swampert-Mega,Archaludon,68.767
2026-09-30,M-C,gen9championsvgc2026regmcbo3,0,Swampert-Mega,Grimmsnarl,32.804
2026-09-30,M-C,gen9championsvgc2026regmcbo3,0,Swampert-Mega,Golisopod-Mega,29.177
2026-09-30,M-C,gen9championsvgc2026regmcbo3,0,Swampert-Mega,Rillaboom,19.393
2026-09-30,M-C,gen9championsvgc2026regmcbo3,0,Swampert-Mega,Charizard-Mega-Y,17.888
2026-09-30,M-C,gen9championsvgc2026regmcbo3,0,Swampert-Mega,Venusaur,16.68
2026-09-30,M-C,gen9championsvgc2026regmcbo3,0,Swampert-Mega,Incineroar,16.295
2026-09-30,M-C,gen9championsvgc2026regmcbo3,0,Swampert-Mega,Sneasler,14.492
2026-09-30,M-C,gen9championsvgc2026regmcbo3,0,Swampert-Mega,Farigiraf,14.398
2026-09-30,M-C,gen9championsvgc2026regmcbo3,0,Primarina,Rillaboom,56.428
2026-09-30,M-C,gen9championsvgc2026regmcbo3,0,Primarina,Incineroar,28.623
2026-09-30,M-C,gen9championsvgc2026regmcbo3,0,Primarina,Raichu-Mega-Y,26.52
2026-09-30,M-C,gen9championsvgc2026regmcbo3,0,Primarina,Salamence-Mega,25.149
2026-09-30,M-C,gen9championsvgc2026regmcbo3,0,Primarina,Gholdengo,24.689
2026-09-30,M-C,gen9championsvgc2026regmcbo3,0,Primarina,Sneasler,21.732
2026-09-30,M-C,gen9championsvgc2026regmcbo3,0,Primarina,Arcanine-Hisui,17.189
2026-09-30,M-C,gen9championsvgc2026regmcbo3,0,Primarina,Farigiraf,16.688
2026-09-30,M-C,gen9championsvgc2026regmcbo3,0,Primarina,Kingambit,15.034
2026-09-30,M-C,gen9championsvgc2026regmcbo3,0,Primarina,Golisopod-Mega,11.605
2026-09-30,M-C,gen9championsvgc2026regmcbo3,0,Venusaur,Charizard-Mega-Y,80.148
2026-09-30,M-C,gen9championsvgc2026regmcbo3,0,Venusaur,Archaludon,39.813
2026-09-30,M-C,gen9championsvgc2026regmcbo3,0,Venusaur,Pelipper,39.182
2026-09-30,M-C,gen9championsvgc2026regmcbo3,0,Venusaur,Grimmsnarl,35.802
2026-09-30,M-C,gen9championsvgc2026regmcbo3,0,Venusaur,Incineroar,21.597
2026-09-30,M-C,gen9championsvgc2026regmcbo3,0,Venusaur,Swampert-Mega,19.485
2026-09-30,M-C,gen9championsvgc2026regmcbo3,0,Venusaur,Garchomp,18.094
2026-09-30,M-C,gen9championsvgc2026regmcbo3,0,Venusaur,Indeedee-F,14.977
2026-09-30,M-C,gen9championsvgc2026regmcbo3,0,Venusaur,Sneasler,13.799
2026-09-30,M-C,gen9championsvgc2026regmcbo3,0,Venusaur,Sylveon,13.612
2026-09-30,M-C,gen9championsvgc2026regmcbo3,0,Annihilape,Rillaboom,31.927
2026-09-30,M-C,gen9championsvgc2026regmcbo3,0,Annihilape,Incineroar,27.624
2026-09-30,M-C,gen9championsvgc2026regmcbo3,0,Annihilape,Indeedee-F,19.268
2026-09-30,M-C,gen9championsvgc2026regmcbo3,0,Annihilape,Salamence-Mega,15.412
2026-09-30,M-C,gen9championsvgc2026regmcbo3,0,Annihilape,Maushold,14.19
2026-09-30,M-C,gen9championsvgc2026regmcbo3,0,Annihilape,Golisopod-Mega,12.988
2026-09-30,M-C,gen9championsvgc2026regmcbo3,0,Annihilape,Gholdengo,11.884
2026-09-30,M-C,gen9championsvgc2026regmcbo3,0,Annihilape,Sinistcha,11.51
2026-09-30,M-C,gen9championsvgc2026regmcbo3,0,Annihilape,Delphox-Mega,11.444
2026-09-30,M-C,gen9championsvgc2026regmcbo3,0,Annihilape,Sneasler,11.214
2026-09-30,M-C,gen9championsvgc2026regmcbo3,0,Baxcalibur-Mega,Rillaboom,48.529
2026-09-30,M-C,gen9championsvgc2026regmcbo3,0,Baxcalibur-Mega,Sneasler,43.418
2026-09-30,M-C,gen9championsvgc2026regmcbo3,0,Baxcalibur-Mega,Incineroar,33.886
2026-09-30,M-C,gen9championsvgc2026regmcbo3,0,Baxcalibur-Mega,Ninetales-Alola,24.48
2026-09-30,M-C,gen9championsvgc2026regmcbo3,0,Baxcalibur-Mega,Basculegion,20.001
2026-09-30,M-C,gen9championsvgc2026regmcbo3,0,Baxcalibur-Mega,Kingambit,18.059
2026-09-30,M-C,gen9championsvgc2026regmcbo3,0,Baxcalibur-Mega,Gholdengo,16.636
2026-09-30,M-C,gen9championsvgc2026regmcbo3,0,Baxcalibur-Mega,Milotic,15.498
2026-09-30,M-C,gen9championsvgc2026regmcbo3,0,Baxcalibur-Mega,Volcarona,14.985
2026-09-30,M-C,gen9championsvgc2026regmcbo3,0,Baxcalibur-Mega,Indeedee-F,10.728
2026-09-30,M-C,gen9championsvgc2026regmcbo3,0,Ninetales-Alola,Rillaboom,46.618
2026-09-30,M-C,gen9championsvgc2026regmcbo3,0,Ninetales-Alola,Incineroar,36.45
2026-09-30,M-C,gen9championsvgc2026regmcbo3,0,Ninetales-Alola,Sneasler,30.34
2026-09-30,M-C,gen9championsvgc2026regmcbo3,0,Ninetales-Alola,Baxcalibur-Mega,26.127
2026-09-30,M-C,gen9championsvgc2026regmcbo3,0,Ninetales-Alola,Kingambit,18.613
2026-09-30,M-C,gen9championsvgc2026regmcbo3,0,Ninetales-Alola,Gholdengo,15.325
2026-09-30,M-C,gen9championsvgc2026regmcbo3,0,Ninetales-Alola,Salamence-Mega,14.346
2026-09-30,M-C,gen9championsvgc2026regmcbo3,0,Ninetales-Alola,Basculegion,12.989
2026-09-30,M-C,gen9championsvgc2026regmcbo3,0,Ninetales-Alola,Raichu-Mega-Y,11.126
2026-09-30,M-C,gen9championsvgc2026regmcbo3,0,Ninetales-Alola,Gengar-Mega,10.194
2026-09-30,M-C,gen9championsvgc2026regmcbo3,0,Corviknight,Sneasler,58.124
2026-09-30,M-C,gen9championsvgc2026regmcbo3,0,Corviknight,Tyranitar-Mega,55.457
2026-09-30,M-C,gen9championsvgc2026regmcbo3,0,Corviknight,Excadrill,51.466
2026-09-30,M-C,gen9championsvgc2026regmcbo3,0,Corviknight,Indeedee,50.602
2026-09-30,M-C,gen9championsvgc2026regmcbo3,0,Corviknight,Salamence-Mega,45.4
2026-09-30,M-C,gen9championsvgc2026regmcbo3,0,Corviknight,Indeedee-F,11.031
2026-09-30,M-C,gen9championsvgc2026regmcbo3,0,Corviknight,Rillaboom,8.622
2026-09-30,M-C,gen9championsvgc2026regmcbo3,0,Corviknight,Incineroar,8.127
2026-09-30,M-C,gen9championsvgc2026regmcbo3,0,Corviknight,Garchomp,6.512
2026-09-30,M-C,gen9championsvgc2026regmcbo3,0,Corviknight,Gardevoir-Mega,5.954
2026-09-30,M-C,gen9championsvgc2026regmcbo3,0,Glimmora-Mega,Rillaboom,47.628
2026-09-30,M-C,gen9championsvgc2026regmcbo3,0,Glimmora-Mega,Kingambit,36.67
2026-09-30,M-C,gen9championsvgc2026regmcbo3,0,Glimmora-Mega,Basculegion,33.608
2026-09-30,M-C,gen9championsvgc2026regmcbo3,0,Glimmora-Mega,Volcarona,32.34
2026-09-30,M-C,gen9championsvgc2026regmcbo3,0,Glimmora-Mega,Salamence-Mega,21.827
2026-09-30,M-C,gen9championsvgc2026regmcbo3,0,Glimmora-Mega,Whimsicott,21.612
2026-09-30,M-C,gen9championsvgc2026regmcbo3,0,Glimmora-Mega,Incineroar,20.67
2026-09-30,M-C,gen9championsvgc2026regmcbo3,0,Glimmora-Mega,Farigiraf,12.678
2026-09-30,M-C,gen9championsvgc2026regmcbo3,0,Glimmora-Mega,Sneasler,11.87
2026-09-30,M-C,gen9championsvgc2026regmcbo3,0,Glimmora-Mega,Garchomp,11.299
2026-09-30,M-C,gen9championsvgc2026regmcbo3,0,Pawmot,Rillaboom,35.308
2026-09-30,M-C,gen9championsvgc2026regmcbo3,0,Pawmot,Incineroar,28.684
2026-09-30,M-C,gen9championsvgc2026regmcbo3,0,Pawmot,Kingambit,22.121
2026-09-30,M-C,gen9championsvgc2026regmcbo3,0,Pawmot,Golisopod-Mega,21.225
2026-09-30,M-C,gen9championsvgc2026regmcbo3,0,Pawmot,Farigiraf,19.457
2026-09-30,M-C,gen9championsvgc2026regmcbo3,0,Pawmot,Basculegion,19.366
2026-09-30,M-C,gen9championsvgc2026regmcbo3,0,Pawmot,Salamence-Mega,17.914
2026-09-30,M-C,gen9championsvgc2026regmcbo3,0,Pawmot,Indeedee-F,14.226
2026-09-30,M-C,gen9championsvgc2026regmcbo3,0,Pawmot,Froslass-Mega,11.614
2026-09-30,M-C,gen9championsvgc2026regmcbo3,0,Pawmot,Gholdengo,10.56
2026-09-30,M-C,gen9championsvgc2026regmcbo3,0,Hatterene,Indeedee-F,75.385
2026-09-30,M-C,gen9championsvgc2026regmcbo3,0,Hatterene,Camerupt-Mega,34.523
2026-09-30,M-C,gen9championsvgc2026regmcbo3,0,Hatterene,Farigiraf,33.997
2026-09-30,M-C,gen9championsvgc2026regmcbo3,0,Hatterene,Kingambit,30.729
2026-09-30,M-C,gen9championsvgc2026regmcbo3,0,Hatterene,Torkoal,29.956
2026-09-30,M-C,gen9championsvgc2026regmcbo3,0,Hatterene,Incineroar,29.873
2026-09-30,M-C,gen9championsvgc2026regmcbo3,0,Hatterene,Golisopod-Mega,23.286
2026-09-30,M-C,gen9championsvgc2026regmcbo3,0,Hatterene,Armarouge,12.905
2026-09-30,M-C,gen9championsvgc2026regmcbo3,0,Hatterene,Gallade,10.877
2026-09-30,M-C,gen9championsvgc2026regmcbo3,0,Hatterene,Sneasler,9.765
2026-09-30,M-C,gen9championsvgc2026regmcbo3,0,Maushold,Incineroar,34.675
2026-09-30,M-C,gen9championsvgc2026regmcbo3,0,Maushold,Delphox-Mega,29.685
2026-09-30,M-C,gen9championsvgc2026regmcbo3,0,Maushold,Sinistcha,28.812
2026-09-30,M-C,gen9championsvgc2026regmcbo3,0,Maushold,Rillaboom,27.059
2026-09-30,M-C,gen9championsvgc2026regmcbo3,0,Maushold,Sneasler,25.189
2026-09-30,M-C,gen9championsvgc2026regmcbo3,0,Maushold,Indeedee-F,18.539
2026-09-30,M-C,gen9championsvgc2026regmcbo3,0,Maushold,Annihilape,16.685
2026-09-30,M-C,gen9championsvgc2026regmcbo3,0,Maushold,Blastoise-Mega,14.808
2026-09-30,M-C,gen9championsvgc2026regmcbo3,0,Maushold,Aegislash,10.613
2026-09-30,M-C,gen9championsvgc2026regmcbo3,0,Maushold,Salamence-Mega,8.953
2026-09-30,M-C,gen9championsvgc2026regmcbo3,0,Aerodactyl-Mega,Kingambit,51.926
2026-09-30,M-C,gen9championsvgc2026regmcbo3,0,Aerodactyl-Mega,Sylveon,46.928
2026-09-30,M-C,gen9championsvgc2026regmcbo3,0,Aerodactyl-Mega,Charizard-Mega-Y,46.69
2026-09-30,M-C,gen9championsvgc2026regmcbo3,0,Aerodactyl-Mega,Garchomp,42.705
2026-09-30,M-C,gen9championsvgc2026regmcbo3,0,Aerodactyl-Mega,Farigiraf,40.917
2026-09-30,M-C,gen9championsvgc2026regmcbo3,0,Aerodactyl-Mega,Rillaboom,30.645
2026-09-30,M-C,gen9championsvgc2026regmcbo3,0,Aerodactyl-Mega,Incineroar,25.465
2026-09-30,M-C,gen9championsvgc2026regmcbo3,0,Aerodactyl-Mega,Sneasler,19.035
2026-09-30,M-C,gen9championsvgc2026regmcbo3,0,Aerodactyl-Mega,Gholdengo,10.811
2026-09-30,M-C,gen9championsvgc2026regmcbo3,0,Aerodactyl-Mega,Basculegion,9.11
2026-09-30,M-C,gen9championsvgc2026regmcbo3,0,Ceruledge,Rillaboom,61.256
2026-09-30,M-C,gen9championsvgc2026regmcbo3,0,Ceruledge,Raichu-Mega-Y,45.096
2026-09-30,M-C,gen9championsvgc2026regmcbo3,0,Ceruledge,Milotic,44.81
2026-09-30,M-C,gen9championsvgc2026regmcbo3,0,Ceruledge,Gholdengo,35.532
2026-09-30,M-C,gen9championsvgc2026regmcbo3,0,Ceruledge,Staraptor-Mega,29.523
2026-09-30,M-C,gen9championsvgc2026regmcbo3,0,Ceruledge,Sneasler,20.734
2026-09-30,M-C,gen9championsvgc2026regmcbo3,0,Ceruledge,Salamence-Mega,18.63
2026-09-30,M-C,gen9championsvgc2026regmcbo3,0,Ceruledge,Kingambit,14.195
2026-09-30,M-C,gen9championsvgc2026regmcbo3,0,Ceruledge,Indeedee-F,11.765
2026-09-30,M-C,gen9championsvgc2026regmcbo3,0,Ceruledge,Gardevoir-Mega,9.49
2026-09-30,M-C,gen9championsvgc2026regmcbo3,0,Camerupt-Mega,Farigiraf,59.741
2026-09-30,M-C,gen9championsvgc2026regmcbo3,0,Camerupt-Mega,Indeedee-F,55.884
2026-09-30,M-C,gen9championsvgc2026regmcbo3,0,Camerupt-Mega,Kingambit,40.392
2026-09-30,M-C,gen9championsvgc2026regmcbo3,0,Camerupt-Mega,Hatterene,38.198
2026-09-30,M-C,gen9championsvgc2026regmcbo3,0,Camerupt-Mega,Incineroar,36.154
2026-09-30,M-C,gen9championsvgc2026regmcbo3,0,Camerupt-Mega,Rillaboom,16.182
2026-09-30,M-C,gen9championsvgc2026regmcbo3,0,Camerupt-Mega,Sylveon,11.087
2026-09-30,M-C,gen9championsvgc2026regmcbo3,0,Camerupt-Mega,Gallade,10.805
2026-09-30,M-C,gen9championsvgc2026regmcbo3,0,Camerupt-Mega,Golisopod-Mega,10.68
2026-09-30,M-C,gen9championsvgc2026regmcbo3,0,Camerupt-Mega,Armarouge,10.264
2026-09-30,M-C,gen9championsvgc2026regmcbo3,0,Dragapult,Indeedee-F,42.359
2026-09-30,M-C,gen9championsvgc2026regmcbo3,0,Dragapult,Milotic,31.262
2026-09-30,M-C,gen9championsvgc2026regmcbo3,0,Dragapult,Staraptor-Mega,24.257
2026-09-30,M-C,gen9championsvgc2026regmcbo3,0,Dragapult,Rillaboom,21.583
2026-09-30,M-C,gen9championsvgc2026regmcbo3,0,Dragapult,Armarouge,20.818
2026-09-30,M-C,gen9championsvgc2026regmcbo3,0,Dragapult,Sneasler,20.768
2026-09-30,M-C,gen9championsvgc2026regmcbo3,0,Dragapult,Metagross-Mega,14.587
2026-09-30,M-C,gen9championsvgc2026regmcbo3,0,Dragapult,Arcanine-Hisui,13.338
2026-09-30,M-C,gen9championsvgc2026regmcbo3,0,Dragapult,Kingambit,12.761
2026-09-30,M-C,gen9championsvgc2026regmcbo3,0,Dragapult,Incineroar,12.455
2026-09-30,M-C,gen9championsvgc2026regmcbo3,0,Blastoise-Mega,Indeedee-F,50.918
2026-09-30,M-C,gen9championsvgc2026regmcbo3,0,Blastoise-Mega,Sneasler,46.275
2026-09-30,M-C,gen9championsvgc2026regmcbo3,0,Blastoise-Mega,Incineroar,38.597
2026-09-30,M-C,gen9championsvgc2026regmcbo3,0,Blastoise-Mega,Sinistcha,36.355
2026-09-30,M-C,gen9championsvgc2026regmcbo3,0,Blastoise-Mega,Delphox-Mega,28.049
2026-09-30,M-C,gen9championsvgc2026regmcbo3,0,Blastoise-Mega,Rillaboom,27.785
2026-09-30,M-C,gen9championsvgc2026regmcbo3,0,Blastoise-Mega,Maushold,16.92
2026-09-30,M-C,gen9championsvgc2026regmcbo3,0,Blastoise-Mega,Kingambit,16.84
2026-09-30,M-C,gen9championsvgc2026regmcbo3,0,Blastoise-Mega,Farigiraf,13.071
2026-09-30,M-C,gen9championsvgc2026regmcbo3,0,Blastoise-Mega,Pelipper,10.644
2026-09-30,M-C,gen9championsvgc2026regmcbo3,0,Talonflame,Sneasler,32.504
2026-09-30,M-C,gen9championsvgc2026regmcbo3,0,Talonflame,Indeedee-F,25.592
2026-09-30,M-C,gen9championsvgc2026regmcbo3,0,Talonflame,Basculegion,22.879
2026-09-30,M-C,gen9championsvgc2026regmcbo3,0,Talonflame,Gardevoir-Mega,22.033
2026-09-30,M-C,gen9championsvgc2026regmcbo3,0,Talonflame,Rillaboom,21.286
2026-09-30,M-C,gen9championsvgc2026regmcbo3,0,Talonflame,Kingambit,20.155
2026-09-30,M-C,gen9championsvgc2026regmcbo3,0,Talonflame,Garchomp,12.486
2026-09-30,M-C,gen9championsvgc2026regmcbo3,0,Talonflame,Glimmora-Mega,11.267
2026-09-30,M-C,gen9championsvgc2026regmcbo3,0,Talonflame,Froslass-Mega,10.923
2026-09-30,M-C,gen9championsvgc2026regmcbo3,0,Talonflame,Gholdengo,10.353
2026-09-30,M-C,gen9championsvgc2026regmcbo3,0,Absol-Mega-Z,Sneasler,36.824
2026-09-30,M-C,gen9championsvgc2026regmcbo3,0,Absol-Mega-Z,Rillaboom,31.485
2026-09-30,M-C,gen9championsvgc2026regmcbo3,0,Absol-Mega-Z,Incineroar,22.401
2026-09-30,M-C,gen9championsvgc2026regmcbo3,0,Absol-Mega-Z,Indeedee-F,22.121
2026-09-30,M-C,gen9championsvgc2026regmcbo3,0,Absol-Mega-Z,Whimsicott,13.499
2026-09-30,M-C,gen9championsvgc2026regmcbo3,0,Absol-Mega-Z,Gholdengo,11.407
2026-09-30,M-C,gen9championsvgc2026regmcbo3,0,Absol-Mega-Z,Farigiraf,10.969
2026-09-30,M-C,gen9championsvgc2026regmcbo3,0,Absol-Mega-Z,Milotic,10.361
2026-09-30,M-C,gen9championsvgc2026regmcbo3,0,Absol-Mega-Z,Salamence-Mega,10.349
2026-09-30,M-C,gen9championsvgc2026regmcbo3,0,Absol-Mega-Z,Armarouge,8.428
2026-09-30,M-C,gen9championsvgc2026regmcbo3,0,Tyranitar,Salamence-Mega,37.734
2026-09-30,M-C,gen9championsvgc2026regmcbo3,0,Tyranitar,Excadrill,34.017
2026-09-30,M-C,gen9championsvgc2026regmcbo3,0,Tyranitar,Sneasler,32.761
2026-09-30,M-C,gen9championsvgc2026regmcbo3,0,Tyranitar,Rillaboom,23.122
2026-09-30,M-C,gen9championsvgc2026regmcbo3,0,Tyranitar,Indeedee-F,18.79
2026-09-30,M-C,gen9championsvgc2026regmcbo3,0,Tyranitar,Milotic,15.599
2026-09-30,M-C,gen9championsvgc2026regmcbo3,0,Tyranitar,Gholdengo,14.201
2026-09-30,M-C,gen9championsvgc2026regmcbo3,0,Tyranitar,Farigiraf,13.612
2026-09-30,M-C,gen9championsvgc2026regmcbo3,0,Tyranitar,Indeedee,12.779
2026-09-30,M-C,gen9championsvgc2026regmcbo3,0,Tyranitar,Incineroar,11.536
2026-09-30,M-C,gen9championsvgc2026regmcbo3,0,Glimmora,Rillaboom,42.405
2026-09-30,M-C,gen9championsvgc2026regmcbo3,0,Glimmora,Kingambit,27.186
2026-09-30,M-C,gen9championsvgc2026regmcbo3,0,Glimmora,Salamence-Mega,24.06
2026-09-30,M-C,gen9championsvgc2026regmcbo3,0,Glimmora,Incineroar,23.124
2026-09-30,M-C,gen9championsvgc2026regmcbo3,0,Glimmora,Staraptor-Mega,18.166
2026-09-30,M-C,gen9championsvgc2026regmcbo3,0,Glimmora,Whimsicott,17.642
2026-09-30,M-C,gen9championsvgc2026regmcbo3,0,Glimmora,Indeedee-F,16.031
2026-09-30,M-C,gen9championsvgc2026regmcbo3,0,Glimmora,Volcarona,13.827
2026-09-30,M-C,gen9championsvgc2026regmcbo3,0,Glimmora,Farigiraf,12.726
2026-09-30,M-C,gen9championsvgc2026regmcbo3,0,Glimmora,Basculegion,12.67
2026-09-30,M-C,gen9championsvgc2026regmcbo3,0,Vivillon,Incineroar,63.403
2026-09-30,M-C,gen9championsvgc2026regmcbo3,0,Vivillon,Rillaboom,61.128
2026-09-30,M-C,gen9championsvgc2026regmcbo3,0,Vivillon,Gengar-Mega,58.853
2026-09-30,M-C,gen9championsvgc2026regmcbo3,0,Vivillon,Politoed,53.766
2026-09-30,M-C,gen9championsvgc2026regmcbo3,0,Vivillon,Archaludon,43.394
2026-09-30,M-C,gen9championsvgc2026regmcbo3,0,Vivillon,Farigiraf,12.887
2026-09-30,M-C,gen9championsvgc2026regmcbo3,0,Vivillon,Kommo-o,11.46
2026-09-30,M-C,gen9championsvgc2026regmcbo3,0,Vivillon,Kingambit,9.948
2026-09-30,M-C,gen9championsvgc2026regmcbo3,0,Vivillon,Camerupt-Mega,8.139
2026-09-30,M-C,gen9championsvgc2026regmcbo3,0,Vivillon,Indeedee-F,7.517
2026-09-30,M-C,gen9championsvgc2026regmcbo3,0,Aegislash,Incineroar,39.342
2026-09-30,M-C,gen9championsvgc2026regmcbo3,0,Aegislash,Rillaboom,23.302
2026-09-30,M-C,gen9championsvgc2026regmcbo3,0,Aegislash,Sinistcha,23.102
2026-09-30,M-C,gen9championsvgc2026regmcbo3,0,Aegislash,Annihilape,21.844
2026-09-30,M-C,gen9championsvgc2026regmcbo3,0,Aegislash,Delphox-Mega,20.343
2026-09-30,M-C,gen9championsvgc2026regmcbo3,0,Aegislash,Maushold,19.643
2026-09-30,M-C,gen9championsvgc2026regmcbo3,0,Aegislash,Salamence-Mega,12.995
2026-09-30,M-C,gen9championsvgc2026regmcbo3,0,Aegislash,Sneasler,12.352
2026-09-30,M-C,gen9championsvgc2026regmcbo3,0,Aegislash,Garchomp-Mega-Z,10.593
2026-09-30,M-C,gen9championsvgc2026regmcbo3,0,Aegislash,Charizard-Mega-Y,10.093
2026-09-30,M-C,gen9championsvgc2026regmcbo3,0,Hydreigon,Rillaboom,29.455
2026-09-30,M-C,gen9championsvgc2026regmcbo3,0,Hydreigon,Sneasler,25.287
2026-09-30,M-C,gen9championsvgc2026regmcbo3,0,Hydreigon,Indeedee-F,22.165
2026-09-30,M-C,gen9championsvgc2026regmcbo3,0,Hydreigon,Metagross-Mega,17.938
2026-09-30,M-C,gen9championsvgc2026regmcbo3,0,Hydreigon,Incineroar,16.804
2026-09-30,M-C,gen9championsvgc2026regmcbo3,0,Hydreigon,Charizard-Mega-Y,15.096
2026-09-30,M-C,gen9championsvgc2026regmcbo3,0,Hydreigon,Raichu-Mega-Y,12.121
2026-09-30,M-C,gen9championsvgc2026regmcbo3,0,Hydreigon,Milotic,11.384
2026-09-30,M-C,gen9championsvgc2026regmcbo3,0,Hydreigon,Whimsicott,11.252
2026-09-30,M-C,gen9championsvgc2026regmcbo3,0,Hydreigon,Golisopod-Mega,11.222
2026-09-30,M-C,gen9championsvgc2026regmcbo3,0,Toxapex,Incineroar,49.163
2026-09-30,M-C,gen9championsvgc2026regmcbo3,0,Toxapex,Charizard-Mega-Y,33.518
2026-09-30,M-C,gen9championsvgc2026regmcbo3,0,Toxapex,Rillaboom,31.829
2026-09-30,M-C,gen9championsvgc2026regmcbo3,0,Toxapex,Garchomp,28.927
2026-09-30,M-C,gen9championsvgc2026regmcbo3,0,Toxapex,Sylveon,18.809
2026-09-30,M-C,gen9championsvgc2026regmcbo3,0,Toxapex,Venusaur,18.578
2026-09-30,M-C,gen9championsvgc2026regmcbo3,0,Toxapex,Kingambit,15.799
2026-09-30,M-C,gen9championsvgc2026regmcbo3,0,Toxapex,Salamence-Mega,13.588
2026-09-30,M-C,gen9championsvgc2026regmcbo3,0,Toxapex,Sneasler,12.467
2026-09-30,M-C,gen9championsvgc2026regmcbo3,0,Toxapex,Floette-Mega,9.55
2026-09-30,M-C,gen9championsvgc2026regmcbo3,0,Blaziken-Mega,Rillaboom,46.318
2026-09-30,M-C,gen9championsvgc2026regmcbo3,0,Blaziken-Mega,Kingambit,44.851
2026-09-30,M-C,gen9championsvgc2026regmcbo3,0,Blaziken-Mega,Basculegion,18.988
2026-09-30,M-C,gen9championsvgc2026regmcbo3,0,Blaziken-Mega,Indeedee-F,18.546
2026-09-30,M-C,gen9championsvgc2026regmcbo3,0,Blaziken-Mega,Farigiraf,18.388
2026-09-30,M-C,gen9championsvgc2026regmcbo3,0,Blaziken-Mega,Sneasler,16.354
2026-09-30,M-C,gen9championsvgc2026regmcbo3,0,Blaziken-Mega,Salamence-Mega,16.196
2026-09-30,M-C,gen9championsvgc2026regmcbo3,0,Blaziken-Mega,Milotic,16.023
2026-09-30,M-C,gen9championsvgc2026regmcbo3,0,Blaziken-Mega,Gholdengo,14.998
2026-09-30,M-C,gen9championsvgc2026regmcbo3,0,Blaziken-Mega,Torkoal,13.389
2026-09-30,M-C,gen9championsvgc2026regmcbo3,0,Sableye,Archaludon,30.462
2026-09-30,M-C,gen9championsvgc2026regmcbo3,0,Sableye,Golisopod-Mega,26.108
2026-09-30,M-C,gen9championsvgc2026regmcbo3,0,Sableye,Pelipper,24.763
2026-09-30,M-C,gen9championsvgc2026regmcbo3,0,Sableye,Rillaboom,21.754
2026-09-30,M-C,gen9championsvgc2026regmcbo3,0,Sableye,Sneasler,14.36
2026-09-30,M-C,gen9championsvgc2026regmcbo3,0,Sableye,Incineroar,13.205
2026-09-30,M-C,gen9championsvgc2026regmcbo3,0,Sableye,Sinistcha,13.173
2026-09-30,M-C,gen9championsvgc2026regmcbo3,0,Sableye,Kingambit,11.985
2026-09-30,M-C,gen9championsvgc2026regmcbo3,0,Sableye,Basculegion,11.922
2026-09-30,M-C,gen9championsvgc2026regmcbo3,0,Sableye,Swampert-Mega,9.769
2026-09-30,M-C,gen9championsvgc2026regmcbo3,0,Aerodactyl,Rillaboom,29.519
2026-09-30,M-C,gen9championsvgc2026regmcbo3,0,Aerodactyl,Incineroar,26.515
2026-09-30,M-C,gen9championsvgc2026regmcbo3,0,Aerodactyl,Charizard-Mega-Y,24.206
2026-09-30,M-C,gen9championsvgc2026regmcbo3,0,Aerodactyl,Sneasler,23.32
2026-09-30,M-C,gen9championsvgc2026regmcbo3,0,Aerodactyl,Indeedee-F,20.368
2026-09-30,M-C,gen9championsvgc2026regmcbo3,0,Aerodactyl,Kingambit,19.934
2026-09-30,M-C,gen9championsvgc2026regmcbo3,0,Aerodactyl,Garchomp,19.031
2026-09-30,M-C,gen9championsvgc2026regmcbo3,0,Aerodactyl,Basculegion,15.02
2026-09-30,M-C,gen9championsvgc2026regmcbo3,0,Aerodactyl,Sylveon,14.377
2026-09-30,M-C,gen9championsvgc2026regmcbo3,0,Aerodactyl,Gardevoir-Mega,13.127
2026-09-30,M-C,gen9championsvgc2026regmcbo3,0,Mawile-Mega,Farigiraf,52.359
2026-09-30,M-C,gen9championsvgc2026regmcbo3,0,Mawile-Mega,Indeedee-F,26.644
2026-09-30,M-C,gen9championsvgc2026regmcbo3,0,Mawile-Mega,Incineroar,26.43
2026-09-30,M-C,gen9championsvgc2026regmcbo3,0,Mawile-Mega,Rillaboom,23.302
2026-09-30,M-C,gen9championsvgc2026regmcbo3,0,Mawile-Mega,Torkoal,22.32
2026-09-30,M-C,gen9championsvgc2026regmcbo3,0,Mawile-Mega,Sneasler,16.905
2026-09-30,M-C,gen9championsvgc2026regmcbo3,0,Mawile-Mega,Salamence-Mega,13.849
2026-09-30,M-C,gen9championsvgc2026regmcbo3,0,Mawile-Mega,Armarouge,11.026
2026-09-30,M-C,gen9championsvgc2026regmcbo3,0,Mawile-Mega,Hatterene,10.99
2026-09-30,M-C,gen9championsvgc2026regmcbo3,0,Mawile-Mega,Basculegion,10.936
2026-09-30,M-C,gen9championsvgc2026regmcbo3,0,Rotom-Wash,Incineroar,25.794
2026-09-30,M-C,gen9championsvgc2026regmcbo3,0,Rotom-Wash,Sneasler,21.602
2026-09-30,M-C,gen9championsvgc2026regmcbo3,0,Rotom-Wash,Rillaboom,18.73
2026-09-30,M-C,gen9championsvgc2026regmcbo3,0,Rotom-Wash,Salamence-Mega,16.465
2026-09-30,M-C,gen9championsvgc2026regmcbo3,0,Rotom-Wash,Garchomp,15.323
2026-09-30,M-C,gen9championsvgc2026regmcbo3,0,Rotom-Wash,Kingambit,14.645
2026-09-30,M-C,gen9championsvgc2026regmcbo3,0,Rotom-Wash,Tyranitar-Mega,12.772
2026-09-30,M-C,gen9championsvgc2026regmcbo3,0,Rotom-Wash,Indeedee-F,12.719
2026-09-30,M-C,gen9championsvgc2026regmcbo3,0,Rotom-Wash,Sinistcha,12.201
2026-09-30,M-C,gen9championsvgc2026regmcbo3,0,Rotom-Wash,Whimsicott,9.258
2026-09-30,M-C,gen9championsvgc2026regmcbo3,0,Scovillain-Mega,Sneasler,44.279
2026-09-30,M-C,gen9championsvgc2026regmcbo3,0,Scovillain-Mega,Kingambit,38.539
2026-09-30,M-C,gen9championsvgc2026regmcbo3,0,Scovillain-Mega,Basculegion,34.327
2026-09-30,M-C,gen9championsvgc2026regmcbo3,0,Scovillain-Mega,Froslass-Mega,27.656
2026-09-30,M-C,gen9championsvgc2026regmcbo3,0,Scovillain-Mega,Rillaboom,21.226
2026-09-30,M-C,gen9championsvgc2026regmcbo3,0,Scovillain-Mega,Lycanroc-Dusk,19.754
2026-09-30,M-C,gen9championsvgc2026regmcbo3,0,Scovillain-Mega,Incineroar,15.822
2026-09-30,M-C,gen9championsvgc2026regmcbo3,0,Scovillain-Mega,Archaludon,12.971
2026-09-30,M-C,gen9championsvgc2026regmcbo3,0,Scovillain-Mega,Salamence-Mega,11.517
2026-09-30,M-C,gen9championsvgc2026regmcbo3,0,Scovillain-Mega,Gholdengo,10.362
2026-09-30,M-C,gen9championsvgc2026regmcbo3,0,Dragonite,Rillaboom,32.038
2026-09-30,M-C,gen9championsvgc2026regmcbo3,0,Dragonite,Sneasler,31.534
2026-09-30,M-C,gen9championsvgc2026regmcbo3,0,Dragonite,Incineroar,28.091
2026-09-30,M-C,gen9championsvgc2026regmcbo3,0,Dragonite,Indeedee-F,28.071
2026-09-30,M-C,gen9championsvgc2026regmcbo3,0,Dragonite,Gengar-Mega,23.6
2026-09-30,M-C,gen9championsvgc2026regmcbo3,0,Dragonite,Gardevoir-Mega,19.311
2026-09-30,M-C,gen9championsvgc2026regmcbo3,0,Dragonite,Lopunny-Mega,17.982
2026-09-30,M-C,gen9championsvgc2026regmcbo3,0,Dragonite,Ceruledge,15.143
2026-09-30,M-C,gen9championsvgc2026regmcbo3,0,Dragonite,Kingambit,13.894
2026-09-30,M-C,gen9championsvgc2026regmcbo3,0,Dragonite,Snorlax,11.236
2026-09-30,M-C,gen9championsvgc2026regmcbo3,0,Typhlosion-Hisui,Sneasler,34.757
2026-09-30,M-C,gen9championsvgc2026regmcbo3,0,Typhlosion-Hisui,Indeedee-F,33.813
2026-09-30,M-C,gen9championsvgc2026regmcbo3,0,Typhlosion-Hisui,Whimsicott,28.424
2026-09-30,M-C,gen9championsvgc2026regmcbo3,0,Typhlosion-Hisui,Gardevoir-Mega,22.993
2026-09-30,M-C,gen9championsvgc2026regmcbo3,0,Typhlosion-Hisui,Kingambit,21.769
2026-09-30,M-C,gen9championsvgc2026regmcbo3,0,Typhlosion-Hisui,Salamence-Mega,21.232
2026-09-30,M-C,gen9championsvgc2026regmcbo3,0,Typhlosion-Hisui,Farigiraf,14.448
2026-09-30,M-C,gen9championsvgc2026regmcbo3,0,Typhlosion-Hisui,Torkoal,14.255
2026-09-30,M-C,gen9championsvgc2026regmcbo3,0,Typhlosion-Hisui,Rillaboom,13.783
2026-09-30,M-C,gen9championsvgc2026regmcbo3,0,Typhlosion-Hisui,Milotic,12.924
2026-09-30,M-C,gen9championsvgc2026regmcbo3,0,Espathra,Indeedee-F,31.981
2026-09-30,M-C,gen9championsvgc2026regmcbo3,0,Espathra,Rillaboom,29.866
2026-09-30,M-C,gen9championsvgc2026regmcbo3,0,Espathra,Incineroar,26.506
2026-09-30,M-C,gen9championsvgc2026regmcbo3,0,Espathra,Archaludon,24.465
2026-09-30,M-C,gen9championsvgc2026regmcbo3,0,Espathra,Kingambit,18.99
2026-09-30,M-C,gen9championsvgc2026regmcbo3,0,Espathra,Sneasler,17.297
2026-09-30,M-C,gen9championsvgc2026regmcbo3,0,Espathra,Floette-Mega,16.476
2026-09-30,M-C,gen9championsvgc2026regmcbo3,0,Espathra,Politoed,15.032
2026-09-30,M-C,gen9championsvgc2026regmcbo3,0,Espathra,Staraptor-Mega,14.858
2026-09-30,M-C,gen9championsvgc2026regmcbo3,0,Espathra,Salamence-Mega,13.564
2026-09-30,M-C,gen9championsvgc2026regmcbo3,0,Lycanroc-Dusk,Kingambit,45.958
2026-09-30,M-C,gen9championsvgc2026regmcbo3,0,Lycanroc-Dusk,Froslass-Mega,43.898
2026-09-30,M-C,gen9championsvgc2026regmcbo3,0,Lycanroc-Dusk,Sneasler,43.126
2026-09-30,M-C,gen9championsvgc2026regmcbo3,0,Lycanroc-Dusk,Rillaboom,41.916
2026-09-30,M-C,gen9championsvgc2026regmcbo3,0,Lycanroc-Dusk,Basculegion,36.946
2026-09-30,M-C,gen9championsvgc2026regmcbo3,0,Lycanroc-Dusk,Scovillain-Mega,27.291
2026-09-30,M-C,gen9championsvgc2026regmcbo3,0,Lycanroc-Dusk,Incineroar,21.833
2026-09-30,M-C,gen9championsvgc2026regmcbo3,0,Lycanroc-Dusk,Salamence-Mega,15.268
2026-09-30,M-C,gen9championsvgc2026regmcbo3,0,Lycanroc-Dusk,Golisopod-Mega,11.174
2026-09-30,M-C,gen9championsvgc2026regmcbo3,0,Lycanroc-Dusk,Lucario-Mega-Z,8.007
2026-09-30,M-C,gen9championsvgc2026regmcbo3,0,Raichu-Mega-X,Archaludon,26.84
2026-09-30,M-C,gen9championsvgc2026regmcbo3,0,Raichu-Mega-X,Basculegion,19.454
2026-09-30,M-C,gen9championsvgc2026regmcbo3,0,Raichu-Mega-X,Incineroar,18.075
2026-09-30,M-C,gen9championsvgc2026regmcbo3,0,Raichu-Mega-X,Kingambit,16.671
2026-09-30,M-C,gen9championsvgc2026regmcbo3,0,Raichu-Mega-X,Pelipper,15.735
2026-09-30,M-C,gen9championsvgc2026regmcbo3,0,Raichu-Mega-X,Volcarona,15.449
2026-09-30,M-C,gen9championsvgc2026regmcbo3,0,Raichu-Mega-X,Sneasler,13.108
2026-09-30,M-C,gen9championsvgc2026regmcbo3,0,Raichu-Mega-X,Politoed,12.952
2026-09-30,M-C,gen9championsvgc2026regmcbo3,0,Raichu-Mega-X,Espathra,12.562
2026-09-30,M-C,gen9championsvgc2026regmcbo3,0,Raichu-Mega-X,Farigiraf,12.354
2026-09-30,M-C,gen9championsvgc2026regmcbo3,0,Gallade,Indeedee-F,62.627
2026-09-30,M-C,gen9championsvgc2026regmcbo3,0,Gallade,Hatterene,38.655
2026-09-30,M-C,gen9championsvgc2026regmcbo3,0,Gallade,Camerupt-Mega,34.704
2026-09-30,M-C,gen9championsvgc2026regmcbo3,0,Gallade,Armarouge,29.471
2026-09-30,M-C,gen9championsvgc2026regmcbo3,0,Gallade,Torkoal,21.436
2026-09-30,M-C,gen9championsvgc2026regmcbo3,0,Gallade,Kingambit,19.808
2026-09-30,M-C,gen9championsvgc2026regmcbo3,0,Gallade,Farigiraf,18.099
2026-09-30,M-C,gen9championsvgc2026regmcbo3,0,Gallade,Golisopod-Mega,14.442
2026-09-30,M-C,gen9championsvgc2026regmcbo3,0,Gallade,Crabominable-Mega,13.508
2026-09-30,M-C,gen9championsvgc2026regmcbo3,0,Gallade,Incineroar,10.384
2026-09-30,M-C,gen9championsvgc2026regmcbo3,0,Clefable,Rillaboom,37.033
2026-09-30,M-C,gen9championsvgc2026regmcbo3,0,Clefable,Incineroar,28.191
2026-09-30,M-C,gen9championsvgc2026regmcbo3,0,Clefable,Lucario-Mega-Z,16.259
2026-09-30,M-C,gen9championsvgc2026regmcbo3,0,Clefable,Sneasler,14.969
2026-09-30,M-C,gen9championsvgc2026regmcbo3,0,Clefable,Basculegion,13.787
2026-09-30,M-C,gen9championsvgc2026regmcbo3,0,Clefable,Kingambit,13.598
2026-09-30,M-C,gen9championsvgc2026regmcbo3,0,Clefable,Salamence-Mega,12.9
2026-09-30,M-C,gen9championsvgc2026regmcbo3,0,Clefable,Delphox-Mega,10.965
2026-09-30,M-C,gen9championsvgc2026regmcbo3,0,Clefable,Raichu-Mega-Y,8.788
2026-09-30,M-C,gen9championsvgc2026regmcbo3,0,Clefable,Garchomp,8.68
2026-09-30,M-C,gen9championsvgc2026regmcbo3,0,Pyroar-Mega,Indeedee-F,49.333
2026-09-30,M-C,gen9championsvgc2026regmcbo3,0,Pyroar-Mega,Whimsicott,41.536
2026-09-30,M-C,gen9championsvgc2026regmcbo3,0,Pyroar-Mega,Basculegion,36.522
2026-09-30,M-C,gen9championsvgc2026regmcbo3,0,Pyroar-Mega,Gardevoir-Mega,26.928
2026-09-30,M-C,gen9championsvgc2026regmcbo3,0,Pyroar-Mega,Kingambit,21.594
2026-09-30,M-C,gen9championsvgc2026regmcbo3,0,Pyroar-Mega,Kommo-o,19.246
2026-09-30,M-C,gen9championsvgc2026regmcbo3,0,Pyroar-Mega,Torkoal,17.507
2026-09-30,M-C,gen9championsvgc2026regmcbo3,0,Pyroar-Mega,Farigiraf,16.812
2026-09-30,M-C,gen9championsvgc2026regmcbo3,0,Pyroar-Mega,Sneasler,15.391
2026-09-30,M-C,gen9championsvgc2026regmcbo3,0,Pyroar-Mega,Rillaboom,14.58
2026-09-30,M-C,gen9championsvgc2026regmcbo3,0,Lopunny-Mega,Indeedee-F,41.628
2026-09-30,M-C,gen9championsvgc2026regmcbo3,0,Lopunny-Mega,Sneasler,39.397
2026-09-30,M-C,gen9championsvgc2026regmcbo3,0,Lopunny-Mega,Gardevoir-Mega,32.937
2026-09-30,M-C,gen9championsvgc2026regmcbo3,0,Lopunny-Mega,Ceruledge,28.969
2026-09-30,M-C,gen9championsvgc2026regmcbo3,0,Lopunny-Mega,Dragonite,25.869
2026-09-30,M-C,gen9championsvgc2026regmcbo3,0,Lopunny-Mega,Rillaboom,23.262
2026-09-30,M-C,gen9championsvgc2026regmcbo3,0,Lopunny-Mega,Incineroar,16.28
2026-09-30,M-C,gen9championsvgc2026regmcbo3,0,Lopunny-Mega,Gholdengo,14.658
2026-09-30,M-C,gen9championsvgc2026regmcbo3,0,Lopunny-Mega,Volcarona,8.778
2026-09-30,M-C,gen9championsvgc2026regmcbo3,0,Lopunny-Mega,Salamence-Mega,8.488
2026-09-30,M-C,gen9championsvgc2026regmcbo3,0,Tsareena,Sneasler,17.603
2026-09-30,M-C,gen9championsvgc2026regmcbo3,0,Tsareena,Salamence-Mega,15.879
2026-09-30,M-C,gen9championsvgc2026regmcbo3,0,Tsareena,Gholdengo,15.165
2026-09-30,M-C,gen9championsvgc2026regmcbo3,0,Tsareena,Raichu-Mega-Y,12.578
2026-09-30,M-C,gen9championsvgc2026regmcbo3,0,Tsareena,Pelipper,12.37
2026-09-30,M-C,gen9championsvgc2026regmcbo3,0,Tsareena,Kingambit,12.043
2026-09-30,M-C,gen9championsvgc2026regmcbo3,0,Tsareena,Excadrill,11.597
2026-09-30,M-C,gen9championsvgc2026regmcbo3,0,Tsareena,Tyranitar-Mega,11.567
2026-09-30,M-C,gen9championsvgc2026regmcbo3,0,Tsareena,Sylveon,11.121
2026-09-30,M-C,gen9championsvgc2026regmcbo3,0,Tsareena,Basculegion,10.586
2026-09-30,M-C,gen9championsvgc2026regmcbo3,0,Mamoswine,Rillaboom,34.77
2026-09-30,M-C,gen9championsvgc2026regmcbo3,0,Mamoswine,Salamence-Mega,26.929
2026-09-30,M-C,gen9championsvgc2026regmcbo3,0,Mamoswine,Incineroar,26.492
2026-09-30,M-C,gen9championsvgc2026regmcbo3,0,Mamoswine,Sneasler,23.43
2026-09-30,M-C,gen9championsvgc2026regmcbo3,0,Mamoswine,Farigiraf,16.714
2026-09-30,M-C,gen9championsvgc2026regmcbo3,0,Mamoswine,Charizard-Mega-Y,16.182
2026-09-30,M-C,gen9championsvgc2026regmcbo3,0,Mamoswine,Kingambit,13.558
2026-09-30,M-C,gen9championsvgc2026regmcbo3,0,Mamoswine,Whimsicott,13.152
2026-09-30,M-C,gen9championsvgc2026regmcbo3,0,Mamoswine,Raichu-Mega-Y,12.371
2026-09-30,M-C,gen9championsvgc2026regmcbo3,0,Mamoswine,Gholdengo,11.84
2026-09-30,M-C,gen9championsvgc2026regmcbo3,0,Sirfetch'd,Golisopod-Mega,31.22
2026-09-30,M-C,gen9championsvgc2026regmcbo3,0,Sirfetch'd,Farigiraf,28.994
2026-09-30,M-C,gen9championsvgc2026regmcbo3,0,Sirfetch'd,Indeedee-F,24.085
2026-09-30,M-C,gen9championsvgc2026regmcbo3,0,Sirfetch'd,Incineroar,23.171
2026-09-30,M-C,gen9championsvgc2026regmcbo3,0,Sirfetch'd,Rillaboom,17.683
2026-09-30,M-C,gen9championsvgc2026regmcbo3,0,Sirfetch'd,Whimsicott,16.951
2026-09-30,M-C,gen9championsvgc2026regmcbo3,0,Sirfetch'd,Salamence-Mega,15.518
2026-09-30,M-C,gen9championsvgc2026regmcbo3,0,Sirfetch'd,Glimmora-Mega,13.171
2026-09-30,M-C,gen9championsvgc2026regmcbo3,0,Sirfetch'd,Gholdengo,8.78
2026-09-30,M-C,gen9championsvgc2026regmcbo3,0,Sirfetch'd,Basculegion,8.659
2026-09-30,M-C,gen9championsvgc2026regmcbo3,0,Alakazam-Mega,Indeedee-F,66.855
2026-09-30,M-C,gen9championsvgc2026regmcbo3,0,Alakazam-Mega,Sneasler,39.072
2026-09-30,M-C,gen9championsvgc2026regmcbo3,0,Alakazam-Mega,Incineroar,15.616
2026-09-30,M-C,gen9championsvgc2026regmcbo3,0,Alakazam-Mega,Whimsicott,15.334
2026-09-30,M-C,gen9championsvgc2026regmcbo3,0,Alakazam-Mega,Kingambit,13.797
2026-09-30,M-C,gen9championsvgc2026regmcbo3,0,Alakazam-Mega,Basculegion,13.296
2026-09-30,M-C,gen9championsvgc2026regmcbo3,0,Alakazam-Mega,Torkoal,11.791
2026-09-30,M-C,gen9championsvgc2026regmcbo3,0,Alakazam-Mega,Indeedee,7.934
2026-09-30,M-C,gen9championsvgc2026regmcbo3,0,Alakazam-Mega,Golisopod-Mega,7.495
2026-09-30,M-C,gen9championsvgc2026regmcbo3,0,Alakazam-Mega,Pelipper,7.118
2026-09-30,M-C,gen9championsvgc2026regmcbo3,0,Meganium-Mega,Pelipper,29.232
2026-09-30,M-C,gen9championsvgc2026regmcbo3,0,Meganium-Mega,Sneasler,24.908
2026-09-30,M-C,gen9championsvgc2026regmcbo3,0,Meganium-Mega,Farigiraf,24.606
2026-09-30,M-C,gen9championsvgc2026regmcbo3,0,Meganium-Mega,Kingambit,23.198
2026-09-30,M-C,gen9championsvgc2026regmcbo3,0,Meganium-Mega,Basculegion,22.36
2026-09-30,M-C,gen9championsvgc2026regmcbo3,0,Meganium-Mega,Archaludon,18.237
2026-09-30,M-C,gen9championsvgc2026regmcbo3,0,Meganium-Mega,Indeedee-F,17.868
2026-09-30,M-C,gen9championsvgc2026regmcbo3,0,Meganium-Mega,Garchomp,16.561
2026-09-30,M-C,gen9championsvgc2026regmcbo3,0,Meganium-Mega,Incineroar,14.884
2026-09-30,M-C,gen9championsvgc2026regmcbo3,0,Meganium-Mega,Milotic,10.526
2026-09-30,M-C,gen9championsvgc2026regmcbo3,0,Rotom-Heat,Sneasler,30.814
2026-09-30,M-C,gen9championsvgc2026regmcbo3,0,Rotom-Heat,Salamence-Mega,29.509
2026-09-30,M-C,gen9championsvgc2026regmcbo3,0,Rotom-Heat,Rillaboom,26.005
2026-09-30,M-C,gen9championsvgc2026regmcbo3,0,Rotom-Heat,Kingambit,17.348
2026-09-30,M-C,gen9championsvgc2026regmcbo3,0,Rotom-Heat,Tyranitar-Mega,16.798
2026-09-30,M-C,gen9championsvgc2026regmcbo3,0,Rotom-Heat,Milotic,16.249
2026-09-30,M-C,gen9championsvgc2026regmcbo3,0,Rotom-Heat,Basculegion,15.905
2026-09-30,M-C,gen9championsvgc2026regmcbo3,0,Rotom-Heat,Excadrill,15.356
2026-09-30,M-C,gen9championsvgc2026regmcbo3,0,Rotom-Heat,Indeedee-F,14.634
2026-09-30,M-C,gen9championsvgc2026regmcbo3,0,Rotom-Heat,Sceptile-Mega,11.371
2026-09-30,M-C,gen9championsvgc2026regmcbo3,0,Blaziken,Rillaboom,31.93
2026-09-30,M-C,gen9championsvgc2026regmcbo3,0,Blaziken,Metagross-Mega,30.467
2026-09-30,M-C,gen9championsvgc2026regmcbo3,0,Blaziken,Salamence-Mega,27.542
2026-09-30,M-C,gen9championsvgc2026regmcbo3,0,Blaziken,Indeedee-F,23.618
2026-09-30,M-C,gen9championsvgc2026regmcbo3,0,Blaziken,Kingambit,21.798
2026-09-30,M-C,gen9championsvgc2026regmcbo3,0,Blaziken,Basculegion,15.055
2026-09-30,M-C,gen9championsvgc2026regmcbo3,0,Blaziken,Sableye,12.915
2026-09-30,M-C,gen9championsvgc2026regmcbo3,0,Blaziken,Farigiraf,12.665
2026-09-30,M-C,gen9championsvgc2026regmcbo3,0,Blaziken,Gholdengo,12.451
2026-09-30,M-C,gen9championsvgc2026regmcbo3,0,Blaziken,Raichu-Mega-Y,12.059
2026-09-30,M-C,gen9championsvgc2026regmcbo3,0,Zoroark-Hisui,Basculegion,18.429
2026-09-30,M-C,gen9championsvgc2026regmcbo3,0,Zoroark-Hisui,Sneasler,13.917
2026-09-30,M-C,gen9championsvgc2026regmcbo3,0,Zoroark-Hisui,Indeedee-F,13.641
2026-09-30,M-C,gen9championsvgc2026regmcbo3,0,Zoroark-Hisui,Whimsicott,13.159
2026-09-30,M-C,gen9championsvgc2026regmcbo3,0,Zoroark-Hisui,Banette-Mega,12.125
2026-09-30,M-C,gen9championsvgc2026regmcbo3,0,Zoroark-Hisui,Kingambit,11.953
2026-09-30,M-C,gen9championsvgc2026regmcbo3,0,Zoroark-Hisui,Incineroar,11.299
2026-09-30,M-C,gen9championsvgc2026regmcbo3,0,Zoroark-Hisui,Annihilape,11.264
2026-09-30,M-C,gen9championsvgc2026regmcbo3,0,Zoroark-Hisui,Rillaboom,11.058
2026-09-30,M-C,gen9championsvgc2026regmcbo3,0,Zoroark-Hisui,Aegislash,8.405
2026-09-30,M-C,gen9championsvgc2026regmcbo3,0,Garchomp-Mega,Sneasler,46.659
2026-09-30,M-C,gen9championsvgc2026regmcbo3,0,Garchomp-Mega,Incineroar,40.126
2026-09-30,M-C,gen9championsvgc2026regmcbo3,0,Garchomp-Mega,Rillaboom,36.785
2026-09-30,M-C,gen9championsvgc2026regmcbo3,0,Garchomp-Mega,Kingambit,34.039
2026-09-30,M-C,gen9championsvgc2026regmcbo3,0,Garchomp-Mega,Floette-Mega,30.661
2026-09-30,M-C,gen9championsvgc2026regmcbo3,0,Garchomp-Mega,Tyranitar,20.601
2026-09-30,M-C,gen9championsvgc2026regmcbo3,0,Garchomp-Mega,Sinistcha,12.992
2026-09-30,M-C,gen9championsvgc2026regmcbo3,0,Garchomp-Mega,Corviknight,12.806
2026-09-30,M-C,gen9championsvgc2026regmcbo3,0,Garchomp-Mega,Farigiraf,10.765
2026-09-30,M-C,gen9championsvgc2026regmcbo3,0,Garchomp-Mega,Tyranitar-Mega,9.428
2026-09-30,M-C,gen9championsvgc2026regmcbo3,0,Toxtricity,Rillaboom,22.534
2026-09-30,M-C,gen9championsvgc2026regmcbo3,0,Toxtricity,Incineroar,16.808
2026-09-30,M-C,gen9championsvgc2026regmcbo3,0,Toxtricity,Kingambit,13.779
2026-09-30,M-C,gen9championsvgc2026regmcbo3,0,Toxtricity,Raichu-Mega-X,13.077
2026-09-30,M-C,gen9championsvgc2026regmcbo3,0,Toxtricity,Whimsicott,12.375
2026-09-30,M-C,gen9championsvgc2026regmcbo3,0,Toxtricity,Farigiraf,12.08
2026-09-30,M-C,gen9championsvgc2026regmcbo3,0,Toxtricity,Golisopod-Mega,11.858
2026-09-30,M-C,gen9championsvgc2026regmcbo3,0,Toxtricity,Froslass-Mega,11.71
2026-09-30,M-C,gen9championsvgc2026regmcbo3,0,Toxtricity,Indeedee-F,11.526
2026-09-30,M-C,gen9championsvgc2026regmcbo3,0,Toxtricity,Milotic,11.156
2026-09-30,M-C,gen9championsvgc2026regmcbo3,0,Meowstic-F-Mega,Sneasler,62.899
2026-09-30,M-C,gen9championsvgc2026regmcbo3,0,Meowstic-F-Mega,Indeedee,50.135
2026-09-30,M-C,gen9championsvgc2026regmcbo3,0,Meowstic-F-Mega,Kingambit,50.058
2026-09-30,M-C,gen9championsvgc2026regmcbo3,0,Meowstic-F-Mega,Kommo-o,44.214
2026-09-30,M-C,gen9championsvgc2026regmcbo3,0,Meowstic-F-Mega,Charizard-Mega-Y,43.791
2026-09-30,M-C,gen9championsvgc2026regmcbo3,0,Meowstic-F-Mega,Indeedee-F,30.373
2026-09-30,M-C,gen9championsvgc2026regmcbo3,0,Meowstic-F-Mega,Incineroar,7.497
2026-09-30,M-C,gen9championsvgc2026regmcbo3,0,Meowstic-F-Mega,Gholdengo,7.036
2026-09-30,M-C,gen9championsvgc2026regmcbo3,0,Meowstic-F-Mega,Pelipper,5.613
2026-09-30,M-C,gen9championsvgc2026regmcbo3,0,Meowstic-F-Mega,Blaziken-Mega,5.575
2026-09-30,M-C,gen9championsvgc2026regmcbo3,0,Kleavor,Rillaboom,26.782
2026-09-30,M-C,gen9championsvgc2026regmcbo3,0,Kleavor,Sneasler,23.622
2026-09-30,M-C,gen9championsvgc2026regmcbo3,0,Kleavor,Metagross-Mega,23.507
2026-09-30,M-C,gen9championsvgc2026regmcbo3,0,Kleavor,Basculegion,23.16
2026-09-30,M-C,gen9championsvgc2026regmcbo3,0,Kleavor,Kingambit,22.543
2026-09-30,M-C,gen9championsvgc2026regmcbo3,0,Kleavor,Raichu-Mega-Y,20.809
2026-09-30,M-C,gen9championsvgc2026regmcbo3,0,Kleavor,Whimsicott,19.461
2026-09-30,M-C,gen9championsvgc2026regmcbo3,0,Kleavor,Incineroar,16.301
2026-09-30,M-C,gen9championsvgc2026regmcbo3,0,Kleavor,Salamence-Mega,15.915
2026-09-30,M-C,gen9championsvgc2026regmcbo3,0,Kleavor,Indeedee-F,13.834
2026-09-30,M-C,gen9championsvgc2026regmcbo3,0,Venusaur-Mega,Pelipper,30.158
2026-09-30,M-C,gen9championsvgc2026regmcbo3,0,Venusaur-Mega,Archaludon,27.227
2026-09-30,M-C,gen9championsvgc2026regmcbo3,0,Venusaur-Mega,Farigiraf,25.8
2026-09-30,M-C,gen9championsvgc2026regmcbo3,0,Venusaur-Mega,Incineroar,23.062
2026-09-30,M-C,gen9championsvgc2026regmcbo3,0,Venusaur-Mega,Sneasler,16.313
2026-09-30,M-C,gen9championsvgc2026regmcbo3,0,Venusaur-Mega,Swampert-Mega,13.189
2026-09-30,M-C,gen9championsvgc2026regmcbo3,0,Venusaur-Mega,Basculegion,12.534
2026-09-30,M-C,gen9championsvgc2026regmcbo3,0,Venusaur-Mega,Grimmsnarl,11.994
2026-09-30,M-C,gen9championsvgc2026regmcbo3,0,Venusaur-Mega,Indeedee-F,10.605
2026-09-30,M-C,gen9championsvgc2026regmcbo3,0,Venusaur-Mega,Milotic,10.451
2026-09-30,M-C,gen9championsvgc2026regmcbo3,0,Grapploct,Farigiraf,42.564
2026-09-30,M-C,gen9championsvgc2026regmcbo3,0,Grapploct,Indeedee-F,38.659
2026-09-30,M-C,gen9championsvgc2026regmcbo3,0,Grapploct,Incineroar,25.917
2026-09-30,M-C,gen9championsvgc2026regmcbo3,0,Grapploct,Golisopod-Mega,20.276
2026-09-30,M-C,gen9championsvgc2026regmcbo3,0,Grapploct,Camerupt-Mega,19.25
2026-09-30,M-C,gen9championsvgc2026regmcbo3,0,Grapploct,Armarouge,15.227
2026-09-30,M-C,gen9championsvgc2026regmcbo3,0,Grapploct,Hatterene,13.964
2026-09-30,M-C,gen9championsvgc2026regmcbo3,0,Grapploct,Kingambit,13.886
2026-09-30,M-C,gen9championsvgc2026regmcbo3,0,Grapploct,Torkoal,11.321
2026-09-30,M-C,gen9championsvgc2026regmcbo3,0,Grapploct,Pelipper,10.256
2026-09-30,M-C,gen9championsvgc2026regmcbo3,0,Empoleon,Rillaboom,35.904
2026-09-30,M-C,gen9championsvgc2026regmcbo3,0,Empoleon,Sneasler,26.338
2026-09-30,M-C,gen9championsvgc2026regmcbo3,0,Empoleon,Indeedee-F,18.668
2026-09-30,M-C,gen9championsvgc2026regmcbo3,0,Empoleon,Incineroar,18.626
2026-09-30,M-C,gen9championsvgc2026regmcbo3,0,Empoleon,Salamence-Mega,16.308
2026-09-30,M-C,gen9championsvgc2026regmcbo3,0,Empoleon,Volcarona,11.462
2026-09-30,M-C,gen9championsvgc2026regmcbo3,0,Empoleon,Farigiraf,10.999
2026-09-30,M-C,gen9championsvgc2026regmcbo3,0,Empoleon,Ninetales-Alola,10.029
2026-09-30,M-C,gen9championsvgc2026regmcbo3,0,Empoleon,Absol-Mega-Z,9.987
2026-09-30,M-C,gen9championsvgc2026regmcbo3,0,Empoleon,Whimsicott,8.765
2026-09-30,M-C,gen9championsvgc2026regmcbo3,0,Baxcalibur,Rillaboom,39.885
2026-09-30,M-C,gen9championsvgc2026regmcbo3,0,Baxcalibur,Kingambit,21.663
2026-09-30,M-C,gen9championsvgc2026regmcbo3,0,Baxcalibur,Sneasler,20.803
2026-09-30,M-C,gen9championsvgc2026regmcbo3,0,Baxcalibur,Raichu-Mega-Y,19.943
2026-09-30,M-C,gen9championsvgc2026regmcbo3,0,Baxcalibur,Incineroar,18.673
2026-09-30,M-C,gen9championsvgc2026regmcbo3,0,Baxcalibur,Froslass-Mega,16.626
2026-09-30,M-C,gen9championsvgc2026regmcbo3,0,Baxcalibur,Basculegion,13.841
2026-09-30,M-C,gen9championsvgc2026regmcbo3,0,Baxcalibur,Volcarona,12.408
2026-09-30,M-C,gen9championsvgc2026regmcbo3,0,Baxcalibur,Arcanine-Hisui,11.466
2026-09-30,M-C,gen9championsvgc2026regmcbo3,0,Baxcalibur,Charizard-Mega-Y,10.565
2026-09-30,M-C,gen9championsvgc2026regmcbo3,0,Palafin,Rillaboom,36.707
2026-09-30,M-C,gen9championsvgc2026regmcbo3,0,Palafin,Incineroar,34.301
2026-09-30,M-C,gen9championsvgc2026regmcbo3,0,Palafin,Salamence-Mega,19.867
2026-09-30,M-C,gen9championsvgc2026regmcbo3,0,Palafin,Sneasler,14.849
2026-09-30,M-C,gen9championsvgc2026regmcbo3,0,Palafin,Pelipper,12.194
2026-09-30,M-C,gen9championsvgc2026regmcbo3,0,Palafin,Gholdengo,11.074
2026-09-30,M-C,gen9championsvgc2026regmcbo3,0,Palafin,Golisopod-Mega,10.079
2026-09-30,M-C,gen9championsvgc2026regmcbo3,0,Palafin,Kingambit,9.871
2026-09-30,M-C,gen9championsvgc2026regmcbo3,0,Palafin,Annihilape,9.83
2026-09-30,M-C,gen9championsvgc2026regmcbo3,0,Palafin,Absol-Mega-Z,9.706
2026-09-30,M-C,gen9championsvgc2026regmcbo3,0,Scrafty-Mega,Farigiraf,32.453
2026-09-30,M-C,gen9championsvgc2026regmcbo3,0,Scrafty-Mega,Rillaboom,26.052
2026-09-30,M-C,gen9championsvgc2026regmcbo3,0,Scrafty-Mega,Rotom-Wash,18.174
2026-09-30,M-C,gen9championsvgc2026regmcbo3,0,Scrafty-Mega,Torkoal,17.592
2026-09-30,M-C,gen9championsvgc2026regmcbo3,0,Scrafty-Mega,Indeedee-F,14.816
2026-09-30,M-C,gen9championsvgc2026regmcbo3,0,Scrafty-Mega,Toxapex,12.892
2026-09-30,M-C,gen9championsvgc2026regmcbo3,0,Scrafty-Mega,Ceruledge,12.444
2026-09-30,M-C,gen9championsvgc2026regmcbo3,0,Scrafty-Mega,Scizor,11.012
2026-09-30,M-C,gen9championsvgc2026regmcbo3,0,Scrafty-Mega,Gholdengo,9.714
2026-09-30,M-C,gen9championsvgc2026regmcbo3,0,Scrafty-Mega,Hatterene,8.774
2026-09-30,M-C,gen9championsvgc2026regmcbo3,0,Kangaskhan-Mega,Farigiraf,56.73
2026-09-30,M-C,gen9championsvgc2026regmcbo3,0,Kangaskhan-Mega,Torkoal,46.81
2026-09-30,M-C,gen9championsvgc2026regmcbo3,0,Kangaskhan-Mega,Indeedee-F,32.652
2026-09-30,M-C,gen9championsvgc2026regmcbo3,0,Kangaskhan-Mega,Kingambit,26.869
2026-09-30,M-C,gen9championsvgc2026regmcbo3,0,Kangaskhan-Mega,Hatterene,20.738
2026-09-30,M-C,gen9championsvgc2026regmcbo3,0,Kangaskhan-Mega,Venusaur,12.413
2026-09-30,M-C,gen9championsvgc2026regmcbo3,0,Kangaskhan-Mega,Archaludon,11.515
2026-09-30,M-C,gen9championsvgc2026regmcbo3,0,Kangaskhan-Mega,Pelipper,11.416
2026-09-30,M-C,gen9championsvgc2026regmcbo3,0,Kangaskhan-Mega,Rillaboom,10.668
2026-09-30,M-C,gen9championsvgc2026regmcbo3,0,Kangaskhan-Mega,Vivillon,9.123
2026-09-30,M-C,gen9championsvgc2026regmcbo3,0,Weavile,Rillaboom,23.008
2026-09-30,M-C,gen9championsvgc2026regmcbo3,0,Weavile,Salamence-Mega,16.603
2026-09-30,M-C,gen9championsvgc2026regmcbo3,0,Weavile,Golisopod-Mega,15.939
2026-09-30,M-C,gen9championsvgc2026regmcbo3,0,Weavile,Pelipper,15.844
2026-09-30,M-C,gen9championsvgc2026regmcbo3,0,Weavile,Garchomp,12.192
2026-09-30,M-C,gen9championsvgc2026regmcbo3,0,Weavile,Archaludon,12.144
2026-09-30,M-C,gen9championsvgc2026regmcbo3,0,Weavile,Basculegion,11.622
2026-09-30,M-C,gen9championsvgc2026regmcbo3,0,Weavile,Charizard-Mega-Y,10.958
2026-09-30,M-C,gen9championsvgc2026regmcbo3,0,Weavile,Indeedee-F,10.579
2026-09-30,M-C,gen9championsvgc2026regmcbo3,0,Weavile,Primarina,10.484
2026-09-30,M-C,gen9championsvgc2026regmcbo3,0,Inteleon,Indeedee-F,35.173
2026-09-30,M-C,gen9championsvgc2026regmcbo3,0,Inteleon,Sneasler,23.608
2026-09-30,M-C,gen9championsvgc2026regmcbo3,0,Inteleon,Pelipper,17.322
2026-09-30,M-C,gen9championsvgc2026regmcbo3,0,Inteleon,Rillaboom,17.274
2026-09-30,M-C,gen9championsvgc2026regmcbo3,0,Inteleon,Salamence-Mega,14.443
2026-09-30,M-C,gen9championsvgc2026regmcbo3,0,Inteleon,Gardevoir-Mega,11.996
2026-09-30,M-C,gen9championsvgc2026regmcbo3,0,Inteleon,Golisopod-Mega,10.94
2026-09-30,M-C,gen9championsvgc2026regmcbo3,0,Inteleon,Metagross-Mega,9.645
2026-09-30,M-C,gen9championsvgc2026regmcbo3,0,Inteleon,Dragapult,9.645
2026-09-30,M-C,gen9championsvgc2026regmcbo3,0,Inteleon,Incineroar,8.733
2026-09-30,M-C,gen9championsvgc2026regmcbo3,0,Meowscarada,Indeedee-F,29.82
2026-09-30,M-C,gen9championsvgc2026regmcbo3,0,Meowscarada,Sneasler,24.122
2026-09-30,M-C,gen9championsvgc2026regmcbo3,0,Meowscarada,Salamence-Mega,14.103
2026-09-30,M-C,gen9championsvgc2026regmcbo3,0,Meowscarada,Whimsicott,10.969
2026-09-30,M-C,gen9championsvgc2026regmcbo3,0,Meowscarada,Incineroar,10.446
2026-09-30,M-C,gen9championsvgc2026regmcbo3,0,Meowscarada,Gholdengo,10.209
2026-09-30,M-C,gen9championsvgc2026regmcbo3,0,Meowscarada,Gardevoir-Mega,9.117
2026-09-30,M-C,gen9championsvgc2026regmcbo3,0,Meowscarada,Garchomp,8.689
2026-09-30,M-C,gen9championsvgc2026regmcbo3,0,Meowscarada,Milotic,8.31
2026-09-30,M-C,gen9championsvgc2026regmcbo3,0,Meowscarada,Basculegion,8.215
2026-09-30,M-C,gen9championsvgc2026regmcbo3,0,Klefki,Archaludon,42.783
2026-09-30,M-C,gen9championsvgc2026regmcbo3,0,Klefki,Volcarona,31.787
2026-09-30,M-C,gen9championsvgc2026regmcbo3,0,Klefki,Salamence-Mega,28.921
2026-09-30,M-C,gen9championsvgc2026regmcbo3,0,Klefki,Glimmora-Mega,28.869
2026-09-30,M-C,gen9championsvgc2026regmcbo3,0,Klefki,Garchomp,26.785
2026-09-30,M-C,gen9championsvgc2026regmcbo3,0,Klefki,Rillaboom,21.73
2026-09-30,M-C,gen9championsvgc2026regmcbo3,0,Klefki,Incineroar,15.425
2026-09-30,M-C,gen9championsvgc2026regmcbo3,0,Klefki,Golisopod-Mega,12.507
2026-09-30,M-C,gen9championsvgc2026regmcbo3,0,Klefki,Sinistcha,12.454
2026-09-30,M-C,gen9championsvgc2026regmcbo3,0,Klefki,Basculegion,10.526
2026-09-30,M-C,gen9championsvgc2026regmcbo3,0,Pincurchin,Farigiraf,21.584
2026-09-30,M-C,gen9championsvgc2026regmcbo3,0,Pincurchin,Raichu-Alola,20.0
2026-09-30,M-C,gen9championsvgc2026regmcbo3,0,Pincurchin,Indeedee-F,19.604
2026-09-30,M-C,gen9championsvgc2026regmcbo3,0,Pincurchin,Golisopod-Mega,13.465
2026-09-30,M-C,gen9championsvgc2026regmcbo3,0,Pincurchin,Incineroar,13.119
2026-09-30,M-C,gen9championsvgc2026regmcbo3,0,Pincurchin,Sneasler,12.574
2026-09-30,M-C,gen9championsvgc2026regmcbo3,0,Pincurchin,Lucario-Mega-Z,11.337
2026-09-30,M-C,gen9championsvgc2026regmcbo3,0,Pincurchin,Rillaboom,10.644
2026-09-30,M-C,gen9championsvgc2026regmcbo3,0,Pincurchin,Sinistcha,10.297
2026-09-30,M-C,gen9championsvgc2026regmcbo3,0,Pincurchin,Raichu-Mega-Y,9.95
2026-09-30,M-C,gen9championsvgc2026regmcbo3,0,Charizard-Mega-X,Rillaboom,45.953
2026-09-30,M-C,gen9championsvgc2026regmcbo3,0,Charizard-Mega-X,Sneasler,38.019
2026-09-30,M-C,gen9championsvgc2026regmcbo3,0,Charizard-Mega-X,Incineroar,29.766
2026-09-30,M-C,gen9championsvgc2026regmcbo3,0,Charizard-Mega-X,Milotic,26.997
2026-09-30,M-C,gen9championsvgc2026regmcbo3,0,Charizard-Mega-X,Kingambit,20.288
2026-09-30,M-C,gen9championsvgc2026regmcbo3,0,Charizard-Mega-X,Floette-Mega,19.01
2026-09-30,M-C,gen9championsvgc2026regmcbo3,0,Charizard-Mega-X,Sinistcha,16.294
2026-09-30,M-C,gen9championsvgc2026regmcbo3,0,Charizard-Mega-X,Whimsicott,13.951
2026-09-30,M-C,gen9championsvgc2026regmcbo3,0,Charizard-Mega-X,Indeedee-F,11.448
2026-09-30,M-C,gen9championsvgc2026regmcbo3,0,Charizard-Mega-X,Farigiraf,9.585
2026-09-30,M-C,gen9championsvgc2026regmcbo3,0,Araquanid,Indeedee-F,21.995
2026-09-30,M-C,gen9championsvgc2026regmcbo3,0,Araquanid,Golisopod-Mega,20.499
2026-09-30,M-C,gen9championsvgc2026regmcbo3,0,Araquanid,Rillaboom,17.307
2026-09-30,M-C,gen9championsvgc2026regmcbo3,0,Araquanid,Pelipper,13.815
2026-09-30,M-C,gen9championsvgc2026regmcbo3,0,Araquanid,Sneasler,12.07
2026-09-30,M-C,gen9championsvgc2026regmcbo3,0,Araquanid,Incineroar,11.621
2026-09-30,M-C,gen9championsvgc2026regmcbo3,0,Araquanid,Farigiraf,10.374
2026-09-30,M-C,gen9championsvgc2026regmcbo3,0,Araquanid,Whimsicott,7.98
2026-09-30,M-C,gen9championsvgc2026regmcbo3,0,Araquanid,Salamence-Mega,7.731
2026-09-30,M-C,gen9championsvgc2026regmcbo3,0,Araquanid,Sinistcha,7.731
2026-09-30,M-C,gen9championsvgc2026regmcbo3,0,Crabominable-Mega,Indeedee-F,58.24
2026-09-30,M-C,gen9championsvgc2026regmcbo3,0,Crabominable-Mega,Hatterene,48.213
2026-09-30,M-C,gen9championsvgc2026regmcbo3,0,Crabominable-Mega,Armarouge,37.92
2026-09-30,M-C,gen9championsvgc2026regmcbo3,0,Crabominable-Mega,Camerupt-Mega,29.813
2026-09-30,M-C,gen9championsvgc2026regmcbo3,0,Crabominable-Mega,Gallade,26.987
2026-09-30,M-C,gen9championsvgc2026regmcbo3,0,Crabominable-Mega,Torkoal,22.347
2026-09-30,M-C,gen9championsvgc2026regmcbo3,0,Crabominable-Mega,Farigiraf,21.92
2026-09-30,M-C,gen9championsvgc2026regmcbo3,0,Crabominable-Mega,Kingambit,12.96
2026-09-30,M-C,gen9championsvgc2026regmcbo3,0,Crabominable-Mega,Incineroar,10.293
2026-09-30,M-C,gen9championsvgc2026regmcbo3,0,Crabominable-Mega,Golisopod-Mega,10.027
2026-09-30,M-C,gen9championsvgc2026regmcbo3,0,Tinkaton,Rillaboom,39.679
2026-09-30,M-C,gen9championsvgc2026regmcbo3,0,Tinkaton,Incineroar,39.335
2026-09-30,M-C,gen9championsvgc2026regmcbo3,0,Tinkaton,Gengar-Mega,27.408
2026-09-30,M-C,gen9championsvgc2026regmcbo3,0,Tinkaton,Pawmot,13.532
2026-09-30,M-C,gen9championsvgc2026regmcbo3,0,Tinkaton,Sinistcha,11.927
2026-09-30,M-C,gen9championsvgc2026regmcbo3,0,Tinkaton,Salamence-Mega,11.181
2026-09-30,M-C,gen9championsvgc2026regmcbo3,0,Tinkaton,Rotom-Wash,10.55
2026-09-30,M-C,gen9championsvgc2026regmcbo3,0,Tinkaton,Kommo-o,10.034
2026-09-30,M-C,gen9championsvgc2026regmcbo3,0,Tinkaton,Ninetales-Alola,9.69
2026-09-30,M-C,gen9championsvgc2026regmcbo3,0,Tinkaton,Indeedee-F,8.085
2026-09-30,M-C,gen9championsvgc2026regmcbo3,0,Staraptor,Farigiraf,55.105
2026-09-30,M-C,gen9championsvgc2026regmcbo3,0,Staraptor,Golisopod-Mega,42.73
2026-09-30,M-C,gen9championsvgc2026regmcbo3,0,Staraptor,Kingambit,34.406
2026-09-30,M-C,gen9championsvgc2026regmcbo3,0,Staraptor,Politoed,28.801
2026-09-30,M-C,gen9championsvgc2026regmcbo3,0,Staraptor,Pawmot,26.804
2026-09-30,M-C,gen9championsvgc2026regmcbo3,0,Staraptor,Indeedee-F,21.143
2026-09-30,M-C,gen9championsvgc2026regmcbo3,0,Staraptor,Camerupt-Mega,16.426
2026-09-30,M-C,gen9championsvgc2026regmcbo3,0,Staraptor,Torkoal,13.984
2026-09-30,M-C,gen9championsvgc2026regmcbo3,0,Staraptor,Gardevoir-Mega,7.381
2026-09-30,M-C,gen9championsvgc2026regmcbo3,0,Staraptor,Rillaboom,7.214
2026-09-30,M-C,gen9championsvgc2026regmcbo3,0,Snorlax,Incineroar,49.972
2026-09-30,M-C,gen9championsvgc2026regmcbo3,0,Snorlax,Rillaboom,49.522
2026-09-30,M-C,gen9championsvgc2026regmcbo3,0,Snorlax,Gengar-Mega,46.033
2026-09-30,M-C,gen9championsvgc2026regmcbo3,0,Snorlax,Scrafty,33.089
2026-09-30,M-C,gen9championsvgc2026regmcbo3,0,Snorlax,Dragonite,31.401
2026-09-30,M-C,gen9championsvgc2026regmcbo3,0,Snorlax,Sinistcha,9.848
2026-09-30,M-C,gen9championsvgc2026regmcbo3,0,Snorlax,Indeedee-F,8.61
2026-09-30,M-C,gen9championsvgc2026regmcbo3,0,Snorlax,Sneasler,8.61
2026-09-30,M-C,gen9championsvgc2026regmcbo3,0,Snorlax,Hawlucha-Mega,7.935
2026-09-30,M-C,gen9championsvgc2026regmcbo3,0,Snorlax,Kingambit,7.147
2026-09-30,M-C,gen9championsvgc2026regmcbo3,0,Scizor,Incineroar,16.511
2026-09-30,M-C,gen9championsvgc2026regmcbo3,0,Scizor,Rotom-Wash,15.461
2026-09-30,M-C,gen9championsvgc2026regmcbo3,0,Scizor,Ceruledge,15.403
2026-09-30,M-C,gen9championsvgc2026regmcbo3,0,Scizor,Rillaboom,15.344
2026-09-30,M-C,gen9championsvgc2026regmcbo3,0,Scizor,Toxapex,14.936
2026-09-30,M-C,gen9championsvgc2026regmcbo3,0,Scizor,Scrafty-Mega,14.352
2026-09-30,M-C,gen9championsvgc2026regmcbo3,0,Scizor,Basculegion,13.186
2026-09-30,M-C,gen9championsvgc2026regmcbo3,0,Scizor,Annihilape,9.977
2026-09-30,M-C,gen9championsvgc2026regmcbo3,0,Scizor,Raichu-Mega-Y,9.86
2026-09-30,M-C,gen9championsvgc2026regmcbo3,0,Scizor,Whimsicott,9.802
2026-09-30,M-C,gen9championsvgc2026regmcbo3,0,Swampert,Rillaboom,45.517
2026-09-30,M-C,gen9championsvgc2026regmcbo3,0,Swampert,Incineroar,39.248
2026-09-30,M-C,gen9championsvgc2026regmcbo3,0,Swampert,Sneasler,31.223
2026-09-30,M-C,gen9championsvgc2026regmcbo3,0,Swampert,Gengar-Mega,29.404
2026-09-30,M-C,gen9championsvgc2026regmcbo3,0,Swampert,Salamence-Mega,15.862
2026-09-30,M-C,gen9championsvgc2026regmcbo3,0,Swampert,Kingambit,14.984
2026-09-30,M-C,gen9championsvgc2026regmcbo3,0,Swampert,Volcarona,14.734
2026-09-30,M-C,gen9championsvgc2026regmcbo3,0,Swampert,Garchomp-Mega-Z,9.655
2026-09-30,M-C,gen9championsvgc2026regmcbo3,0,Swampert,Gholdengo,8.903
2026-09-30,M-C,gen9championsvgc2026regmcbo3,0,Swampert,Ninetales-Alola,8.84
2026-09-30,M-C,gen9championsvgc2026regmcbo3,0,Starmie-Mega,Pelipper,39.595
2026-09-30,M-C,gen9championsvgc2026regmcbo3,0,Starmie-Mega,Indeedee-F,35.491
2026-09-30,M-C,gen9championsvgc2026regmcbo3,0,Starmie-Mega,Sneasler,33.237
2026-09-30,M-C,gen9championsvgc2026regmcbo3,0,Starmie-Mega,Archaludon,29.306
2026-09-30,M-C,gen9championsvgc2026regmcbo3,0,Starmie-Mega,Incineroar,18.728
2026-09-30,M-C,gen9championsvgc2026regmcbo3,0,Starmie-Mega,Kingambit,13.353
2026-09-30,M-C,gen9championsvgc2026regmcbo3,0,Starmie-Mega,Whimsicott,12.659
2026-09-30,M-C,gen9championsvgc2026regmcbo3,0,Starmie-Mega,Golisopod-Mega,11.618
2026-09-30,M-C,gen9championsvgc2026regmcbo3,0,Starmie-Mega,Rillaboom,9.422
2026-09-30,M-C,gen9championsvgc2026regmcbo3,0,Starmie-Mega,Dragapult,9.249
2026-09-30,M-C,gen9championsvgc2026regmcbo3,0,Gyarados-Mega,Sneasler,25.917
2026-09-30,M-C,gen9championsvgc2026regmcbo3,0,Gyarados-Mega,Rillaboom,24.922
2026-09-30,M-C,gen9championsvgc2026regmcbo3,0,Gyarados-Mega,Garchomp,21.877
2026-09-30,M-C,gen9championsvgc2026regmcbo3,0,Gyarados-Mega,Metagross-Mega,19.142
2026-09-30,M-C,gen9championsvgc2026regmcbo3,0,Gyarados-Mega,Sableye,19.018
2026-09-30,M-C,gen9championsvgc2026regmcbo3,0,Gyarados-Mega,Blaziken,18.397
2026-09-30,M-C,gen9championsvgc2026regmcbo3,0,Gyarados-Mega,Kingambit,17.651
2026-09-30,M-C,gen9championsvgc2026regmcbo3,0,Gyarados-Mega,Indeedee-F,14.295
2026-09-30,M-C,gen9championsvgc2026regmcbo3,0,Gyarados-Mega,Sinistcha,11.56
2026-09-30,M-C,gen9championsvgc2026regmcbo3,0,Gyarados-Mega,Froslass-Mega,11.374
2026-09-30,M-C,gen9championsvgc2026regmcbo3,0,Sceptile-Mega,Sneasler,29.557
2026-09-30,M-C,gen9championsvgc2026regmcbo3,0,Sceptile-Mega,Indeedee-F,24.177
2026-09-30,M-C,gen9championsvgc2026regmcbo3,0,Sceptile-Mega,Rotom-Heat,20.949
2026-09-30,M-C,gen9championsvgc2026regmcbo3,0,Sceptile-Mega,Incineroar,16.139
2026-09-30,M-C,gen9championsvgc2026regmcbo3,0,Sceptile-Mega,Basculegion,14.241
2026-09-30,M-C,gen9championsvgc2026regmcbo3,0,Sceptile-Mega,Jolteon,12.152
2026-09-30,M-C,gen9championsvgc2026regmcbo3,0,Sceptile-Mega,Gholdengo,11.709
2026-09-30,M-C,gen9championsvgc2026regmcbo3,0,Sceptile-Mega,Pelipper,11.203
2026-09-30,M-C,gen9championsvgc2026regmcbo3,0,Sceptile-Mega,Garchomp,10.886
2026-09-30,M-C,gen9championsvgc2026regmcbo3,0,Sceptile-Mega,Milotic,10.886
2026-09-30,M-C,gen9championsvgc2026regmcbo3,0,Goodra-Hisui,Rillaboom,45.91
2026-09-30,M-C,gen9championsvgc2026regmcbo3,0,Goodra-Hisui,Incineroar,43.056
2026-09-30,M-C,gen9championsvgc2026regmcbo3,0,Goodra-Hisui,Floette-Mega,29.93
2026-09-30,M-C,gen9championsvgc2026regmcbo3,0,Goodra-Hisui,Absol-Mega-Z,24.096
2026-09-30,M-C,gen9championsvgc2026regmcbo3,0,Goodra-Hisui,Espathra,23.843
2026-09-30,M-C,gen9championsvgc2026regmcbo3,0,Goodra-Hisui,Basculegion,13.76
2026-09-30,M-C,gen9championsvgc2026regmcbo3,0,Goodra-Hisui,Salamence-Mega,9.512
2026-09-30,M-C,gen9championsvgc2026regmcbo3,0,Goodra-Hisui,Froslass-Mega,7.356
2026-09-30,M-C,gen9championsvgc2026regmcbo3,0,Goodra-Hisui,Sinistcha,6.975
2026-09-30,M-C,gen9championsvgc2026regmcbo3,0,Goodra-Hisui,Indeedee-F,6.975
2026-09-30,M-C,gen9championsvgc2026regmcbo3,0,Vanilluxe,Sneasler,27.887
2026-09-30,M-C,gen9championsvgc2026regmcbo3,0,Vanilluxe,Kingambit,25.726
2026-09-30,M-C,gen9championsvgc2026regmcbo3,0,Vanilluxe,Indeedee-F,24.713
2026-09-30,M-C,gen9championsvgc2026regmcbo3,0,Vanilluxe,Rillaboom,24.443
2026-09-30,M-C,gen9championsvgc2026regmcbo3,0,Vanilluxe,Farigiraf,21.472
2026-09-30,M-C,gen9championsvgc2026regmcbo3,0,Vanilluxe,Salamence-Mega,15.057
2026-09-30,M-C,gen9championsvgc2026regmcbo3,0,Vanilluxe,Camerupt-Mega,14.922
2026-09-30,M-C,gen9championsvgc2026regmcbo3,0,Vanilluxe,Armarouge,12.694
2026-09-30,M-C,gen9championsvgc2026regmcbo3,0,Vanilluxe,Incineroar,12.154
2026-09-30,M-C,gen9championsvgc2026regmcbo3,0,Vanilluxe,Raichu-Mega-Y,11.749
2026-09-30,M-C,gen9championsvgc2026regmcbo3,0,Kangaskhan,Farigiraf,57.291
2026-09-30,M-C,gen9championsvgc2026regmcbo3,0,Kangaskhan,Camerupt-Mega,27.851
2026-09-30,M-C,gen9championsvgc2026regmcbo3,0,Kangaskhan,Torkoal,26.469
2026-09-30,M-C,gen9championsvgc2026regmcbo3,0,Kangaskhan,Kingambit,17.761
2026-09-30,M-C,gen9championsvgc2026regmcbo3,0,Kangaskhan,Basculegion,13.96
2026-09-30,M-C,gen9championsvgc2026regmcbo3,0,Kangaskhan,Whimsicott,13.131
2026-09-30,M-C,gen9championsvgc2026regmcbo3,0,Kangaskhan,Mawile-Mega,12.854
2026-09-30,M-C,gen9championsvgc2026regmcbo3,0,Kangaskhan,Indeedee-F,12.094
2026-09-30,M-C,gen9championsvgc2026regmcbo3,0,Kangaskhan,Golisopod-Mega,10.712
2026-09-30,M-C,gen9championsvgc2026regmcbo3,0,Kangaskhan,Chandelure-Mega,10.366
2026-09-30,M-C,gen9championsvgc2026regmcbo3,0,Altaria,Indeedee-F,62.941
2026-09-30,M-C,gen9championsvgc2026regmcbo3,0,Altaria,Metagross-Mega,59.632
2026-09-30,M-C,gen9championsvgc2026regmcbo3,0,Altaria,Milotic,57.868
2026-09-30,M-C,gen9championsvgc2026regmcbo3,0,Altaria,Arcanine-Hisui,56.176
2026-09-30,M-C,gen9championsvgc2026regmcbo3,0,Altaria,Dragapult,56.103
2026-09-30,M-C,gen9championsvgc2026regmcbo3,0,Altaria,Incineroar,16.838
2026-09-30,M-C,gen9championsvgc2026regmcbo3,0,Altaria,Rillaboom,15.221
2026-09-30,M-C,gen9championsvgc2026regmcbo3,0,Altaria,Sneasler,11.25
2026-09-30,M-C,gen9championsvgc2026regmcbo3,0,Altaria,Gengar-Mega,10.294
2026-09-30,M-C,gen9championsvgc2026regmcbo3,0,Altaria,Kingambit,8.162
2026-09-30,M-C,gen9championsvgc2026regmcbo3,0,Samurott-Hisui,Rillaboom,29.14
2026-09-30,M-C,gen9championsvgc2026regmcbo3,0,Samurott-Hisui,Gholdengo,22.388
2026-09-30,M-C,gen9championsvgc2026regmcbo3,0,Samurott-Hisui,Whimsicott,19.261
2026-09-30,M-C,gen9championsvgc2026regmcbo3,0,Samurott-Hisui,Salamence-Mega,18.621
2026-09-30,M-C,gen9championsvgc2026regmcbo3,0,Samurott-Hisui,Sneasler,18.124
2026-09-30,M-C,gen9championsvgc2026regmcbo3,0,Samurott-Hisui,Indeedee-F,16.418
2026-09-30,M-C,gen9championsvgc2026regmcbo3,0,Samurott-Hisui,Incineroar,15.92
2026-09-30,M-C,gen9championsvgc2026regmcbo3,0,Samurott-Hisui,Raichu-Mega-Y,10.519
2026-09-30,M-C,gen9championsvgc2026regmcbo3,0,Samurott-Hisui,Delphox-Mega,9.95
2026-09-30,M-C,gen9championsvgc2026regmcbo3,0,Samurott-Hisui,Farigiraf,8.6
2026-09-30,M-C,gen9championsvgc2026regmcbo3,0,Mimikyu,Golisopod-Mega,26.728
2026-09-30,M-C,gen9championsvgc2026regmcbo3,0,Mimikyu,Rillaboom,19.743
2026-09-30,M-C,gen9championsvgc2026regmcbo3,0,Mimikyu,Milotic,17.962
2026-09-30,M-C,gen9championsvgc2026regmcbo3,0,Mimikyu,Baxcalibur-Mega,13.828
2026-09-30,M-C,gen9championsvgc2026regmcbo3,0,Mimikyu,Torkoal,13.614
2026-09-30,M-C,gen9championsvgc2026regmcbo3,0,Mimikyu,Salamence-Mega,12.901
2026-09-30,M-C,gen9championsvgc2026regmcbo3,0,Mimikyu,Incineroar,12.331
2026-09-30,M-C,gen9championsvgc2026regmcbo3,0,Mimikyu,Kingambit,11.19
2026-09-30,M-C,gen9championsvgc2026regmcbo3,0,Mimikyu,Farigiraf,9.195
2026-09-30,M-C,gen9championsvgc2026regmcbo3,0,Mimikyu,Corviknight,9.195
2026-09-30,M-C,gen9championsvgc2026regmcbo3,0,Manectric-Mega,Rillaboom,57.177
2026-09-30,M-C,gen9championsvgc2026regmcbo3,0,Manectric-Mega,Archaludon,43.062
2026-09-30,M-C,gen9championsvgc2026regmcbo3,0,Manectric-Mega,Sneasler,35.088
2026-09-30,M-C,gen9championsvgc2026regmcbo3,0,Manectric-Mega,Pelipper,35.008
2026-09-30,M-C,gen9championsvgc2026regmcbo3,0,Manectric-Mega,Incineroar,22.648
2026-09-30,M-C,gen9championsvgc2026regmcbo3,0,Manectric-Mega,Basculegion,21.053
2026-09-30,M-C,gen9championsvgc2026regmcbo3,0,Manectric-Mega,Volcarona,14.354
2026-09-30,M-C,gen9championsvgc2026regmcbo3,0,Manectric-Mega,Golisopod-Mega,12.041
2026-09-30,M-C,gen9championsvgc2026regmcbo3,0,Manectric-Mega,Gengar-Mega,11.164
2026-09-30,M-C,gen9championsvgc2026regmcbo3,0,Manectric-Mega,Indeedee-F,11.085
2026-09-30,M-C,gen9championsvgc2026regmcbo3,0,Gliscor,Rillaboom,26.876
2026-09-30,M-C,gen9championsvgc2026regmcbo3,0,Gliscor,Indeedee-F,22.665
2026-09-30,M-C,gen9championsvgc2026regmcbo3,0,Gliscor,Incineroar,20.291
2026-09-30,M-C,gen9championsvgc2026regmcbo3,0,Gliscor,Sneasler,16.233
2026-09-30,M-C,gen9championsvgc2026regmcbo3,0,Gliscor,Kingambit,15.697
2026-09-30,M-C,gen9championsvgc2026regmcbo3,0,Gliscor,Charizard-Mega-Y,11.562
2026-09-30,M-C,gen9championsvgc2026regmcbo3,0,Gliscor,Gholdengo,9.648
2026-09-30,M-C,gen9championsvgc2026regmcbo3,0,Gliscor,Armarouge,9.571
2026-09-30,M-C,gen9championsvgc2026regmcbo3,0,Gliscor,Floette-Mega,8.882
2026-09-30,M-C,gen9championsvgc2026regmcbo3,0,Gliscor,Garchomp-Mega-Z,8.729
2026-09-30,M-C,gen9championsvgc2026regmcbo3,0,Lucario-Mega,Incineroar,27.195
2026-09-30,M-C,gen9championsvgc2026regmcbo3,0,Lucario-Mega,Farigiraf,21.678
2026-09-30,M-C,gen9championsvgc2026regmcbo3,0,Lucario-Mega,Rillaboom,16.162
2026-09-30,M-C,gen9championsvgc2026regmcbo3,0,Lucario-Mega,Indeedee-F,15.695
2026-09-30,M-C,gen9championsvgc2026regmcbo3,0,Lucario-Mega,Pelipper,15.307
2026-09-30,M-C,gen9championsvgc2026regmcbo3,0,Lucario-Mega,Basculegion,14.141
2026-09-30,M-C,gen9championsvgc2026regmcbo3,0,Lucario-Mega,Hatterene,14.141
2026-09-30,M-C,gen9championsvgc2026regmcbo3,0,Lucario-Mega,Torkoal,13.131
2026-09-30,M-C,gen9championsvgc2026regmcbo3,0,Lucario-Mega,Whimsicott,12.743
2026-09-30,M-C,gen9championsvgc2026regmcbo3,0,Lucario-Mega,Milotic,10.723
2026-09-30,M-C,gen9championsvgc2026regmcbo3,0,Scrafty,Gengar-Mega,62.5
2026-09-30,M-C,gen9championsvgc2026regmcbo3,0,Scrafty,Rillaboom,56.417
2026-09-30,M-C,gen9championsvgc2026regmcbo3,0,Scrafty,Incineroar,53.0
2026-09-30,M-C,gen9championsvgc2026regmcbo3,0,Scrafty,Snorlax,49.0
2026-09-30,M-C,gen9championsvgc2026regmcbo3,0,Scrafty,Dragonite,44.417
2026-09-30,M-C,gen9championsvgc2026regmcbo3,0,Scrafty,Farigiraf,14.667
2026-09-30,M-C,gen9championsvgc2026regmcbo3,0,Scrafty,Sableye,8.667
2026-09-30,M-C,gen9championsvgc2026regmcbo3,0,Scrafty,Tinkaton,6.0
2026-09-30,M-C,gen9championsvgc2026regmcbo3,0,Scrafty,Milotic,5.833
2026-09-30,M-C,gen9championsvgc2026regmcbo3,0,Scrafty,Abomasnow-Mega,5.667
2026-09-30,M-C,gen9championsvgc2026regmcbo3,0,Aggron-Mega,Rillaboom,32.048
2026-09-30,M-C,gen9championsvgc2026regmcbo3,0,Aggron-Mega,Incineroar,29.478
2026-09-30,M-C,gen9championsvgc2026regmcbo3,0,Aggron-Mega,Sinistcha,28.996
2026-09-30,M-C,gen9championsvgc2026regmcbo3,0,Aggron-Mega,Farigiraf,20.0
2026-09-30,M-C,gen9championsvgc2026regmcbo3,0,Aggron-Mega,Indeedee-F,16.305
2026-09-30,M-C,gen9championsvgc2026regmcbo3,0,Aggron-Mega,Pelipper,15.422
2026-09-30,M-C,gen9championsvgc2026regmcbo3,0,Aggron-Mega,Hydreigon,11.004
2026-09-30,M-C,gen9championsvgc2026regmcbo3,0,Aggron-Mega,Grimmsnarl,10.442
2026-09-30,M-C,gen9championsvgc2026regmcbo3,0,Aggron-Mega,Sneasler,9.799
2026-09-30,M-C,gen9championsvgc2026regmcbo3,0,Aggron-Mega,Basculegion,9.799
2026-09-30,M-C,gen9championsvgc2026regmcbo3,0,Vileplume,Torkoal,65.712
2026-09-30,M-C,gen9championsvgc2026regmcbo3,0,Vileplume,Indeedee-F,37.321
2026-09-30,M-C,gen9championsvgc2026regmcbo3,0,Vileplume,Farigiraf,34.372
2026-09-30,M-C,gen9championsvgc2026regmcbo3,0,Vileplume,Mawile-Mega,19.124
2026-09-30,M-C,gen9championsvgc2026regmcbo3,0,Vileplume,Gardevoir-Mega,17.102
2026-09-30,M-C,gen9championsvgc2026regmcbo3,0,Vileplume,Hatterene,13.732
2026-09-30,M-C,gen9championsvgc2026regmcbo3,0,Vileplume,Kangaskhan,12.216
2026-09-30,M-C,gen9championsvgc2026regmcbo3,0,Vileplume,Charizard-Mega-Y,10.783
2026-09-30,M-C,gen9championsvgc2026regmcbo3,0,Vileplume,Basculegion,10.11
2026-09-30,M-C,gen9championsvgc2026regmcbo3,0,Vileplume,Incineroar,9.857
2026-09-30,M-C,gen9championsvgc2026regmcbo3,0,Dragalge-Mega,Farigiraf,19.949
2026-09-30,M-C,gen9championsvgc2026regmcbo3,0,Dragalge-Mega,Incineroar,19.529
2026-09-30,M-C,gen9championsvgc2026regmcbo3,0,Dragalge-Mega,Rillaboom,18.855
2026-09-30,M-C,gen9championsvgc2026regmcbo3,0,Dragalge-Mega,Sinistcha,18.771
2026-09-30,M-C,gen9championsvgc2026regmcbo3,0,Dragalge-Mega,Indeedee-F,17.929
2026-09-30,M-C,gen9championsvgc2026regmcbo3,0,Dragalge-Mega,Golisopod-Mega,16.162
2026-09-30,M-C,gen9championsvgc2026regmcbo3,0,Dragalge-Mega,Armarouge,11.785
2026-09-30,M-C,gen9championsvgc2026regmcbo3,0,Dragalge-Mega,Kingambit,9.933
2026-09-30,M-C,gen9championsvgc2026regmcbo3,0,Dragalge-Mega,Pelipper,9.848
2026-09-30,M-C,gen9championsvgc2026regmcbo3,0,Dragalge-Mega,Grimmsnarl,9.596
2026-09-30,M-C,gen9championsvgc2026regmcbo3,0,Scizor-Mega,Rillaboom,27.733
2026-09-30,M-C,gen9championsvgc2026regmcbo3,0,Scizor-Mega,Sneasler,27.022
2026-09-30,M-C,gen9championsvgc2026regmcbo3,0,Scizor-Mega,Incineroar,22.311
2026-09-30,M-C,gen9championsvgc2026regmcbo3,0,Scizor-Mega,Pelipper,21.867
2026-09-30,M-C,gen9championsvgc2026regmcbo3,0,Scizor-Mega,Salamence-Mega,17.956
2026-09-30,M-C,gen9championsvgc2026regmcbo3,0,Scizor-Mega,Sinistcha,17.333
2026-09-30,M-C,gen9championsvgc2026regmcbo3,0,Scizor-Mega,Archaludon,17.156
2026-09-30,M-C,gen9championsvgc2026regmcbo3,0,Scizor-Mega,Indeedee-F,13.067
2026-09-30,M-C,gen9championsvgc2026regmcbo3,0,Scizor-Mega,Basculegion,10.311
2026-09-30,M-C,gen9championsvgc2026regmcbo3,0,Scizor-Mega,Gardevoir-Mega,10.311
2026-09-30,M-C,gen9championsvgc2026regmcbo3,0,Cinderace,Rillaboom,25.63
2026-09-30,M-C,gen9championsvgc2026regmcbo3,0,Cinderace,Whimsicott,25.282
2026-09-30,M-C,gen9championsvgc2026regmcbo3,0,Cinderace,Gholdengo,22.589
2026-09-30,M-C,gen9championsvgc2026regmcbo3,0,Cinderace,Salamence-Mega,20.504
2026-09-30,M-C,gen9championsvgc2026regmcbo3,0,Cinderace,Sneasler,18.158
2026-09-30,M-C,gen9championsvgc2026regmcbo3,0,Cinderace,Basculegion,17.55
2026-09-30,M-C,gen9championsvgc2026regmcbo3,0,Cinderace,Floette-Mega,16.594
2026-09-30,M-C,gen9championsvgc2026regmcbo3,0,Cinderace,Farigiraf,14.422
2026-09-30,M-C,gen9championsvgc2026regmcbo3,0,Cinderace,Kingambit,13.293
2026-09-30,M-C,gen9championsvgc2026regmcbo3,0,Cinderace,Indeedee-F,10.947
2026-09-30,M-C,gen9championsvgc2026regmcbo3,0,Steelix-Mega,Sinistcha,29.364
2026-09-30,M-C,gen9championsvgc2026regmcbo3,0,Steelix-Mega,Tyranitar-Mega,28.455
2026-09-30,M-C,gen9championsvgc2026regmcbo3,0,Steelix-Mega,Tyranitar,26.364
2026-09-30,M-C,gen9championsvgc2026regmcbo3,0,Steelix-Mega,Farigiraf,23.364
2026-09-30,M-C,gen9championsvgc2026regmcbo3,0,Steelix-Mega,Sneasler,23.0
2026-09-30,M-C,gen9championsvgc2026regmcbo3,0,Steelix-Mega,Indeedee-F,20.909
2026-09-30,M-C,gen9championsvgc2026regmcbo3,0,Steelix-Mega,Incineroar,19.0
2026-09-30,M-C,gen9championsvgc2026regmcbo3,0,Steelix-Mega,Rillaboom,17.727
2026-09-30,M-C,gen9championsvgc2026regmcbo3,0,Steelix-Mega,Milotic,12.818
2026-09-30,M-C,gen9championsvgc2026regmcbo3,0,Steelix-Mega,Rotom-Wash,11.545
2026-09-30,M-C,gen9championsvgc2026regmcbo3,0,Slowking-Galar,Indeedee-F,24.882
2026-09-30,M-C,gen9championsvgc2026regmcbo3,0,Slowking-Galar,Golisopod-Mega,22.149
2026-09-30,M-C,gen9championsvgc2026regmcbo3,0,Slowking-Galar,Incineroar,19.51
2026-09-30,M-C,gen9championsvgc2026regmcbo3,0,Slowking-Galar,Rillaboom,18.096
2026-09-30,M-C,gen9championsvgc2026regmcbo3,0,Slowking-Galar,Pelipper,11.593
2026-09-30,M-C,gen9championsvgc2026regmcbo3,0,Slowking-Galar,Farigiraf,11.593
2026-09-30,M-C,gen9championsvgc2026regmcbo3,0,Slowking-Galar,Scovillain-Mega,8.671
2026-09-30,M-C,gen9championsvgc2026regmcbo3,0,Slowking-Galar,Archaludon,8.577
2026-09-30,M-C,gen9championsvgc2026regmcbo3,0,Slowking-Galar,Baxcalibur-Mega,8.2
2026-09-30,M-C,gen9championsvgc2026regmcbo3,0,Slowking-Galar,Gholdengo,8.106
2026-09-30,M-C,gen9championsvgc2026regmcbo3,0,Hippowdon,Rillaboom,59.884
2026-09-30,M-C,gen9championsvgc2026regmcbo3,0,Hippowdon,Incineroar,51.591
2026-09-30,M-C,gen9championsvgc2026regmcbo3,0,Hippowdon,Gengar-Mega,40.887
2026-09-30,M-C,gen9championsvgc2026regmcbo3,0,Hippowdon,Kingambit,40.212
2026-09-30,M-C,gen9championsvgc2026regmcbo3,0,Hippowdon,Sneasler,32.305
2026-09-30,M-C,gen9championsvgc2026regmcbo3,0,Hippowdon,Volcarona,16.876
2026-09-30,M-C,gen9championsvgc2026regmcbo3,0,Hippowdon,Salamence-Mega,14.176
2026-09-30,M-C,gen9championsvgc2026regmcbo3,0,Hippowdon,Glimmora-Mega,10.897
2026-09-30,M-C,gen9championsvgc2026regmcbo3,0,Hippowdon,Garchomp-Mega-Z,9.161
2026-09-30,M-C,gen9championsvgc2026regmcbo3,0,Hippowdon,Excadrill,6.847
2026-09-30,M-C,gen9championsvgc2026regmcbo3,0,Ditto,Rillaboom,18.117
2026-09-30,M-C,gen9championsvgc2026regmcbo3,0,Ditto,Indeedee-F,17.578
2026-09-30,M-C,gen9championsvgc2026regmcbo3,0,Ditto,Whimsicott,14.17
2026-09-30,M-C,gen9championsvgc2026regmcbo3,0,Ditto,Incineroar,13.991
2026-09-30,M-C,gen9championsvgc2026regmcbo3,0,Ditto,Salamence-Mega,11.57
2026-09-30,M-C,gen9championsvgc2026regmcbo3,0,Ditto,Sneasler,11.121
2026-09-30,M-C,gen9championsvgc2026regmcbo3,0,Ditto,Golisopod-Mega,11.121
2026-09-30,M-C,gen9championsvgc2026regmcbo3,0,Ditto,Archaludon,10.045
2026-09-30,M-C,gen9championsvgc2026regmcbo3,0,Ditto,Pelipper,9.507
2026-09-30,M-C,gen9championsvgc2026regmcbo3,0,Ditto,Basculegion,8.879
2026-09-30,M-C,gen9championsvgc2026regmcbo3,0,Azumarill,Rillaboom,40.533
2026-09-30,M-C,gen9championsvgc2026regmcbo3,0,Azumarill,Salamence-Mega,25.247
2026-09-30,M-C,gen9championsvgc2026regmcbo3,0,Azumarill,Raichu-Mega-Y,22.091
2026-09-30,M-C,gen9championsvgc2026regmcbo3,0,Azumarill,Farigiraf,21.4
2026-09-30,M-C,gen9championsvgc2026regmcbo3,0,Azumarill,Kingambit,20.118
2026-09-30,M-C,gen9championsvgc2026regmcbo3,0,Azumarill,Arcanine-Hisui,19.625
2026-09-30,M-C,gen9championsvgc2026regmcbo3,0,Azumarill,Indeedee-F,16.174
2026-09-30,M-C,gen9championsvgc2026regmcbo3,0,Azumarill,Incineroar,15.089
2026-09-30,M-C,gen9championsvgc2026regmcbo3,0,Azumarill,Gholdengo,13.905
2026-09-30,M-C,gen9championsvgc2026regmcbo3,0,Azumarill,Camerupt-Mega,13.215
2026-09-30,M-C,gen9championsvgc2026regmcbo3,0,Chesnaught-Mega,Indeedee-F,30.995
2026-09-30,M-C,gen9championsvgc2026regmcbo3,0,Chesnaught-Mega,Rillaboom,29.953
2026-09-30,M-C,gen9championsvgc2026regmcbo3,0,Chesnaught-Mega,Incineroar,23.697
2026-09-30,M-C,gen9championsvgc2026regmcbo3,0,Chesnaught-Mega,Farigiraf,20.0
2026-09-30,M-C,gen9championsvgc2026regmcbo3,0,Chesnaught-Mega,Armarouge,14.028
2026-09-30,M-C,gen9championsvgc2026regmcbo3,0,Chesnaught-Mega,Kingambit,13.175
2026-09-30,M-C,gen9championsvgc2026regmcbo3,0,Chesnaught-Mega,Delphox-Mega,11.469
2026-09-30,M-C,gen9championsvgc2026regmcbo3,0,Chesnaught-Mega,Pelipper,10.237
2026-09-30,M-C,gen9championsvgc2026regmcbo3,0,Chesnaught-Mega,Primarina,7.109
2026-09-30,M-C,gen9championsvgc2026regmcbo3,0,Chesnaught-Mega,Sneasler,6.825
2026-09-30,M-C,gen9championsvgc2026regmcbo3,0,Overqwil,Pelipper,31.306
2026-09-30,M-C,gen9championsvgc2026regmcbo3,0,Overqwil,Golisopod-Mega,23.131
2026-09-30,M-C,gen9championsvgc2026regmcbo3,0,Overqwil,Sneasler,17.049
2026-09-30,M-C,gen9championsvgc2026regmcbo3,0,Overqwil,Indeedee-F,12.064
2026-09-30,M-C,gen9championsvgc2026regmcbo3,0,Overqwil,Farigiraf,10.967
2026-09-30,M-C,gen9championsvgc2026regmcbo3,0,Overqwil,Archaludon,10.768
2026-09-30,M-C,gen9championsvgc2026regmcbo3,0,Overqwil,Ninetales-Alola,10.668
2026-09-30,M-C,gen9championsvgc2026regmcbo3,0,Overqwil,Rillaboom,10.07
2026-09-30,M-C,gen9championsvgc2026regmcbo3,0,Overqwil,Delphox-Mega,9.87
2026-09-30,M-C,gen9championsvgc2026regmcbo3,0,Overqwil,Sableye,9.372
2026-09-30,M-C,gen9championsvgc2026regmcbo3,0,Ninetales,Indeedee-F,42.614
2026-09-30,M-C,gen9championsvgc2026regmcbo3,0,Ninetales,Pyroar-Mega,30.925
2026-09-30,M-C,gen9championsvgc2026regmcbo3,0,Ninetales,Whimsicott,26.461
2026-09-30,M-C,gen9championsvgc2026regmcbo3,0,Ninetales,Basculegion,20.935
2026-09-30,M-C,gen9championsvgc2026regmcbo3,0,Ninetales,Sneasler,18.385
2026-09-30,M-C,gen9championsvgc2026regmcbo3,0,Ninetales,Gardevoir-Mega,17.535
2026-09-30,M-C,gen9championsvgc2026regmcbo3,0,Ninetales,Zoroark-Hisui,13.921
2026-09-30,M-C,gen9championsvgc2026regmcbo3,0,Ninetales,Incineroar,13.071
2026-09-30,M-C,gen9championsvgc2026regmcbo3,0,Ninetales,Rillaboom,11.902
2026-09-30,M-C,gen9championsvgc2026regmcbo3,0,Ninetales,Farigiraf,11.371
2026-09-30,M-C,gen9championsvgc2026regmcbo3,0,Chandelure-Mega,Whimsicott,33.604
2026-09-30,M-C,gen9championsvgc2026regmcbo3,0,Chandelure-Mega,Sneasler,32.995
2026-09-30,M-C,gen9championsvgc2026regmcbo3,0,Chandelure-Mega,Indeedee-F,23.553
2026-09-30,M-C,gen9championsvgc2026regmcbo3,0,Chandelure-Mega,Torkoal,17.766
2026-09-30,M-C,gen9championsvgc2026regmcbo3,0,Chandelure-Mega,Basculegion,17.259
2026-09-30,M-C,gen9championsvgc2026regmcbo3,0,Chandelure-Mega,Rillaboom,16.345
2026-09-30,M-C,gen9championsvgc2026regmcbo3,0,Chandelure-Mega,Kangaskhan,15.228
2026-09-30,M-C,gen9championsvgc2026regmcbo3,0,Chandelure-Mega,Kingambit,14.01
2026-09-30,M-C,gen9championsvgc2026regmcbo3,0,Chandelure-Mega,Milotic,12.589
2026-09-30,M-C,gen9championsvgc2026regmcbo3,0,Chandelure-Mega,Farigiraf,11.472
2026-09-30,M-C,gen9championsvgc2026regmcbo3,0,Greninja-Mega,Sneasler,34.841
2026-09-30,M-C,gen9championsvgc2026regmcbo3,0,Greninja-Mega,Rillaboom,21.686
2026-09-30,M-C,gen9championsvgc2026regmcbo3,0,Greninja-Mega,Indeedee,18.808
2026-09-30,M-C,gen9championsvgc2026regmcbo3,0,Greninja-Mega,Pelipper,15.211
2026-09-30,M-C,gen9championsvgc2026regmcbo3,0,Greninja-Mega,Incineroar,13.669
2026-09-30,M-C,gen9championsvgc2026regmcbo3,0,Greninja-Mega,Ninetales-Alola,12.539
2026-09-30,M-C,gen9championsvgc2026regmcbo3,0,Greninja-Mega,Annihilape,12.539
2026-09-30,M-C,gen9championsvgc2026regmcbo3,0,Greninja-Mega,Venusaur,11.819
2026-09-30,M-C,gen9championsvgc2026regmcbo3,0,Greninja-Mega,Charizard-Mega-Y,11.614
2026-09-30,M-C,gen9championsvgc2026regmcbo3,0,Greninja-Mega,Archaludon,11.1
2026-09-30,M-C,gen9championsvgc2026regmcbo3,0,Abomasnow-Mega,Farigiraf,53.632
2026-09-30,M-C,gen9championsvgc2026regmcbo3,0,Abomasnow-Mega,Camerupt-Mega,39.316
2026-09-30,M-C,gen9championsvgc2026regmcbo3,0,Abomasnow-Mega,Indeedee-F,33.12
2026-09-30,M-C,gen9championsvgc2026regmcbo3,0,Abomasnow-Mega,Incineroar,27.457
2026-09-30,M-C,gen9championsvgc2026regmcbo3,0,Abomasnow-Mega,Kingambit,14.637
2026-09-30,M-C,gen9championsvgc2026regmcbo3,0,Abomasnow-Mega,Hatterene,14.316
2026-09-30,M-C,gen9championsvgc2026regmcbo3,0,Abomasnow-Mega,Sneasler,11.966
2026-09-30,M-C,gen9championsvgc2026regmcbo3,0,Abomasnow-Mega,Maushold,10.684
2026-09-30,M-C,gen9championsvgc2026regmcbo3,0,Abomasnow-Mega,Armarouge,9.722
2026-09-30,M-C,gen9championsvgc2026regmcbo3,0,Abomasnow-Mega,Milotic,7.585
2026-09-30,M-C,gen9championsvgc2026regmcbo3,0,Krookodile,Sneasler,24.481
2026-09-30,M-C,gen9championsvgc2026regmcbo3,0,Krookodile,Whimsicott,23.388
2026-09-30,M-C,gen9championsvgc2026regmcbo3,0,Krookodile,Charizard-Mega-Y,18.798
2026-09-30,M-C,gen9championsvgc2026regmcbo3,0,Krookodile,Indeedee,13.661
2026-09-30,M-C,gen9championsvgc2026regmcbo3,0,Krookodile,Gholdengo,12.459
2026-09-30,M-C,gen9championsvgc2026regmcbo3,0,Krookodile,Milotic,11.694
2026-09-30,M-C,gen9championsvgc2026regmcbo3,0,Krookodile,Rillaboom,11.148
2026-09-30,M-C,gen9championsvgc2026regmcbo3,0,Krookodile,Venusaur,10.82
2026-09-30,M-C,gen9championsvgc2026regmcbo3,0,Krookodile,Empoleon,10.601
2026-09-30,M-C,gen9championsvgc2026regmcbo3,0,Krookodile,Garchomp-Mega-Z,9.071
2026-09-30,M-C,gen9championsvgc2026regmcbo3,0,Salamence,Rillaboom,38.681
2026-09-30,M-C,gen9championsvgc2026regmcbo3,0,Salamence,Sneasler,23.956
2026-09-30,M-C,gen9championsvgc2026regmcbo3,0,Salamence,Kingambit,20.44
2026-09-30,M-C,gen9championsvgc2026regmcbo3,0,Salamence,Gholdengo,17.143
2026-09-30,M-C,gen9championsvgc2026regmcbo3,0,Salamence,Tyranitar-Mega,16.374
2026-09-30,M-C,gen9championsvgc2026regmcbo3,0,Salamence,Indeedee-F,15.275
2026-09-30,M-C,gen9championsvgc2026regmcbo3,0,Salamence,Excadrill,13.736
2026-09-30,M-C,gen9championsvgc2026regmcbo3,0,Salamence,Raichu-Mega-Y,11.099
2026-09-30,M-C,gen9championsvgc2026regmcbo3,0,Salamence,Milotic,10.989
2026-09-30,M-C,gen9championsvgc2026regmcbo3,0,Salamence,Incineroar,10.659
2026-09-30,M-C,gen9championsvgc2026regmcbo3,0,Golurk-Mega,Farigiraf,39.251
2026-09-30,M-C,gen9championsvgc2026regmcbo3,0,Golurk-Mega,Indeedee-F,35.187
2026-09-30,M-C,gen9championsvgc2026regmcbo3,0,Golurk-Mega,Torkoal,33.155
2026-09-30,M-C,gen9championsvgc2026regmcbo3,0,Golurk-Mega,Hatterene,20.963
2026-09-30,M-C,gen9championsvgc2026regmcbo3,0,Golurk-Mega,Incineroar,18.289
2026-09-30,M-C,gen9championsvgc2026regmcbo3,0,Golurk-Mega,Kingambit,15.294
2026-09-30,M-C,gen9championsvgc2026regmcbo3,0,Golurk-Mega,Golisopod-Mega,14.545
2026-09-30,M-C,gen9championsvgc2026regmcbo3,0,Golurk-Mega,Armarouge,12.299
2026-09-30,M-C,gen9championsvgc2026regmcbo3,0,Golurk-Mega,Sneasler,10.374
2026-09-30,M-C,gen9championsvgc2026regmcbo3,0,Golurk-Mega,Maushold,10.053
2026-09-30,M-C,gen9championsvgc2026regmcbo3,0,Raichu,Incineroar,28.202
2026-09-30,M-C,gen9championsvgc2026regmcbo3,0,Raichu,Staraptor-Mega,27.018
2026-09-30,M-C,gen9championsvgc2026regmcbo3,0,Raichu,Rillaboom,26.803
2026-09-30,M-C,gen9championsvgc2026regmcbo3,0,Raichu,Gengar-Mega,15.823
2026-09-30,M-C,gen9championsvgc2026regmcbo3,0,Raichu,Whimsicott,15.07
2026-09-30,M-C,gen9championsvgc2026regmcbo3,0,Raichu,Politoed,14.855
2026-09-30,M-C,gen9championsvgc2026regmcbo3,0,Raichu,Milotic,13.348
2026-09-30,M-C,gen9championsvgc2026regmcbo3,0,Raichu,Grimmsnarl,12.594
2026-09-30,M-C,gen9championsvgc2026regmcbo3,0,Raichu,Garchomp,12.487
2026-09-30,M-C,gen9championsvgc2026regmcbo3,0,Raichu,Kingambit,11.195
2026-09-30,M-C,gen9championsvgc2026regmcbo3,0,Mudsdale,Indeedee-F,40.824
2026-09-30,M-C,gen9championsvgc2026regmcbo3,0,Mudsdale,Incineroar,28.588
2026-09-30,M-C,gen9championsvgc2026regmcbo3,0,Mudsdale,Farigiraf,25.294
2026-09-30,M-C,gen9championsvgc2026regmcbo3,0,Mudsdale,Golisopod-Mega,24.0
2026-09-30,M-C,gen9championsvgc2026regmcbo3,0,Mudsdale,Torkoal,19.294
2026-09-30,M-C,gen9championsvgc2026regmcbo3,0,Mudsdale,Gardevoir-Mega,18.0
2026-09-30,M-C,gen9championsvgc2026regmcbo3,0,Mudsdale,Salamence-Mega,14.706
2026-09-30,M-C,gen9championsvgc2026regmcbo3,0,Mudsdale,Kingambit,13.529
2026-09-30,M-C,gen9championsvgc2026regmcbo3,0,Mudsdale,Annihilape,12.941
2026-09-30,M-C,gen9championsvgc2026regmcbo3,0,Mudsdale,Rillaboom,10.588
2026-09-30,M-C,gen9championsvgc2026regmcbo3,0,Slowbro-Mega,Indeedee-F,47.281
2026-09-30,M-C,gen9championsvgc2026regmcbo3,0,Slowbro-Mega,Incineroar,18.979
2026-09-30,M-C,gen9championsvgc2026regmcbo3,0,Slowbro-Mega,Kingambit,18.646
2026-09-30,M-C,gen9championsvgc2026regmcbo3,0,Slowbro-Mega,Torkoal,18.424
2026-09-30,M-C,gen9championsvgc2026regmcbo3,0,Slowbro-Mega,Sneasler,16.537
2026-09-30,M-C,gen9championsvgc2026regmcbo3,0,Slowbro-Mega,Camerupt-Mega,15.871
2026-09-30,M-C,gen9championsvgc2026regmcbo3,0,Slowbro-Mega,Grapploct,13.541
2026-09-30,M-C,gen9championsvgc2026regmcbo3,0,Slowbro-Mega,Farigiraf,13.208
2026-09-30,M-C,gen9championsvgc2026regmcbo3,0,Slowbro-Mega,Sinistcha,12.542
2026-09-30,M-C,gen9championsvgc2026regmcbo3,0,Slowbro-Mega,Rillaboom,11.21
2026-09-30,M-C,gen9championsvgc2026regmcbo3,0,Oranguru,Primarina,16.783
2026-09-30,M-C,gen9championsvgc2026regmcbo3,0,Oranguru,Golisopod-Mega,15.789
2026-09-30,M-C,gen9championsvgc2026regmcbo3,0,Oranguru,Pelipper,14.995
2026-09-30,M-C,gen9championsvgc2026regmcbo3,0,Oranguru,Indeedee-F,13.605
2026-09-30,M-C,gen9championsvgc2026regmcbo3,0,Oranguru,Torkoal,13.307
2026-09-30,M-C,gen9championsvgc2026regmcbo3,0,Oranguru,Sinistcha,12.81
2026-09-30,M-C,gen9championsvgc2026regmcbo3,0,Oranguru,Incineroar,12.115
2026-09-30,M-C,gen9championsvgc2026regmcbo3,0,Oranguru,Kingambit,11.718
2026-09-30,M-C,gen9championsvgc2026regmcbo3,0,Oranguru,Rillaboom,11.221
2026-09-30,M-C,gen9championsvgc2026regmcbo3,0,Oranguru,Camerupt-Mega,9.037
2026-09-30,M-C,gen9championsvgc2026regmcbo3,0,Gyarados,Rillaboom,18.337
2026-09-30,M-C,gen9championsvgc2026regmcbo3,0,Gyarados,Garchomp,14.92
2026-09-30,M-C,gen9championsvgc2026regmcbo3,0,Gyarados,Lucario-Mega-Z,14.009
2026-09-30,M-C,gen9championsvgc2026regmcbo3,0,Gyarados,Sneasler,13.554
2026-09-30,M-C,gen9championsvgc2026regmcbo3,0,Gyarados,Indeedee-F,10.706
2026-09-30,M-C,gen9championsvgc2026regmcbo3,0,Gyarados,Kingambit,10.592
2026-09-30,M-C,gen9championsvgc2026regmcbo3,0,Gyarados,Farigiraf,10.023
2026-09-30,M-C,gen9championsvgc2026regmcbo3,0,Gyarados,Pelipper,9.909
2026-09-30,M-C,gen9championsvgc2026regmcbo3,0,Gyarados,Sinistcha,9.681
2026-09-30,M-C,gen9championsvgc2026regmcbo3,0,Gyarados,Metagross-Mega,9.226
2026-09-30,M-C,gen9championsvgc2026regmcbo3,0,Hawlucha,Raichu-Mega-X,54.358
2026-09-30,M-C,gen9championsvgc2026regmcbo3,0,Hawlucha,Incineroar,31.235
2026-09-30,M-C,gen9championsvgc2026regmcbo3,0,Hawlucha,Toxtricity,24.455
2026-09-30,M-C,gen9championsvgc2026regmcbo3,0,Hawlucha,Volcarona,22.155
2026-09-30,M-C,gen9championsvgc2026regmcbo3,0,Hawlucha,Rillaboom,13.075
2026-09-30,M-C,gen9championsvgc2026regmcbo3,0,Hawlucha,Baxcalibur,11.38
2026-09-30,M-C,gen9championsvgc2026regmcbo3,0,Hawlucha,Milotic,11.38
2026-09-30,M-C,gen9championsvgc2026regmcbo3,0,Hawlucha,Froslass-Mega,11.259
2026-09-30,M-C,gen9championsvgc2026regmcbo3,0,Hawlucha,Farigiraf,10.654
2026-09-30,M-C,gen9championsvgc2026regmcbo3,0,Hawlucha,Kingambit,9.927
2026-09-30,M-C,gen9championsvgc2026regmcbo3,0,Skarmory-Mega,Rillaboom,27.975
2026-09-30,M-C,gen9championsvgc2026regmcbo3,0,Skarmory-Mega,Garchomp,21.899
2026-09-30,M-C,gen9championsvgc2026regmcbo3,0,Skarmory-Mega,Sneasler,20.506
2026-09-30,M-C,gen9championsvgc2026regmcbo3,0,Skarmory-Mega,Milotic,16.329
2026-09-30,M-C,gen9championsvgc2026regmcbo3,0,Skarmory-Mega,Incineroar,15.823
2026-09-30,M-C,gen9championsvgc2026regmcbo3,0,Skarmory-Mega,Basculegion,13.924
2026-09-30,M-C,gen9championsvgc2026regmcbo3,0,Skarmory-Mega,Indeedee-F,12.658
2026-09-30,M-C,gen9championsvgc2026regmcbo3,0,Skarmory-Mega,Tyranitar-Mega,12.532
2026-09-30,M-C,gen9championsvgc2026regmcbo3,0,Skarmory-Mega,Raichu-Mega-Y,12.152
2026-09-30,M-C,gen9championsvgc2026regmcbo3,0,Skarmory-Mega,Whimsicott,11.519
2026-09-30,M-C,gen9championsvgc2026regmcbo3,0,Banette-Mega,Zoroark-Hisui,43.836
2026-09-30,M-C,gen9championsvgc2026regmcbo3,0,Banette-Mega,Basculegion,43.088
2026-09-30,M-C,gen9championsvgc2026regmcbo3,0,Banette-Mega,Annihilape,33.624
2026-09-30,M-C,gen9championsvgc2026regmcbo3,0,Banette-Mega,Aegislash,27.273
2026-09-30,M-C,gen9championsvgc2026regmcbo3,0,Banette-Mega,Dragapult,24.658
2026-09-30,M-C,gen9championsvgc2026regmcbo3,0,Banette-Mega,Typhlosion-Hisui,21.42
2026-09-30,M-C,gen9championsvgc2026regmcbo3,0,Banette-Mega,Incineroar,11.083
2026-09-30,M-C,gen9championsvgc2026regmcbo3,0,Banette-Mega,Ceruledge,10.212
2026-09-30,M-C,gen9championsvgc2026regmcbo3,0,Banette-Mega,Rillaboom,9.963
2026-09-30,M-C,gen9championsvgc2026regmcbo3,0,Banette-Mega,Sneasler,9.215
2026-09-30,M-C,gen9championsvgc2026regmcbo3,0,Drampa,Farigiraf,56.803
2026-09-30,M-C,gen9championsvgc2026regmcbo3,0,Drampa,Kingambit,55.35
2026-09-30,M-C,gen9championsvgc2026regmcbo3,0,Drampa,Camerupt-Mega,49.273
2026-09-30,M-C,gen9championsvgc2026regmcbo3,0,Drampa,Sylveon,46.896
2026-09-30,M-C,gen9championsvgc2026regmcbo3,0,Drampa,Vivillon,43.989
2026-09-30,M-C,gen9championsvgc2026regmcbo3,0,Drampa,Indeedee-F,24.439
2026-09-30,M-C,gen9championsvgc2026regmcbo3,0,Drampa,Incineroar,12.021
2026-09-30,M-C,gen9championsvgc2026regmcbo3,0,Drampa,Rillaboom,8.587
2026-09-30,M-C,gen9championsvgc2026regmcbo3,0,Drampa,Alakazam-Mega,7.662
2026-09-30,M-C,gen9championsvgc2026regmcbo3,0,Drampa,Sneasler,7.53
2026-09-30,M-C,gen9championsvgc2026regmcbo3,0,Feraligatr-Mega,Sneasler,31.88
2026-09-30,M-C,gen9championsvgc2026regmcbo3,0,Feraligatr-Mega,Rillaboom,28.144
2026-09-30,M-C,gen9championsvgc2026regmcbo3,0,Feraligatr-Mega,Kingambit,27.148
2026-09-30,M-C,gen9championsvgc2026regmcbo3,0,Feraligatr-Mega,Incineroar,22.416
2026-09-30,M-C,gen9championsvgc2026regmcbo3,0,Feraligatr-Mega,Gholdengo,14.57
2026-09-30,M-C,gen9championsvgc2026regmcbo3,0,Feraligatr-Mega,Indeedee-F,14.072
2026-09-30,M-C,gen9championsvgc2026regmcbo3,0,Feraligatr-Mega,Volcarona,13.45
2026-09-30,M-C,gen9championsvgc2026regmcbo3,0,Feraligatr-Mega,Farigiraf,13.2
2026-09-30,M-C,gen9championsvgc2026regmcbo3,0,Feraligatr-Mega,Whimsicott,13.2
2026-09-30,M-C,gen9championsvgc2026regmcbo3,0,Feraligatr-Mega,Sinistcha,12.951
2026-09-30,M-C,gen9championsvgc2026regmcbo3,0,Altaria-Mega,Rillaboom,43.96
2026-09-30,M-C,gen9championsvgc2026regmcbo3,0,Altaria-Mega,Incineroar,34.496
2026-09-30,M-C,gen9championsvgc2026regmcbo3,0,Altaria-Mega,Kingambit,29.141
2026-09-30,M-C,gen9championsvgc2026regmcbo3,0,Altaria-Mega,Sneasler,27.024
2026-09-30,M-C,gen9championsvgc2026regmcbo3,0,Altaria-Mega,Gengar-Mega,14.321
2026-09-30,M-C,gen9championsvgc2026regmcbo3,0,Altaria-Mega,Gholdengo,12.204
2026-09-30,M-C,gen9championsvgc2026regmcbo3,0,Altaria-Mega,Farigiraf,11.457
2026-09-30,M-C,gen9championsvgc2026regmcbo3,0,Altaria-Mega,Milotic,11.333
2026-09-30,M-C,gen9championsvgc2026regmcbo3,0,Altaria-Mega,Volcarona,9.34
2026-09-30,M-C,gen9championsvgc2026regmcbo3,0,Altaria-Mega,Toxapex,9.215
2026-09-30,M-C,gen9championsvgc2026regmcbo3,0,Malamar-Mega,Indeedee-F,30.703
2026-09-30,M-C,gen9championsvgc2026regmcbo3,0,Malamar-Mega,Sinistcha,22.811
2026-09-30,M-C,gen9championsvgc2026regmcbo3,0,Malamar-Mega,Torkoal,18.126
2026-09-30,M-C,gen9championsvgc2026regmcbo3,0,Malamar-Mega,Incineroar,17.263
2026-09-30,M-C,gen9championsvgc2026regmcbo3,0,Malamar-Mega,Armarouge,15.166
2026-09-30,M-C,gen9championsvgc2026regmcbo3,0,Malamar-Mega,Farigiraf,13.564
2026-09-30,M-C,gen9championsvgc2026regmcbo3,0,Malamar-Mega,Whimsicott,12.33
2026-09-30,M-C,gen9championsvgc2026regmcbo3,0,Malamar-Mega,Volcarona,10.851
2026-09-30,M-C,gen9championsvgc2026regmcbo3,0,Malamar-Mega,Pelipper,10.234
2026-09-30,M-C,gen9championsvgc2026regmcbo3,0,Malamar-Mega,Hatterene,10.111
2026-09-30,M-C,gen9championsvgc2026regmcbo3,0,Arcanine,Rillaboom,47.917
2026-09-30,M-C,gen9championsvgc2026regmcbo3,0,Arcanine,Raichu-Mega-Y,35.807
2026-09-30,M-C,gen9championsvgc2026regmcbo3,0,Arcanine,Sneasler,26.432
2026-09-30,M-C,gen9championsvgc2026regmcbo3,0,Arcanine,Kingambit,20.703
2026-09-30,M-C,gen9championsvgc2026regmcbo3,0,Arcanine,Gholdengo,17.188
2026-09-30,M-C,gen9championsvgc2026regmcbo3,0,Arcanine,Baxcalibur-Mega,17.057
2026-09-30,M-C,gen9championsvgc2026regmcbo3,0,Arcanine,Primarina,15.104
2026-09-30,M-C,gen9championsvgc2026regmcbo3,0,Arcanine,Garchomp-Mega-Z,14.193
2026-09-30,M-C,gen9championsvgc2026regmcbo3,0,Arcanine,Milotic,12.891
2026-09-30,M-C,gen9championsvgc2026regmcbo3,0,Arcanine,Salamence-Mega,9.896
2026-09-30,M-C,gen9championsvgc2026regmcbo3,0,Arboliva,Grimmsnarl,21.552
2026-09-30,M-C,gen9championsvgc2026regmcbo3,0,Arboliva,Indeedee-F,15.517
2026-09-30,M-C,gen9championsvgc2026regmcbo3,0,Arboliva,Golisopod-Mega,11.084
2026-09-30,M-C,gen9championsvgc2026regmcbo3,0,Arboliva,Dragalge-Mega,10.099
2026-09-30,M-C,gen9championsvgc2026regmcbo3,0,Arboliva,Scrafty-Mega,9.975
2026-09-30,M-C,gen9championsvgc2026regmcbo3,0,Arboliva,Armarouge,9.483
2026-09-30,M-C,gen9championsvgc2026regmcbo3,0,Arboliva,Rotom-Wash,9.483
2026-09-30,M-C,gen9championsvgc2026regmcbo3,0,Arboliva,Slowbro-Mega,9.483
2026-09-30,M-C,gen9championsvgc2026regmcbo3,0,Arboliva,Tinkaton,8.99
2026-09-30,M-C,gen9championsvgc2026regmcbo3,0,Arboliva,Farigiraf,8.374
2026-09-30,M-C,gen9championsvgc2026regmcbo3,0,Meowstic,Golisopod-Mega,14.899
2026-09-30,M-C,gen9championsvgc2026regmcbo3,0,Meowstic,Sneasler,13.636
2026-09-30,M-C,gen9championsvgc2026regmcbo3,0,Meowstic,Indeedee-F,13.131
2026-09-30,M-C,gen9championsvgc2026regmcbo3,0,Meowstic,Archaludon,12.879
2026-09-30,M-C,gen9championsvgc2026regmcbo3,0,Meowstic,Rillaboom,11.616
2026-09-30,M-C,gen9championsvgc2026regmcbo3,0,Meowstic,Garchomp,11.111
2026-09-30,M-C,gen9championsvgc2026regmcbo3,0,Meowstic,Aegislash,10.985
2026-09-30,M-C,gen9championsvgc2026regmcbo3,0,Meowstic,Floette-Mega,10.48
2026-09-30,M-C,gen9championsvgc2026regmcbo3,0,Meowstic,Pelipper,10.354
2026-09-30,M-C,gen9championsvgc2026regmcbo3,0,Meowstic,Basculegion,9.975
2026-09-30,M-C,gen9championsvgc2026regmcbo3,0,Perrserker,Indeedee-F,26.417
2026-09-30,M-C,gen9championsvgc2026regmcbo3,0,Perrserker,Rillaboom,18.818
2026-09-30,M-C,gen9championsvgc2026regmcbo3,0,Perrserker,Metagross-Mega,17.129
2026-09-30,M-C,gen9championsvgc2026regmcbo3,0,Perrserker,Gholdengo,16.647
2026-09-30,M-C,gen9championsvgc2026regmcbo3,0,Perrserker,Golisopod-Mega,13.993
2026-09-30,M-C,gen9championsvgc2026regmcbo3,0,Perrserker,Lucario-Mega-Z,12.786
2026-09-30,M-C,gen9championsvgc2026regmcbo3,0,Perrserker,Pelipper,10.133
2026-09-30,M-C,gen9championsvgc2026regmcbo3,0,Perrserker,Salamence-Mega,9.771
2026-09-30,M-C,gen9championsvgc2026regmcbo3,0,Perrserker,Farigiraf,8.926
2026-09-30,M-C,gen9championsvgc2026regmcbo3,0,Perrserker,Basculegion,8.082
2026-09-30,M-C,gen9championsvgc2026regmcbo3,0,Ampharos-Mega,Farigiraf,33.777
2026-09-30,M-C,gen9championsvgc2026regmcbo3,0,Ampharos-Mega,Rillaboom,31.25
2026-09-30,M-C,gen9championsvgc2026regmcbo3,0,Ampharos-Mega,Incineroar,25.931
2026-09-30,M-C,gen9championsvgc2026regmcbo3,0,Ampharos-Mega,Indeedee-F,20.745
2026-09-30,M-C,gen9championsvgc2026regmcbo3,0,Ampharos-Mega,Torkoal,16.755
2026-09-30,M-C,gen9championsvgc2026regmcbo3,0,Ampharos-Mega,Sneasler,16.489
2026-09-30,M-C,gen9championsvgc2026regmcbo3,0,Ampharos-Mega,Hatterene,12.101
2026-09-30,M-C,gen9championsvgc2026regmcbo3,0,Ampharos-Mega,Pincurchin,11.303
2026-09-30,M-C,gen9championsvgc2026regmcbo3,0,Ampharos-Mega,Golisopod-Mega,11.17
2026-09-30,M-C,gen9championsvgc2026regmcbo3,0,Ampharos-Mega,Pelipper,10.904
2026-09-30,M-C,gen9championsvgc2026regmcbo3,0,Rhyperior,Farigiraf,50.068
2026-09-30,M-C,gen9championsvgc2026regmcbo3,0,Rhyperior,Charizard-Mega-Y,39.456
2026-09-30,M-C,gen9championsvgc2026regmcbo3,0,Rhyperior,Incineroar,36.054
2026-09-30,M-C,gen9championsvgc2026regmcbo3,0,Rhyperior,Venusaur,32.381
2026-09-30,M-C,gen9championsvgc2026regmcbo3,0,Rhyperior,Sylveon,18.367
2026-09-30,M-C,gen9championsvgc2026regmcbo3,0,Rhyperior,Golisopod-Mega,16.463
2026-09-30,M-C,gen9championsvgc2026regmcbo3,0,Rhyperior,Indeedee-F,15.782
2026-09-30,M-C,gen9championsvgc2026regmcbo3,0,Rhyperior,Sneasler,13.061
2026-09-30,M-C,gen9championsvgc2026regmcbo3,0,Rhyperior,Rillaboom,12.381
2026-09-30,M-C,gen9championsvgc2026regmcbo3,0,Rhyperior,Sinistcha,9.66
2026-09-30,M-C,gen9championsvgc2026regmcbo3,0,Umbreon,Rillaboom,25.339
2026-09-30,M-C,gen9championsvgc2026regmcbo3,0,Umbreon,Sneasler,21.68
2026-09-30,M-C,gen9championsvgc2026regmcbo3,0,Umbreon,Salamence-Mega,19.377
2026-09-30,M-C,gen9championsvgc2026regmcbo3,0,Umbreon,Incineroar,18.699
2026-09-30,M-C,gen9championsvgc2026regmcbo3,0,Umbreon,Charizard-Mega-Y,17.886
2026-09-30,M-C,gen9championsvgc2026regmcbo3,0,Umbreon,Scovillain-Mega,16.396
2026-09-30,M-C,gen9championsvgc2026regmcbo3,0,Umbreon,Whimsicott,14.634
2026-09-30,M-C,gen9championsvgc2026regmcbo3,0,Umbreon,Farigiraf,14.499
2026-09-30,M-C,gen9championsvgc2026regmcbo3,0,Umbreon,Milotic,13.957
2026-09-30,M-C,gen9championsvgc2026regmcbo3,0,Umbreon,Grimmsnarl,11.789
2026-09-30,M-C,gen9championsvgc2026regmcbo3,0,Persian-Alola,Rillaboom,20.488
2026-09-30,M-C,gen9championsvgc2026regmcbo3,0,Persian-Alola,Salamence-Mega,19.81
2026-09-30,M-C,gen9championsvgc2026regmcbo3,0,Persian-Alola,Gholdengo,16.282
2026-09-30,M-C,gen9championsvgc2026regmcbo3,0,Persian-Alola,Sneasler,16.011
2026-09-30,M-C,gen9championsvgc2026regmcbo3,0,Persian-Alola,Indeedee-F,15.197
2026-09-30,M-C,gen9championsvgc2026regmcbo3,0,Persian-Alola,Milotic,12.754
2026-09-30,M-C,gen9championsvgc2026regmcbo3,0,Persian-Alola,Farigiraf,12.212
2026-09-30,M-C,gen9championsvgc2026regmcbo3,0,Persian-Alola,Staraptor-Mega,12.076
2026-09-30,M-C,gen9championsvgc2026regmcbo3,0,Persian-Alola,Volcarona,11.533
2026-09-30,M-C,gen9championsvgc2026regmcbo3,0,Persian-Alola,Sylveon,10.583
2026-09-30,M-C,gen9championsvgc2026regmcbo3,0,Drampa-Mega,Indeedee-F,31.903
2026-09-30,M-C,gen9championsvgc2026regmcbo3,0,Drampa-Mega,Farigiraf,30.563
2026-09-30,M-C,gen9championsvgc2026regmcbo3,0,Drampa-Mega,Golisopod-Mega,25.201
2026-09-30,M-C,gen9championsvgc2026regmcbo3,0,Drampa-Mega,Sinistcha,23.458
2026-09-30,M-C,gen9championsvgc2026regmcbo3,0,Drampa-Mega,Incineroar,19.437
2026-09-30,M-C,gen9championsvgc2026regmcbo3,0,Drampa-Mega,Torkoal,16.086
2026-09-30,M-C,gen9championsvgc2026regmcbo3,0,Drampa-Mega,Sneasler,15.818
2026-09-30,M-C,gen9championsvgc2026regmcbo3,0,Drampa-Mega,Hatterene,12.601
2026-09-30,M-C,gen9championsvgc2026regmcbo3,0,Drampa-Mega,Milotic,10.456
2026-09-30,M-C,gen9championsvgc2026regmcbo3,0,Drampa-Mega,Charizard-Mega-Y,10.322
2026-09-30,M-C,gen9championsvgc2026regmcbo3,0,Skeledirge,Rillaboom,24.863
2026-09-30,M-C,gen9championsvgc2026regmcbo3,0,Skeledirge,Whimsicott,16.758
2026-09-30,M-C,gen9championsvgc2026regmcbo3,0,Skeledirge,Staraptor-Mega,16.758
2026-09-30,M-C,gen9championsvgc2026regmcbo3,0,Skeledirge,Sneasler,15.934
2026-09-30,M-C,gen9championsvgc2026regmcbo3,0,Skeledirge,Grimmsnarl,15.659
2026-09-30,M-C,gen9championsvgc2026regmcbo3,0,Skeledirge,Golisopod-Mega,14.148
2026-09-30,M-C,gen9championsvgc2026regmcbo3,0,Skeledirge,Serperior,10.852
2026-09-30,M-C,gen9championsvgc2026regmcbo3,0,Skeledirge,Indeedee-F,10.027
2026-09-30,M-C,gen9championsvgc2026regmcbo3,0,Skeledirge,Basculegion,9.615
2026-09-30,M-C,gen9championsvgc2026regmcbo3,0,Skeledirge,Garchomp-Mega-Z,8.242
2026-09-30,M-C,gen9championsvgc2026regmcbo3,0,Raichu-Alola,Pincurchin,55.342
2026-09-30,M-C,gen9championsvgc2026regmcbo3,0,Raichu-Alola,Indeedee-F,35.89
2026-09-30,M-C,gen9championsvgc2026regmcbo3,0,Raichu-Alola,Kingambit,22.055
2026-09-30,M-C,gen9championsvgc2026regmcbo3,0,Raichu-Alola,Arcanine-Hisui,18.356
2026-09-30,M-C,gen9championsvgc2026regmcbo3,0,Raichu-Alola,Lucario-Mega-Z,17.397
2026-09-30,M-C,gen9championsvgc2026regmcbo3,0,Raichu-Alola,Sinistcha,14.384
2026-09-30,M-C,gen9championsvgc2026regmcbo3,0,Raichu-Alola,Meowstic-F-Mega,12.055
2026-09-30,M-C,gen9championsvgc2026regmcbo3,0,Raichu-Alola,Sneasler,11.644
2026-09-30,M-C,gen9championsvgc2026regmcbo3,0,Raichu-Alola,Golisopod-Mega,10.822
2026-09-30,M-C,gen9championsvgc2026regmcbo3,0,Raichu-Alola,Basculegion,10.411
2026-09-30,M-C,gen9championsvgc2026regmcbo3,0,Heliolisk,Farigiraf,16.911
2026-09-30,M-C,gen9championsvgc2026regmcbo3,0,Heliolisk,Pelipper,16.778
2026-09-30,M-C,gen9championsvgc2026regmcbo3,0,Heliolisk,Indeedee-F,16.245
2026-09-30,M-C,gen9championsvgc2026regmcbo3,0,Heliolisk,Sneasler,13.715
2026-09-30,M-C,gen9championsvgc2026regmcbo3,0,Heliolisk,Gardevoir-Mega,11.984
2026-09-30,M-C,gen9championsvgc2026regmcbo3,0,Heliolisk,Torkoal,11.052
2026-09-30,M-C,gen9championsvgc2026regmcbo3,0,Heliolisk,Whimsicott,10.786
2026-09-30,M-C,gen9championsvgc2026regmcbo3,0,Heliolisk,Golisopod-Mega,10.519
2026-09-30,M-C,gen9championsvgc2026regmcbo3,0,Heliolisk,Sceptile-Mega,9.188
2026-09-30,M-C,gen9championsvgc2026regmcbo3,0,Heliolisk,Rillaboom,8.389
2026-09-30,M-C,gen9championsvgc2026regmcbo3,0,Metagross,Salamence-Mega,23.364
2026-09-30,M-C,gen9championsvgc2026regmcbo3,0,Metagross,Tyranitar-Mega,16.155
2026-09-30,M-C,gen9championsvgc2026regmcbo3,0,Metagross,Garchomp,15.888
2026-09-30,M-C,gen9championsvgc2026regmcbo3,0,Metagross,Rillaboom,15.22
2026-09-30,M-C,gen9championsvgc2026regmcbo3,0,Metagross,Sneasler,14.152
2026-09-30,M-C,gen9championsvgc2026regmcbo3,0,Metagross,Indeedee-F,13.752
2026-09-30,M-C,gen9championsvgc2026regmcbo3,0,Metagross,Incineroar,12.55
2026-09-30,M-C,gen9championsvgc2026regmcbo3,0,Metagross,Whimsicott,11.482
2026-09-30,M-C,gen9championsvgc2026regmcbo3,0,Metagross,Primarina,11.348
2026-09-30,M-C,gen9championsvgc2026regmcbo3,0,Metagross,Charizard-Mega-Y,10.681
2026-09-30,M-C,gen9championsvgc2026regmcbo3,0,Gallade-Mega,Indeedee-F,23.12
2026-09-30,M-C,gen9championsvgc2026regmcbo3,0,Gallade-Mega,Rillaboom,17.131
2026-09-30,M-C,gen9championsvgc2026regmcbo3,0,Gallade-Mega,Maushold,15.32
2026-09-30,M-C,gen9championsvgc2026regmcbo3,0,Gallade-Mega,Basculegion,15.042
2026-09-30,M-C,gen9championsvgc2026regmcbo3,0,Gallade-Mega,Whimsicott,14.485
2026-09-30,M-C,gen9championsvgc2026regmcbo3,0,Gallade-Mega,Zoroark-Hisui,13.649
2026-09-30,M-C,gen9championsvgc2026regmcbo3,0,Gallade-Mega,Milotic,13.37
2026-09-30,M-C,gen9championsvgc2026regmcbo3,0,Gallade-Mega,Incineroar,12.953
2026-09-30,M-C,gen9championsvgc2026regmcbo3,0,Gallade-Mega,Farigiraf,12.674
2026-09-30,M-C,gen9championsvgc2026regmcbo3,0,Gallade-Mega,Sneasler,11.978
2026-09-30,M-C,gen9championsvgc2026regmcbo3,0,Delphox,Indeedee-F,57.92
2026-09-30,M-C,gen9championsvgc2026regmcbo3,0,Delphox,Sneasler,40.8
2026-09-30,M-C,gen9championsvgc2026regmcbo3,0,Delphox,Basculegion,18.4
2026-09-30,M-C,gen9championsvgc2026regmcbo3,0,Delphox,Annihilape,16.16
2026-09-30,M-C,gen9championsvgc2026regmcbo3,0,Delphox,Golisopod-Mega,15.68
2026-09-30,M-C,gen9championsvgc2026regmcbo3,0,Delphox,Salamence-Mega,14.56
2026-09-30,M-C,gen9championsvgc2026regmcbo3,0,Delphox,Indeedee,14.4
2026-09-30,M-C,gen9championsvgc2026regmcbo3,0,Delphox,Whimsicott,13.28
2026-09-30,M-C,gen9championsvgc2026regmcbo3,0,Delphox,Incineroar,12.64
2026-09-30,M-C,gen9championsvgc2026regmcbo3,0,Delphox,Tyranitar-Mega,11.2
2026-09-30,M-C,gen9championsvgc2026regmcbo3,0,Pidgeot-Mega,Kommo-o,53.846
2026-09-30,M-C,gen9championsvgc2026regmcbo3,0,Pidgeot-Mega,Excadrill,53.682
2026-09-30,M-C,gen9championsvgc2026regmcbo3,0,Pidgeot-Mega,Indeedee-F,34.534
2026-09-30,M-C,gen9championsvgc2026regmcbo3,0,Pidgeot-Mega,Gardevoir-Mega,31.588
2026-09-30,M-C,gen9championsvgc2026regmcbo3,0,Pidgeot-Mega,Tyranitar,30.442
2026-09-30,M-C,gen9championsvgc2026regmcbo3,0,Pidgeot-Mega,Tyranitar-Mega,24.059
2026-09-30,M-C,gen9championsvgc2026regmcbo3,0,Pidgeot-Mega,Aegislash,21.931
2026-09-30,M-C,gen9championsvgc2026regmcbo3,0,Pidgeot-Mega,Tsareena,21.768
2026-09-30,M-C,gen9championsvgc2026regmcbo3,0,Pidgeot-Mega,Rillaboom,12.766
2026-09-30,M-C,gen9championsvgc2026regmcbo3,0,Pidgeot-Mega,Sneasler,9.002
2026-09-30,M-C,gen9championsvgc2026regmcbo3,0,Beedrill-Mega,Pelipper,23.484
2026-09-30,M-C,gen9championsvgc2026regmcbo3,0,Beedrill-Mega,Indeedee-F,19.44
2026-09-30,M-C,gen9championsvgc2026regmcbo3,0,Beedrill-Mega,Incineroar,18.04
2026-09-30,M-C,gen9championsvgc2026regmcbo3,0,Beedrill-Mega,Sneasler,16.019
2026-09-30,M-C,gen9championsvgc2026regmcbo3,0,Beedrill-Mega,Whimsicott,13.841
2026-09-30,M-C,gen9championsvgc2026regmcbo3,0,Beedrill-Mega,Milotic,13.686
2026-09-30,M-C,gen9championsvgc2026regmcbo3,0,Beedrill-Mega,Basculegion,13.375
2026-09-30,M-C,gen9championsvgc2026regmcbo3,0,Beedrill-Mega,Rillaboom,13.064
2026-09-30,M-C,gen9championsvgc2026regmcbo3,0,Beedrill-Mega,Annihilape,11.042
2026-09-30,M-C,gen9championsvgc2026regmcbo3,0,Beedrill-Mega,Farigiraf,10.886
2026-09-30,M-C,gen9championsvgc2026regmcbo3,0,Eelektross-Mega,Incineroar,19.677
2026-09-30,M-C,gen9championsvgc2026regmcbo3,0,Eelektross-Mega,Garchomp,19.355
2026-09-30,M-C,gen9championsvgc2026regmcbo3,0,Eelektross-Mega,Farigiraf,18.548
2026-09-30,M-C,gen9championsvgc2026regmcbo3,0,Eelektross-Mega,Indeedee-F,13.226
2026-09-30,M-C,gen9championsvgc2026regmcbo3,0,Eelektross-Mega,Sinistcha,12.258
2026-09-30,M-C,gen9championsvgc2026regmcbo3,0,Eelektross-Mega,Whimsicott,11.452
2026-09-30,M-C,gen9championsvgc2026regmcbo3,0,Eelektross-Mega,Pelipper,10.645
2026-09-30,M-C,gen9championsvgc2026regmcbo3,0,Eelektross-Mega,Milotic,10.323
2026-09-30,M-C,gen9championsvgc2026regmcbo3,0,Eelektross-Mega,Pincurchin,10.161
2026-09-30,M-C,gen9championsvgc2026regmcbo3,0,Eelektross-Mega,Talonflame,9.839
2026-09-30,M-C,gen9championsvgc2026regmcbo3,0,Orthworm,Basculegion,24.109
2026-09-30,M-C,gen9championsvgc2026regmcbo3,0,Orthworm,Garchomp,21.902
2026-09-30,M-C,gen9championsvgc2026regmcbo3,0,Orthworm,Sneasler,18.846
2026-09-30,M-C,gen9championsvgc2026regmcbo3,0,Orthworm,Whimsicott,16.299
2026-09-30,M-C,gen9championsvgc2026regmcbo3,0,Orthworm,Sinistcha,15.959
2026-09-30,M-C,gen9championsvgc2026regmcbo3,0,Orthworm,Salamence-Mega,15.45
2026-09-30,M-C,gen9championsvgc2026regmcbo3,0,Orthworm,Incineroar,15.11
2026-09-30,M-C,gen9championsvgc2026regmcbo3,0,Orthworm,Indeedee-F,12.564
2026-09-30,M-C,gen9championsvgc2026regmcbo3,0,Orthworm,Indeedee,12.394
2026-09-30,M-C,gen9championsvgc2026regmcbo3,0,Orthworm,Floette-Mega,11.715
2026-09-30,M-C,gen9championsvgc2026regmcbo3,0,Noivern,Incineroar,25.658
2026-09-30,M-C,gen9championsvgc2026regmcbo3,0,Noivern,Charizard-Mega-Y,21.217
2026-09-30,M-C,gen9championsvgc2026regmcbo3,0,Noivern,Garchomp,16.612
2026-09-30,M-C,gen9championsvgc2026regmcbo3,0,Noivern,Venusaur,16.283
2026-09-30,M-C,gen9championsvgc2026regmcbo3,0,Noivern,Sneasler,13.816
2026-09-30,M-C,gen9championsvgc2026regmcbo3,0,Noivern,Sylveon,13.651
2026-09-30,M-C,gen9championsvgc2026regmcbo3,0,Noivern,Rillaboom,12.664
2026-09-30,M-C,gen9championsvgc2026regmcbo3,0,Noivern,Gholdengo,12.336
2026-09-30,M-C,gen9championsvgc2026regmcbo3,0,Noivern,Pawmot,11.513
2026-09-30,M-C,gen9championsvgc2026regmcbo3,0,Noivern,Toxtricity,9.704
2026-09-30,M-C,gen9championsvgc2026regmcbo3,0,Jolteon,Sceptile-Mega,32.765
2026-09-30,M-C,gen9championsvgc2026regmcbo3,0,Jolteon,Whimsicott,20.478
2026-09-30,M-C,gen9championsvgc2026regmcbo3,0,Jolteon,Indeedee-F,16.894
2026-09-30,M-C,gen9championsvgc2026regmcbo3,0,Jolteon,Pelipper,16.724
2026-09-30,M-C,gen9championsvgc2026regmcbo3,0,Jolteon,Sinistcha,16.041
2026-09-30,M-C,gen9championsvgc2026regmcbo3,0,Jolteon,Sneasler,13.481
2026-09-30,M-C,gen9championsvgc2026regmcbo3,0,Jolteon,Raichu-Mega-X,10.751
2026-09-30,M-C,gen9championsvgc2026regmcbo3,0,Jolteon,Staraptor-Mega,10.41
2026-09-30,M-C,gen9championsvgc2026regmcbo3,0,Jolteon,Volcarona,9.727
2026-09-30,M-C,gen9championsvgc2026regmcbo3,0,Jolteon,Archaludon,9.386
2026-09-30,M-C,gen9championsvgc2026regmcbo3,0,Cofagrigus,Golisopod-Mega,23.077
2026-09-30,M-C,gen9championsvgc2026regmcbo3,0,Cofagrigus,Incineroar,20.28
2026-09-30,M-C,gen9championsvgc2026regmcbo3,0,Cofagrigus,Indeedee-F,16.434
2026-09-30,M-C,gen9championsvgc2026regmcbo3,0,Cofagrigus,Farigiraf,15.734
2026-09-30,M-C,gen9championsvgc2026regmcbo3,0,Cofagrigus,Sylveon,14.51
2026-09-30,M-C,gen9championsvgc2026regmcbo3,0,Cofagrigus,Torkoal,13.811
2026-09-30,M-C,gen9championsvgc2026regmcbo3,0,Cofagrigus,Rillaboom,12.063
2026-09-30,M-C,gen9championsvgc2026regmcbo3,0,Cofagrigus,Milotic,9.79
2026-09-30,M-C,gen9championsvgc2026regmcbo3,0,Cofagrigus,Corviknight,7.517
2026-09-30,M-C,gen9championsvgc2026regmcbo3,0,Cofagrigus,Camerupt-Mega,6.818
2026-09-30,M-C,gen9championsvgc2026regmcbo3,0,Bellibolt,Raichu-Mega-X,35.0
2026-09-30,M-C,gen9championsvgc2026regmcbo3,0,Bellibolt,Staraptor-Mega,21.964
2026-09-30,M-C,gen9championsvgc2026regmcbo3,0,Bellibolt,Ninetales-Alola,20.714
2026-09-30,M-C,gen9championsvgc2026regmcbo3,0,Bellibolt,Grimmsnarl,20.179
2026-09-30,M-C,gen9championsvgc2026regmcbo3,0,Bellibolt,Rillaboom,19.107
2026-09-30,M-C,gen9championsvgc2026regmcbo3,0,Bellibolt,Incineroar,18.393
2026-09-30,M-C,gen9championsvgc2026regmcbo3,0,Bellibolt,Farigiraf,17.679
2026-09-30,M-C,gen9championsvgc2026regmcbo3,0,Bellibolt,Volcarona,14.643
2026-09-30,M-C,gen9championsvgc2026regmcbo3,0,Bellibolt,Sinistcha,11.786
2026-09-30,M-C,gen9championsvgc2026regmcbo3,0,Bellibolt,Garchomp,10.536
2026-09-30,M-C,gen9championsvgc2026regmcbo3,0,Serperior,Whimsicott,29.361
2026-09-30,M-C,gen9championsvgc2026regmcbo3,0,Serperior,Staraptor-Mega,23.489
2026-09-30,M-C,gen9championsvgc2026regmcbo3,0,Serperior,Grimmsnarl,19.862
2026-09-30,M-C,gen9championsvgc2026regmcbo3,0,Serperior,Incineroar,15.371
2026-09-30,M-C,gen9championsvgc2026regmcbo3,0,Serperior,Grapploct,14.335
2026-09-30,M-C,gen9championsvgc2026regmcbo3,0,Serperior,Skeledirge,13.644
2026-09-30,M-C,gen9championsvgc2026regmcbo3,0,Serperior,Garchomp-Mega-Z,13.126
2026-09-30,M-C,gen9championsvgc2026regmcbo3,0,Serperior,Scovillain-Mega,7.945
2026-09-30,M-C,gen9championsvgc2026regmcbo3,0,Serperior,Indeedee-F,7.945
2026-09-30,M-C,gen9championsvgc2026regmcbo3,0,Serperior,Tyranitar-Mega,7.599
2026-09-30,M-C,gen9championsvgc2026regmcbo3,0,Squawkabilly,Rillaboom,23.826
2026-09-30,M-C,gen9championsvgc2026regmcbo3,0,Squawkabilly,Kingambit,18.957
2026-09-30,M-C,gen9championsvgc2026regmcbo3,0,Squawkabilly,Indeedee-F,17.217
2026-09-30,M-C,gen9championsvgc2026regmcbo3,0,Squawkabilly,Farigiraf,16.174
2026-09-30,M-C,gen9championsvgc2026regmcbo3,0,Squawkabilly,Sneasler,15.304
2026-09-30,M-C,gen9championsvgc2026regmcbo3,0,Squawkabilly,Camerupt-Mega,12.0
2026-09-30,M-C,gen9championsvgc2026regmcbo3,0,Squawkabilly,Raichu-Mega-Y,11.478
2026-09-30,M-C,gen9championsvgc2026regmcbo3,0,Squawkabilly,Garchomp-Mega-Z,11.304
2026-09-30,M-C,gen9championsvgc2026regmcbo3,0,Squawkabilly,Hatterene,9.391
2026-09-30,M-C,gen9championsvgc2026regmcbo3,0,Squawkabilly,Annihilape,9.217
2026-09-30,M-C,gen9championsvgc2026regmcbo3,0,Tauros-Paldea-Aqua,Rillaboom,25.868
2026-09-30,M-C,gen9championsvgc2026regmcbo3,0,Tauros-Paldea-Aqua,Kingambit,21.875
2026-09-30,M-C,gen9championsvgc2026regmcbo3,0,Tauros-Paldea-Aqua,Salamence-Mega,16.84
2026-09-30,M-C,gen9championsvgc2026regmcbo3,0,Tauros-Paldea-Aqua,Raichu-Mega-Y,14.236
2026-09-30,M-C,gen9championsvgc2026regmcbo3,0,Tauros-Paldea-Aqua,Gholdengo,14.063
2026-09-30,M-C,gen9championsvgc2026regmcbo3,0,Tauros-Paldea-Aqua,Incineroar,13.194
2026-09-30,M-C,gen9championsvgc2026regmcbo3,0,Tauros-Paldea-Aqua,Gengar-Mega,12.847
2026-09-30,M-C,gen9championsvgc2026regmcbo3,0,Tauros-Paldea-Aqua,Whimsicott,11.979
2026-09-30,M-C,gen9championsvgc2026regmcbo3,0,Tauros-Paldea-Aqua,Delphox-Mega,11.632
2026-09-30,M-C,gen9championsvgc2026regmcbo3,0,Tauros-Paldea-Aqua,Froslass-Mega,10.764
2026-09-30,M-C,gen9championsvgc2026regmcbo3,0,Excadrill-Mega,Tyranitar,21.479
2026-09-30,M-C,gen9championsvgc2026regmcbo3,0,Excadrill-Mega,Rillaboom,21.479
2026-09-30,M-C,gen9championsvgc2026regmcbo3,0,Excadrill-Mega,Incineroar,20.775
2026-09-30,M-C,gen9championsvgc2026regmcbo3,0,Excadrill-Mega,Sinistcha,18.838
2026-09-30,M-C,gen9championsvgc2026regmcbo3,0,Excadrill-Mega,Whimsicott,18.31
2026-09-30,M-C,gen9championsvgc2026regmcbo3,0,Excadrill-Mega,Hydreigon,11.796
2026-09-30,M-C,gen9championsvgc2026regmcbo3,0,Excadrill-Mega,Sneasler,10.739
2026-09-30,M-C,gen9championsvgc2026regmcbo3,0,Excadrill-Mega,Primarina,10.563
2026-09-30,M-C,gen9championsvgc2026regmcbo3,0,Excadrill-Mega,Indeedee-F,10.387
2026-09-30,M-C,gen9championsvgc2026regmcbo3,0,Excadrill-Mega,Kommo-o,9.507
2026-09-30,M-C,gen9championsvgc2026regmcbo3,0,Hydrapple,Farigiraf,38.153
2026-09-30,M-C,gen9championsvgc2026regmcbo3,0,Hydrapple,Indeedee-F,27.178
2026-09-30,M-C,gen9championsvgc2026regmcbo3,0,Hydrapple,Grimmsnarl,22.3
2026-09-30,M-C,gen9championsvgc2026regmcbo3,0,Hydrapple,Milotic,17.422
2026-09-30,M-C,gen9championsvgc2026regmcbo3,0,Hydrapple,Incineroar,16.725
2026-09-30,M-C,gen9championsvgc2026regmcbo3,0,Hydrapple,Mawile-Mega,16.725
2026-09-30,M-C,gen9championsvgc2026regmcbo3,0,Hydrapple,Golisopod-Mega,16.551
2026-09-30,M-C,gen9championsvgc2026regmcbo3,0,Hydrapple,Volcarona,16.028
2026-09-30,M-C,gen9championsvgc2026regmcbo3,0,Hydrapple,Camerupt-Mega,12.195
2026-09-30,M-C,gen9championsvgc2026regmcbo3,0,Hydrapple,Kingambit,12.195
2026-09-30,M-C,gen9championsvgc2026regmcbo3,0,Houndstone,Tyranitar-Mega,33.031
2026-09-30,M-C,gen9championsvgc2026regmcbo3,0,Houndstone,Tyranitar,18.512
2026-09-30,M-C,gen9championsvgc2026regmcbo3,0,Houndstone,Sinistcha,18.512
2026-09-30,M-C,gen9championsvgc2026regmcbo3,0,Houndstone,Rillaboom,17.967
2026-09-30,M-C,gen9championsvgc2026regmcbo3,0,Houndstone,Excadrill,17.423
2026-09-30,M-C,gen9championsvgc2026regmcbo3,0,Houndstone,Sneasler,15.064
2026-09-30,M-C,gen9championsvgc2026regmcbo3,0,Houndstone,Incineroar,13.975
2026-09-30,M-C,gen9championsvgc2026regmcbo3,0,Houndstone,Zoroark-Hisui,12.886
2026-09-30,M-C,gen9championsvgc2026regmcbo3,0,Houndstone,Salamence-Mega,11.615
2026-09-30,M-C,gen9championsvgc2026regmcbo3,0,Houndstone,Banette-Mega,10.345
2026-09-30,M-C,gen9championsvgc2026regmcbo3,0,Basculegion-F,Pelipper,46.481
2026-09-30,M-C,gen9championsvgc2026regmcbo3,0,Basculegion-F,Golisopod-Mega,34.444
2026-09-30,M-C,gen9championsvgc2026regmcbo3,0,Basculegion-F,Sneasler,26.296
2026-09-30,M-C,gen9championsvgc2026regmcbo3,0,Basculegion-F,Archaludon,21.852
2026-09-30,M-C,gen9championsvgc2026regmcbo3,0,Basculegion-F,Rillaboom,21.296
2026-09-30,M-C,gen9championsvgc2026regmcbo3,0,Basculegion-F,Charizard-Mega-Y,20.37
2026-09-30,M-C,gen9championsvgc2026regmcbo3,0,Basculegion-F,Swampert-Mega,14.259
2026-09-30,M-C,gen9championsvgc2026regmcbo3,0,Basculegion-F,Whimsicott,11.667
2026-09-30,M-C,gen9championsvgc2026regmcbo3,0,Basculegion-F,Arcanine-Hisui,11.296
2026-09-30,M-C,gen9championsvgc2026regmcbo3,0,Basculegion-F,Staraptor-Mega,11.111
2026-09-30,M-C,gen9championsvgc2026regmcbo3,0,Malamar,Garchomp-Mega-Z,35.223
2026-09-30,M-C,gen9championsvgc2026regmcbo3,0,Malamar,Incineroar,27.663
2026-09-30,M-C,gen9championsvgc2026regmcbo3,0,Malamar,Indeedee-F,14.605
2026-09-30,M-C,gen9championsvgc2026regmcbo3,0,Malamar,Charizard-Mega-Y,12.887
2026-09-30,M-C,gen9championsvgc2026regmcbo3,0,Malamar,Sinistcha,12.543
2026-09-30,M-C,gen9championsvgc2026regmcbo3,0,Malamar,Aegislash,12.027
2026-09-30,M-C,gen9championsvgc2026regmcbo3,0,Malamar,Rillaboom,11.512
2026-09-30,M-C,gen9championsvgc2026regmcbo3,0,Malamar,Whimsicott,11.34
2026-09-30,M-C,gen9championsvgc2026regmcbo3,0,Malamar,Sneasler,11.34
2026-09-30,M-C,gen9championsvgc2026regmcbo3,0,Malamar,Golisopod-Mega,9.966
2026-09-30,M-C,gen9championsvgc2026regmcbo3,0,Houndoom-Mega,Torkoal,46.875
2026-09-30,M-C,gen9championsvgc2026regmcbo3,0,Houndoom-Mega,Indeedee-F,38.672
2026-09-30,M-C,gen9championsvgc2026regmcbo3,0,Houndoom-Mega,Whimsicott,26.172
2026-09-30,M-C,gen9championsvgc2026regmcbo3,0,Houndoom-Mega,Farigiraf,25.391
2026-09-30,M-C,gen9championsvgc2026regmcbo3,0,Houndoom-Mega,Sneasler,19.531
2026-09-30,M-C,gen9championsvgc2026regmcbo3,0,Houndoom-Mega,Gardevoir-Mega,18.555
2026-09-30,M-C,gen9championsvgc2026regmcbo3,0,Houndoom-Mega,Mawile-Mega,16.211
2026-09-30,M-C,gen9championsvgc2026regmcbo3,0,Houndoom-Mega,Venusaur,15.43
2026-09-30,M-C,gen9championsvgc2026regmcbo3,0,Houndoom-Mega,Annihilape,13.281
2026-09-30,M-C,gen9championsvgc2026regmcbo3,0,Houndoom-Mega,Vileplume,12.5
2026-09-30,M-C,gen9championsvgc2026regmcbo3,0,Wigglytuff,Rillaboom,22.124
2026-09-30,M-C,gen9championsvgc2026regmcbo3,0,Wigglytuff,Indeedee-F,19.823
2026-09-30,M-C,gen9championsvgc2026regmcbo3,0,Wigglytuff,Golisopod-Mega,19.823
2026-09-30,M-C,gen9championsvgc2026regmcbo3,0,Wigglytuff,Incineroar,16.991
2026-09-30,M-C,gen9championsvgc2026regmcbo3,0,Wigglytuff,Baxcalibur-Mega,15.221
2026-09-30,M-C,gen9championsvgc2026regmcbo3,0,Wigglytuff,Milotic,12.035
2026-09-30,M-C,gen9championsvgc2026regmcbo3,0,Wigglytuff,Mimikyu,12.035
2026-09-30,M-C,gen9championsvgc2026regmcbo3,0,Wigglytuff,Farigiraf,10.088
2026-09-30,M-C,gen9championsvgc2026regmcbo3,0,Wigglytuff,Garchomp-Mega-Z,9.204
2026-09-30,M-C,gen9championsvgc2026regmcbo3,0,Wigglytuff,Gengar-Mega,8.673
2026-09-30,M-C,gen9championsvgc2026regmcbo3,0,Decidueye-Hisui,Indeedee-F,42.115
2026-09-30,M-C,gen9championsvgc2026regmcbo3,0,Decidueye-Hisui,Golisopod-Mega,19.615
2026-09-30,M-C,gen9championsvgc2026regmcbo3,0,Decidueye-Hisui,Incineroar,16.731
2026-09-30,M-C,gen9championsvgc2026regmcbo3,0,Decidueye-Hisui,Armarouge,15.577
2026-09-30,M-C,gen9championsvgc2026regmcbo3,0,Decidueye-Hisui,Tyranitar-Mega,15.577
2026-09-30,M-C,gen9championsvgc2026regmcbo3,0,Decidueye-Hisui,Primarina,13.077
2026-09-30,M-C,gen9championsvgc2026regmcbo3,0,Decidueye-Hisui,Farigiraf,12.308
2026-09-30,M-C,gen9championsvgc2026regmcbo3,0,Decidueye-Hisui,Gardevoir-Mega,11.154
2026-09-30,M-C,gen9championsvgc2026regmcbo3,0,Decidueye-Hisui,Hatterene,10.0
2026-09-30,M-C,gen9championsvgc2026regmcbo3,0,Decidueye-Hisui,Salamence-Mega,10.0
2026-09-30,M-C,gen9championsvgc2026regmcbo3,0,Torterra,Sneasler,39.351
2026-09-30,M-C,gen9championsvgc2026regmcbo3,0,Torterra,Garchomp-Mega-Z,30.832
2026-09-30,M-C,gen9championsvgc2026regmcbo3,0,Torterra,Kingambit,30.629
2026-09-30,M-C,gen9championsvgc2026regmcbo3,0,Torterra,Rotom-Heat,20.69
2026-09-30,M-C,gen9championsvgc2026regmcbo3,0,Torterra,Floette-Mega,20.487
2026-09-30,M-C,gen9championsvgc2026regmcbo3,0,Torterra,Farigiraf,13.996
2026-09-30,M-C,gen9championsvgc2026regmcbo3,0,Torterra,Indeedee-F,12.17
2026-09-30,M-C,gen9championsvgc2026regmcbo3,0,Torterra,Indeedee,11.765
2026-09-30,M-C,gen9championsvgc2026regmcbo3,0,Torterra,Pelipper,9.736
2026-09-30,M-C,gen9championsvgc2026regmcbo3,0,Torterra,Torkoal,9.533
2026-09-30,M-C,gen9championsvgc2026regmcbo3,0,Clefable-Mega,Incineroar,21.414
2026-09-30,M-C,gen9championsvgc2026regmcbo3,0,Clefable-Mega,Rillaboom,17.576
2026-09-30,M-C,gen9championsvgc2026regmcbo3,0,Clefable-Mega,Sinistcha,15.556
2026-09-30,M-C,gen9championsvgc2026regmcbo3,0,Clefable-Mega,Indeedee-F,13.535
2026-09-30,M-C,gen9championsvgc2026regmcbo3,0,Clefable-Mega,Sneasler,13.333
2026-09-30,M-C,gen9championsvgc2026regmcbo3,0,Clefable-Mega,Gholdengo,12.727
2026-09-30,M-C,gen9championsvgc2026regmcbo3,0,Clefable-Mega,Kingambit,12.121
2026-09-30,M-C,gen9championsvgc2026regmcbo3,0,Clefable-Mega,Milotic,10.707
2026-09-30,M-C,gen9championsvgc2026regmcbo3,0,Clefable-Mega,Excadrill,9.293
2026-09-30,M-C,gen9championsvgc2026regmcbo3,0,Clefable-Mega,Salamence-Mega,8.283
2026-09-30,M-C,gen9championsvgc2026regmcbo3,0,Conkeldurr,Indeedee-F,30.803
2026-09-30,M-C,gen9championsvgc2026regmcbo3,0,Conkeldurr,Golisopod-Mega,30.369
2026-09-30,M-C,gen9championsvgc2026regmcbo3,0,Conkeldurr,Hatterene,25.163
2026-09-30,M-C,gen9championsvgc2026regmcbo3,0,Conkeldurr,Incineroar,22.777
2026-09-30,M-C,gen9championsvgc2026regmcbo3,0,Conkeldurr,Camerupt-Mega,21.475
2026-09-30,M-C,gen9championsvgc2026regmcbo3,0,Conkeldurr,Farigiraf,19.523
2026-09-30,M-C,gen9championsvgc2026regmcbo3,0,Conkeldurr,Rillaboom,19.089
2026-09-30,M-C,gen9championsvgc2026regmcbo3,0,Conkeldurr,Kingambit,18.221
2026-09-30,M-C,gen9championsvgc2026regmcbo3,0,Conkeldurr,Pelipper,11.931
2026-09-30,M-C,gen9championsvgc2026regmcbo3,0,Conkeldurr,Vivillon,8.026
2026-09-30,M-C,gen9championsvgc2026regmcbo3,0,Clawitzer,Indeedee-F,25.514
2026-09-30,M-C,gen9championsvgc2026regmcbo3,0,Clawitzer,Golisopod-Mega,23.457
2026-09-30,M-C,gen9championsvgc2026regmcbo3,0,Clawitzer,Rillaboom,14.815
2026-09-30,M-C,gen9championsvgc2026regmcbo3,0,Clawitzer,Farigiraf,13.374
2026-09-30,M-C,gen9championsvgc2026regmcbo3,0,Clawitzer,Incineroar,12.757
2026-09-30,M-C,gen9championsvgc2026regmcbo3,0,Clawitzer,Armarouge,12.14
2026-09-30,M-C,gen9championsvgc2026regmcbo3,0,Clawitzer,Sableye,11.111
2026-09-30,M-C,gen9championsvgc2026regmcbo3,0,Clawitzer,Kingambit,8.848
2026-09-30,M-C,gen9championsvgc2026regmcbo3,0,Clawitzer,Sinistcha,7.819
2026-09-30,M-C,gen9championsvgc2026regmcbo3,0,Clawitzer,Hatterene,6.996
2026-09-30,M-C,gen9championsvgc2026regmcbo3,0,Alcremie,Absol-Mega-Z,24.583
2026-09-30,M-C,gen9championsvgc2026regmcbo3,0,Alcremie,Palafin,21.458
2026-09-30,M-C,gen9championsvgc2026regmcbo3,0,Alcremie,Annihilape,20.833
2026-09-30,M-C,gen9championsvgc2026regmcbo3,0,Alcremie,Torkoal,17.708
2026-09-30,M-C,gen9championsvgc2026regmcbo3,0,Alcremie,Meganium-Mega,15.625
2026-09-30,M-C,gen9championsvgc2026regmcbo3,0,Alcremie,Farigiraf,11.458
2026-09-30,M-C,gen9championsvgc2026regmcbo3,0,Alcremie,Incineroar,11.25
2026-09-30,M-C,gen9championsvgc2026regmcbo3,0,Alcremie,Sinistcha,10.208
2026-09-30,M-C,gen9championsvgc2026regmcbo3,0,Alcremie,Rillaboom,10.0
2026-09-30,M-C,gen9championsvgc2026regmcbo3,0,Alcremie,Salamence-Mega,9.583
2026-09-30,M-C,gen9championsvgc2026regmcbo3,0,Quaquaval,Rillaboom,28.6
2026-09-30,M-C,gen9championsvgc2026regmcbo3,0,Quaquaval,Incineroar,23.732
2026-09-30,M-C,gen9championsvgc2026regmcbo3,0,Quaquaval,Ninetales-Alola,22.921
2026-09-30,M-C,gen9championsvgc2026regmcbo3,0,Quaquaval,Baxcalibur-Mega,20.081
2026-09-30,M-C,gen9championsvgc2026regmcbo3,0,Quaquaval,Sinistcha,17.647
2026-09-30,M-C,gen9championsvgc2026regmcbo3,0,Quaquaval,Gengar-Mega,17.647
2026-09-30,M-C,gen9championsvgc2026regmcbo3,0,Quaquaval,Whimsicott,14.604
2026-09-30,M-C,gen9championsvgc2026regmcbo3,0,Quaquaval,Indeedee-F,12.779
2026-09-30,M-C,gen9championsvgc2026regmcbo3,0,Quaquaval,Volcarona,11.968
2026-09-30,M-C,gen9championsvgc2026regmcbo3,0,Quaquaval,Salamence-Mega,10.548
2026-09-30,M-C,gen9championsvgc2026regmcbo3,0,Greninja,Golisopod-Mega,15.502
2026-09-30,M-C,gen9championsvgc2026regmcbo3,0,Greninja,Charizard-Mega-Y,15.502
2026-09-30,M-C,gen9championsvgc2026regmcbo3,0,Greninja,Rillaboom,13.537
2026-09-30,M-C,gen9championsvgc2026regmcbo3,0,Greninja,Incineroar,12.445
2026-09-30,M-C,gen9championsvgc2026regmcbo3,0,Greninja,Venusaur,12.227
2026-09-30,M-C,gen9championsvgc2026regmcbo3,0,Greninja,Talonflame,10.48
2026-09-30,M-C,gen9championsvgc2026regmcbo3,0,Greninja,Salamence-Mega,10.262
2026-09-30,M-C,gen9championsvgc2026regmcbo3,0,Greninja,Farigiraf,10.262
2026-09-30,M-C,gen9championsvgc2026regmcbo3,0,Greninja,Garchomp,9.389
2026-09-30,M-C,gen9championsvgc2026regmcbo3,0,Greninja,Whimsicott,8.952
2026-09-30,M-C,gen9championsvgc2026regmcbo3,0,Chandelure,Rillaboom,32.051
2026-09-30,M-C,gen9championsvgc2026regmcbo3,0,Chandelure,Sneasler,26.496
2026-09-30,M-C,gen9championsvgc2026regmcbo3,0,Chandelure,Kingambit,25.641
2026-09-30,M-C,gen9championsvgc2026regmcbo3,0,Chandelure,Farigiraf,17.308
2026-09-30,M-C,gen9championsvgc2026regmcbo3,0,Chandelure,Indeedee-F,15.812
2026-09-30,M-C,gen9championsvgc2026regmcbo3,0,Chandelure,Golisopod-Mega,14.316
2026-09-30,M-C,gen9championsvgc2026regmcbo3,0,Chandelure,Salamence-Mega,12.179
2026-09-30,M-C,gen9championsvgc2026regmcbo3,0,Chandelure,Milotic,10.684
2026-09-30,M-C,gen9championsvgc2026regmcbo3,0,Chandelure,Whimsicott,8.761
2026-09-30,M-C,gen9championsvgc2026regmcbo3,0,Chandelure,Primarina,8.761
2026-09-30,M-C,gen9championsvgc2026regmcbo3,0,Slowking,Baxcalibur-Mega,30.303
2026-09-30,M-C,gen9championsvgc2026regmcbo3,0,Slowking,Incineroar,24.459
2026-09-30,M-C,gen9championsvgc2026regmcbo3,0,Slowking,Rillaboom,21.861
2026-09-30,M-C,gen9championsvgc2026regmcbo3,0,Slowking,Lucario-Mega-Z,18.615
2026-09-30,M-C,gen9championsvgc2026regmcbo3,0,Slowking,Sinistcha,15.368
2026-09-30,M-C,gen9championsvgc2026regmcbo3,0,Slowking,Golisopod-Mega,12.771
2026-09-30,M-C,gen9championsvgc2026regmcbo3,0,Slowking,Zoroark-Hisui,11.039
2026-09-30,M-C,gen9championsvgc2026regmcbo3,0,Slowking,Sneasler,9.524
2026-09-30,M-C,gen9championsvgc2026regmcbo3,0,Slowking,Hydreigon,9.307
2026-09-30,M-C,gen9championsvgc2026regmcbo3,0,Slowking,Aggron-Mega,8.874
2026-09-30,M-C,gen9championsvgc2026regmcbo3,0,Gardevoir,Indeedee-F,34.071
2026-09-30,M-C,gen9championsvgc2026regmcbo3,0,Gardevoir,Metagross-Mega,16.15
2026-09-30,M-C,gen9championsvgc2026regmcbo3,0,Gardevoir,Garchomp,14.602
2026-09-30,M-C,gen9championsvgc2026regmcbo3,0,Gardevoir,Salamence-Mega,14.159
2026-09-30,M-C,gen9championsvgc2026regmcbo3,0,Gardevoir,Rillaboom,13.496
2026-09-30,M-C,gen9championsvgc2026regmcbo3,0,Gardevoir,Gengar-Mega,13.053
2026-09-30,M-C,gen9championsvgc2026regmcbo3,0,Gardevoir,Sneasler,11.947
2026-09-30,M-C,gen9championsvgc2026regmcbo3,0,Gardevoir,Swampert-Mega,11.504
2026-09-30,M-C,gen9championsvgc2026regmcbo3,0,Gardevoir,Archaludon,11.283
2026-09-30,M-C,gen9championsvgc2026regmcbo3,0,Gardevoir,Arcanine-Hisui,10.619
2026-09-30,M-C,gen9championsvgc2026regmcbo3,0,Garganacl,Rillaboom,23.206
2026-09-30,M-C,gen9championsvgc2026regmcbo3,0,Garganacl,Sinistcha,22.488
2026-09-30,M-C,gen9championsvgc2026regmcbo3,0,Garganacl,Incineroar,18.421
2026-09-30,M-C,gen9championsvgc2026regmcbo3,0,Garganacl,Indeedee-F,17.225
2026-09-30,M-C,gen9championsvgc2026regmcbo3,0,Garganacl,Golisopod-Mega,15.55
2026-09-30,M-C,gen9championsvgc2026regmcbo3,0,Garganacl,Sneasler,10.766
2026-09-30,M-C,gen9championsvgc2026regmcbo3,0,Garganacl,Staraptor-Mega,10.766
2026-09-30,M-C,gen9championsvgc2026regmcbo3,0,Garganacl,Farigiraf,9.569
2026-09-30,M-C,gen9championsvgc2026regmcbo3,0,Garganacl,Milotic,9.33
2026-09-30,M-C,gen9championsvgc2026regmcbo3,0,Garganacl,Kingambit,8.373
2026-09-30,M-C,gen9championsvgc2026regmcbo3,0,Alakazam,Indeedee-F,37.687
2026-09-30,M-C,gen9championsvgc2026regmcbo3,0,Alakazam,Sneasler,17.131
2026-09-30,M-C,gen9championsvgc2026regmcbo3,0,Alakazam,Incineroar,12.848
2026-09-30,M-C,gen9championsvgc2026regmcbo3,0,Alakazam,Charizard-Mega-Y,12.634
2026-09-30,M-C,gen9championsvgc2026regmcbo3,0,Alakazam,Rillaboom,11.563
2026-09-30,M-C,gen9championsvgc2026regmcbo3,0,Alakazam,Pelipper,11.135
2026-09-30,M-C,gen9championsvgc2026regmcbo3,0,Alakazam,Golisopod-Mega,9.208
2026-09-30,M-C,gen9championsvgc2026regmcbo3,0,Alakazam,Metagross-Mega,8.779
2026-09-30,M-C,gen9championsvgc2026regmcbo3,0,Alakazam,Salamence-Mega,8.351
2026-09-30,M-C,gen9championsvgc2026regmcbo3,0,Alakazam,Blastoise-Mega,8.351
2026-09-30,M-C,gen9championsvgc2026regmcbo3,0,Heracross-Mega,Whimsicott,21.546
2026-09-30,M-C,gen9championsvgc2026regmcbo3,0,Heracross-Mega,Indeedee-F,16.862
2026-09-30,M-C,gen9championsvgc2026regmcbo3,0,Heracross-Mega,Incineroar,14.754
2026-09-30,M-C,gen9championsvgc2026regmcbo3,0,Heracross-Mega,Talonflame,14.286
2026-09-30,M-C,gen9championsvgc2026regmcbo3,0,Heracross-Mega,Farigiraf,13.115
2026-09-30,M-C,gen9championsvgc2026regmcbo3,0,Heracross-Mega,Kingambit,12.646
2026-09-30,M-C,gen9championsvgc2026regmcbo3,0,Heracross-Mega,Milotic,11.007
2026-09-30,M-C,gen9championsvgc2026regmcbo3,0,Heracross-Mega,Hydreigon,10.773
2026-09-30,M-C,gen9championsvgc2026regmcbo3,0,Heracross-Mega,Archaludon,10.539
2026-09-30,M-C,gen9championsvgc2026regmcbo3,0,Heracross-Mega,Garchomp,10.07
2026-09-30,M-C,gen9championsvgc2026regmcbo3,0,Mr. Rime,Raichu-Mega-Y,27.423
2026-09-30,M-C,gen9championsvgc2026regmcbo3,0,Mr. Rime,Indeedee-F,22.474
2026-09-30,M-C,gen9championsvgc2026regmcbo3,0,Mr. Rime,Pelipper,17.938
2026-09-30,M-C,gen9championsvgc2026regmcbo3,0,Mr. Rime,Primarina,15.464
2026-09-30,M-C,gen9championsvgc2026regmcbo3,0,Mr. Rime,Oranguru,14.845
2026-09-30,M-C,gen9championsvgc2026regmcbo3,0,Mr. Rime,Clefable,14.433
2026-09-30,M-C,gen9championsvgc2026regmcbo3,0,Mr. Rime,Sinistcha,7.423
2026-09-30,M-C,gen9championsvgc2026regmcbo3,0,Mr. Rime,Rillaboom,7.216
2026-09-30,M-C,gen9championsvgc2026regmcbo3,0,Mr. Rime,Ninetales-Alola,7.01
2026-09-30,M-C,gen9championsvgc2026regmcbo3,0,Mr. Rime,Whimsicott,6.598
2026-09-30,M-C,gen9championsvgc2026regmcbo3,0,Gogoat,Rillaboom,42.093
2026-09-30,M-C,gen9championsvgc2026regmcbo3,0,Gogoat,Pelipper,13.953
2026-09-30,M-C,gen9championsvgc2026regmcbo3,0,Gogoat,Ceruledge,13.488
2026-09-30,M-C,gen9championsvgc2026regmcbo3,0,Gogoat,Baxcalibur-Mega,13.256
2026-09-30,M-C,gen9championsvgc2026regmcbo3,0,Gogoat,Milotic,12.558
2026-09-30,M-C,gen9championsvgc2026regmcbo3,0,Gogoat,Farigiraf,12.326
2026-09-30,M-C,gen9championsvgc2026regmcbo3,0,Gogoat,Sneasler,12.326
2026-09-30,M-C,gen9championsvgc2026regmcbo3,0,Gogoat,Golisopod-Mega,11.86
2026-09-30,M-C,gen9championsvgc2026regmcbo3,0,Gogoat,Indeedee-F,10.698
2026-09-30,M-C,gen9championsvgc2026regmcbo3,0,Gogoat,Salamence-Mega,10.233
2026-09-30,M-C,gen9championsvgc2026regmcbo3,0,Reuniclus,Indeedee-F,27.644
2026-09-30,M-C,gen9championsvgc2026regmcbo3,0,Reuniclus,Golisopod-Mega,24.76
2026-09-30,M-C,gen9championsvgc2026regmcbo3,0,Reuniclus,Incineroar,14.663
2026-09-30,M-C,gen9championsvgc2026regmcbo3,0,Reuniclus,Farigiraf,13.221
2026-09-30,M-C,gen9championsvgc2026regmcbo3,0,Reuniclus,Pelipper,11.058
2026-09-30,M-C,gen9championsvgc2026regmcbo3,0,Reuniclus,Sinistcha,10.337
2026-09-30,M-C,gen9championsvgc2026regmcbo3,0,Reuniclus,Sneasler,10.337
2026-09-30,M-C,gen9championsvgc2026regmcbo3,0,Reuniclus,Kingambit,10.337
2026-09-30,M-C,gen9championsvgc2026regmcbo3,0,Reuniclus,Camerupt-Mega,10.337
2026-09-30,M-C,gen9championsvgc2026regmcbo3,0,Reuniclus,Pawmot,10.337
2026-09-30,M-C,gen9championsvgc2026regmcbo3,0,Spiritomb,Golisopod-Mega,23.168
2026-09-30,M-C,gen9championsvgc2026regmcbo3,0,Spiritomb,Sneasler,20.331
2026-09-30,M-C,gen9championsvgc2026regmcbo3,0,Spiritomb,Salamence-Mega,17.73
2026-09-30,M-C,gen9championsvgc2026regmcbo3,0,Spiritomb,Pelipper,15.839
2026-09-30,M-C,gen9championsvgc2026regmcbo3,0,Spiritomb,Sinistcha,15.603
2026-09-30,M-C,gen9championsvgc2026regmcbo3,0,Spiritomb,Volcarona,15.13
2026-09-30,M-C,gen9championsvgc2026regmcbo3,0,Spiritomb,Rillaboom,13.475
2026-09-30,M-C,gen9championsvgc2026regmcbo3,0,Spiritomb,Swampert-Mega,12.53
2026-09-30,M-C,gen9championsvgc2026regmcbo3,0,Spiritomb,Malamar-Mega,11.111
2026-09-30,M-C,gen9championsvgc2026regmcbo3,0,Spiritomb,Primarina,8.511
2026-09-30,M-C,gen9championsvgc2026regmcbo3,0,Chimecho-Mega,Milotic,22.947
2026-09-30,M-C,gen9championsvgc2026regmcbo3,0,Chimecho-Mega,Incineroar,18.599
2026-09-30,M-C,gen9championsvgc2026regmcbo3,0,Chimecho-Mega,Indeedee-F,18.599
2026-09-30,M-C,gen9championsvgc2026regmcbo3,0,Chimecho-Mega,Staraptor-Mega,14.976
2026-09-30,M-C,gen9championsvgc2026regmcbo3,0,Chimecho-Mega,Ceruledge,14.493
2026-09-30,M-C,gen9championsvgc2026regmcbo3,0,Chimecho-Mega,Hydreigon,14.01
2026-09-30,M-C,gen9championsvgc2026regmcbo3,0,Chimecho-Mega,Sylveon,14.01
2026-09-30,M-C,gen9championsvgc2026regmcbo3,0,Chimecho-Mega,Whimsicott,13.285
2026-09-30,M-C,gen9championsvgc2026regmcbo3,0,Chimecho-Mega,Sinistcha,10.628
2026-09-30,M-C,gen9championsvgc2026regmcbo3,0,Chimecho-Mega,Garchomp,10.386
2026-09-30,M-C,gen9championsvgc2026regmcbo3,0,Barbaracle-Mega,Torkoal,53.444
2026-09-30,M-C,gen9championsvgc2026regmcbo3,0,Barbaracle-Mega,Farigiraf,52.066
2026-09-30,M-C,gen9championsvgc2026regmcbo3,0,Barbaracle-Mega,Venusaur,48.76
2026-09-30,M-C,gen9championsvgc2026regmcbo3,0,Barbaracle-Mega,Vivillon,48.485
2026-09-30,M-C,gen9championsvgc2026regmcbo3,0,Barbaracle-Mega,Kangaskhan-Mega,48.209
2026-09-30,M-C,gen9championsvgc2026regmcbo3,0,Barbaracle-Mega,Indeedee-F,10.468
2026-09-30,M-C,gen9championsvgc2026regmcbo3,0,Barbaracle-Mega,Sneasler,8.815
2026-09-30,M-C,gen9championsvgc2026regmcbo3,0,Barbaracle-Mega,Incineroar,8.264
2026-09-30,M-C,gen9championsvgc2026regmcbo3,0,Barbaracle-Mega,Volcarona,8.264
2026-09-30,M-C,gen9championsvgc2026regmcbo3,0,Barbaracle-Mega,Sinistcha,7.989
2026-09-30,M-C,gen9championsvgc2026regmcbo3,0,Mr. Mime,Rillaboom,23.587
2026-09-30,M-C,gen9championsvgc2026regmcbo3,0,Mr. Mime,Gengar-Mega,13.268
2026-09-30,M-C,gen9championsvgc2026regmcbo3,0,Mr. Mime,Sneasler,13.022
2026-09-30,M-C,gen9championsvgc2026regmcbo3,0,Mr. Mime,Salamence-Mega,12.285
2026-09-30,M-C,gen9championsvgc2026regmcbo3,0,Mr. Mime,Golisopod-Mega,11.548
2026-09-30,M-C,gen9championsvgc2026regmcbo3,0,Mr. Mime,Sinistcha,10.565
2026-09-30,M-C,gen9championsvgc2026regmcbo3,0,Mr. Mime,Camerupt-Mega,9.582
2026-09-30,M-C,gen9championsvgc2026regmcbo3,0,Mr. Mime,Incineroar,9.337
2026-09-30,M-C,gen9championsvgc2026regmcbo3,0,Mr. Mime,Archaludon,9.091
2026-09-30,M-C,gen9championsvgc2026regmcbo3,0,Mr. Mime,Indeedee-F,8.845
2026-09-30,M-C,gen9championsvgc2026regmcbo3,0,Aurorus,Indeedee-F,23.41
2026-09-30,M-C,gen9championsvgc2026regmcbo3,0,Aurorus,Salamence-Mega,18.066
2026-09-30,M-C,gen9championsvgc2026regmcbo3,0,Aurorus,Farigiraf,15.013
2026-09-30,M-C,gen9championsvgc2026regmcbo3,0,Aurorus,Golisopod-Mega,12.468
2026-09-30,M-C,gen9championsvgc2026regmcbo3,0,Aurorus,Armarouge,11.959
2026-09-30,M-C,gen9championsvgc2026regmcbo3,0,Aurorus,Baxcalibur-Mega,11.45
2026-09-30,M-C,gen9championsvgc2026regmcbo3,0,Aurorus,Mawile-Mega,10.687
2026-09-30,M-C,gen9championsvgc2026regmcbo3,0,Aurorus,Camerupt-Mega,10.178
2026-09-30,M-C,gen9championsvgc2026regmcbo3,0,Aurorus,Basculegion,9.924
2026-09-30,M-C,gen9championsvgc2026regmcbo3,0,Aurorus,Metagross-Mega,8.397
2026-09-30,M-C,gen9championsvgc2026regmcbo3,0,Bastiodon,Rillaboom,80.12
2026-09-30,M-C,gen9championsvgc2026regmcbo3,0,Bastiodon,Garchomp,73.795
2026-09-30,M-C,gen9championsvgc2026regmcbo3,0,Bastiodon,Tyranitar-Mega,70.783
2026-09-30,M-C,gen9championsvgc2026regmcbo3,0,Bastiodon,Scovillain-Mega,60.241
2026-09-30,M-C,gen9championsvgc2026regmcbo3,0,Bastiodon,Incineroar,51.506
2026-09-30,M-C,gen9championsvgc2026regmcbo3,0,Bastiodon,Milotic,16.566
2026-09-30,M-C,gen9championsvgc2026regmcbo3,0,Bastiodon,Basculegion,15.663
2026-09-30,M-C,gen9championsvgc2026regmcbo3,0,Bastiodon,Indeedee-F,7.229
2026-09-30,M-C,gen9championsvgc2026regmcbo3,0,Bastiodon,Hippowdon,5.422
2026-09-30,M-C,gen9championsvgc2026regmcbo3,0,Bastiodon,Salamence-Mega,4.819
2026-09-30,M-C,gen9championsvgc2026regmcbo3,0,Golisopod,Rillaboom,42.67
2026-09-30,M-C,gen9championsvgc2026regmcbo3,0,Golisopod,Incineroar,41.623
2026-09-30,M-C,gen9championsvgc2026regmcbo3,0,Golisopod,Gengar-Mega,25.131
2026-09-30,M-C,gen9championsvgc2026regmcbo3,0,Golisopod,Gholdengo,12.827
2026-09-30,M-C,gen9championsvgc2026regmcbo3,0,Golisopod,Maushold,11.518
2026-09-30,M-C,gen9championsvgc2026regmcbo3,0,Golisopod,Indeedee-F,11.518
2026-09-30,M-C,gen9championsvgc2026regmcbo3,0,Golisopod,Floette-Mega,11.257
2026-09-30,M-C,gen9championsvgc2026regmcbo3,0,Golisopod,Raichu-Mega-Y,10.471
2026-09-30,M-C,gen9championsvgc2026regmcbo3,0,Golisopod,Salamence-Mega,8.377
2026-09-30,M-C,gen9championsvgc2026regmcbo3,0,Golisopod,Dragonite-Mega,7.853
2026-09-30,M-C,gen9championsvgc2026regmcbo3,0,Salazzle,Rillaboom,18.919
2026-09-30,M-C,gen9championsvgc2026regmcbo3,0,Salazzle,Salamence-Mega,16.486
2026-09-30,M-C,gen9championsvgc2026regmcbo3,0,Salazzle,Kingambit,14.054
2026-09-30,M-C,gen9championsvgc2026regmcbo3,0,Salazzle,Whimsicott,13.243
2026-09-30,M-C,gen9championsvgc2026regmcbo3,0,Salazzle,Milotic,12.703
2026-09-30,M-C,gen9championsvgc2026regmcbo3,0,Salazzle,Hydreigon,10.27
2026-09-30,M-C,gen9championsvgc2026regmcbo3,0,Salazzle,Aerodactyl,9.459
2026-09-30,M-C,gen9championsvgc2026regmcbo3,0,Salazzle,Absol-Mega-Z,9.459
2026-09-30,M-C,gen9championsvgc2026regmcbo3,0,Salazzle,Sylveon,8.919
2026-09-30,M-C,gen9championsvgc2026regmcbo3,0,Salazzle,Farigiraf,8.649
2026-09-30,M-C,gen9championsvgc2026regmcbo3,0,Runerigus,Rillaboom,23.622
2026-09-30,M-C,gen9championsvgc2026regmcbo3,0,Runerigus,Golisopod-Mega,21.26
2026-09-30,M-C,gen9championsvgc2026regmcbo3,0,Runerigus,Grimmsnarl,19.948
2026-09-30,M-C,gen9championsvgc2026regmcbo3,0,Runerigus,Archaludon,17.323
2026-09-30,M-C,gen9championsvgc2026regmcbo3,0,Runerigus,Politoed,14.436
2026-09-30,M-C,gen9championsvgc2026regmcbo3,0,Runerigus,Kingambit,13.123
2026-09-30,M-C,gen9championsvgc2026regmcbo3,0,Runerigus,Sinistcha,10.236
2026-09-30,M-C,gen9championsvgc2026regmcbo3,0,Runerigus,Torkoal,8.924
2026-09-30,M-C,gen9championsvgc2026regmcbo3,0,Runerigus,Pelipper,7.612
2026-09-30,M-C,gen9championsvgc2026regmcbo3,0,Runerigus,Tyranitar-Mega,7.612
2026-09-30,M-C,gen9championsvgc2026regmcbo3,0,Falinks-Mega,Sinistcha,23.836
2026-09-30,M-C,gen9championsvgc2026regmcbo3,0,Falinks-Mega,Indeedee-F,21.096
2026-09-30,M-C,gen9championsvgc2026regmcbo3,0,Falinks-Mega,Maushold,18.082
2026-09-30,M-C,gen9championsvgc2026regmcbo3,0,Falinks-Mega,Gholdengo,15.342
2026-09-30,M-C,gen9championsvgc2026regmcbo3,0,Falinks-Mega,Sirfetch'd,13.973
2026-09-30,M-C,gen9championsvgc2026regmcbo3,0,Falinks-Mega,Rillaboom,13.151
2026-09-30,M-C,gen9championsvgc2026regmcbo3,0,Falinks-Mega,Sneasler,11.781
2026-09-30,M-C,gen9championsvgc2026regmcbo3,0,Falinks-Mega,Incineroar,10.685
2026-09-30,M-C,gen9championsvgc2026regmcbo3,0,Falinks-Mega,Kingambit,10.411
2026-09-30,M-C,gen9championsvgc2026regmcbo3,0,Falinks-Mega,Baxcalibur-Mega,10.137
2026-09-30,M-C,gen9championsvgc2026regmcbo3,0,Blastoise,Whimsicott,29.178
2026-09-30,M-C,gen9championsvgc2026regmcbo3,0,Blastoise,Staraptor-Mega,26.346
2026-09-30,M-C,gen9championsvgc2026regmcbo3,0,Blastoise,Maushold,26.346
2026-09-30,M-C,gen9championsvgc2026regmcbo3,0,Blastoise,Garchomp-Mega-Z,24.646
2026-09-30,M-C,gen9championsvgc2026regmcbo3,0,Blastoise,Volcarona,24.646
2026-09-30,M-C,gen9championsvgc2026regmcbo3,0,Blastoise,Rillaboom,18.13
2026-09-30,M-C,gen9championsvgc2026regmcbo3,0,Blastoise,Indeedee-F,16.147
2026-09-30,M-C,gen9championsvgc2026regmcbo3,0,Blastoise,Incineroar,15.297
2026-09-30,M-C,gen9championsvgc2026regmcbo3,0,Blastoise,Farigiraf,9.915
2026-09-30,M-C,gen9championsvgc2026regmcbo3,0,Blastoise,Charizard-Mega-Y,9.348
2026-09-30,M-C,gen9championsvgc2026regmcbo3,0,Floette-Eternal,Rillaboom,51.682
2026-09-30,M-C,gen9championsvgc2026regmcbo3,0,Floette-Eternal,Incineroar,30.275
2026-09-30,M-C,gen9championsvgc2026regmcbo3,0,Floette-Eternal,Sneasler,19.266
2026-09-30,M-C,gen9championsvgc2026regmcbo3,0,Floette-Eternal,Metagross-Mega,18.654
2026-09-30,M-C,gen9championsvgc2026regmcbo3,0,Floette-Eternal,Kingambit,18.043
2026-09-30,M-C,gen9championsvgc2026regmcbo3,0,Floette-Eternal,Basculegion,14.373
2026-09-30,M-C,gen9championsvgc2026regmcbo3,0,Floette-Eternal,Salamence-Mega,14.067
2026-09-30,M-C,gen9championsvgc2026regmcbo3,0,Floette-Eternal,Charizard-Mega-Y,14.067
2026-09-30,M-C,gen9championsvgc2026regmcbo3,0,Floette-Eternal,Milotic,12.844
2026-09-30,M-C,gen9championsvgc2026regmcbo3,0,Floette-Eternal,Arcanine-Hisui,11.621
2026-09-30,M-C,gen9championsvgc2026regmcbo3,0,Hawlucha-Mega,Snorlax,39.276
2026-09-30,M-C,gen9championsvgc2026regmcbo3,0,Hawlucha-Mega,Incineroar,28.412
2026-09-30,M-C,gen9championsvgc2026regmcbo3,0,Hawlucha-Mega,Rillaboom,19.22
2026-09-30,M-C,gen9championsvgc2026regmcbo3,0,Hawlucha-Mega,Sinistcha,18.106
2026-09-30,M-C,gen9championsvgc2026regmcbo3,0,Hawlucha-Mega,Gengar-Mega,16.156
2026-09-30,M-C,gen9championsvgc2026regmcbo3,0,Hawlucha-Mega,Zoroark-Hisui,14.485
2026-09-30,M-C,gen9championsvgc2026regmcbo3,0,Hawlucha-Mega,Talonflame,13.649
2026-09-30,M-C,gen9championsvgc2026regmcbo3,0,Hawlucha-Mega,Vanilluxe,13.649
2026-09-30,M-C,gen9championsvgc2026regmcbo3,0,Hawlucha-Mega,Politoed,10.306
2026-09-30,M-C,gen9championsvgc2026regmcbo3,0,Hawlucha-Mega,Mudsdale,10.028
2026-09-30,M-C,gen9championsvgc2026regmcbo3,0,Rotom-Mow,Sneasler,29.653
2026-09-30,M-C,gen9championsvgc2026regmcbo3,0,Rotom-Mow,Indeedee-F,23.344
2026-09-30,M-C,gen9championsvgc2026regmcbo3,0,Rotom-Mow,Incineroar,22.397
2026-09-30,M-C,gen9championsvgc2026regmcbo3,0,Rotom-Mow,Basculegion,17.035
2026-09-30,M-C,gen9championsvgc2026regmcbo3,0,Rotom-Mow,Corviknight,16.404
2026-09-30,M-C,gen9championsvgc2026regmcbo3,0,Rotom-Mow,Armarouge,16.088
2026-09-30,M-C,gen9championsvgc2026regmcbo3,0,Rotom-Mow,Absol-Mega-Z,16.088
2026-09-30,M-C,gen9championsvgc2026regmcbo3,0,Rotom-Mow,Salamence-Mega,15.142
2026-09-30,M-C,gen9championsvgc2026regmcbo3,0,Rotom-Mow,Empoleon,14.511
2026-09-30,M-C,gen9championsvgc2026regmcbo3,0,Rotom-Mow,Metagross-Mega,10.095
2026-09-30,M-C,gen9championsvgc2026regmcbo3,0,Gengar,Azumarill,21.148
2026-09-30,M-C,gen9championsvgc2026regmcbo3,0,Gengar,Dragonite,21.148
2026-09-30,M-C,gen9championsvgc2026regmcbo3,0,Gengar,Swampert-Mega,20.846
2026-09-30,M-C,gen9championsvgc2026regmcbo3,0,Gengar,Blaziken-Mega,19.94
2026-09-30,M-C,gen9championsvgc2026regmcbo3,0,Gengar,Venusaur-Mega,19.94
2026-09-30,M-C,gen9championsvgc2026regmcbo3,0,Gengar,Golisopod-Mega,12.085
2026-09-30,M-C,gen9championsvgc2026regmcbo3,0,Gengar,Garchomp,11.178
2026-09-30,M-C,gen9championsvgc2026regmcbo3,0,Gengar,Archaludon,10.876
2026-09-30,M-C,gen9championsvgc2026regmcbo3,0,Gengar,Whimsicott,10.574
2026-09-30,M-C,gen9championsvgc2026regmcbo3,0,Gengar,Politoed,10.574
2026-09-30,M-C,gen9championsvgc2026regmcbo3,0,Vaporeon,Rillaboom,36.486
2026-09-30,M-C,gen9championsvgc2026regmcbo3,0,Vaporeon,Maushold,24.662
2026-09-30,M-C,gen9championsvgc2026regmcbo3,0,Vaporeon,Klefki,22.973
2026-09-30,M-C,gen9championsvgc2026regmcbo3,0,Vaporeon,Annihilape,19.932
2026-09-30,M-C,gen9championsvgc2026regmcbo3,0,Vaporeon,Golisopod-Mega,17.568
2026-09-30,M-C,gen9championsvgc2026regmcbo3,0,Vaporeon,Talonflame,17.568
2026-09-30,M-C,gen9championsvgc2026regmcbo3,0,Vaporeon,Incineroar,15.541
2026-09-30,M-C,gen9championsvgc2026regmcbo3,0,Vaporeon,Grapploct,14.865
2026-09-30,M-C,gen9championsvgc2026regmcbo3,0,Vaporeon,Farigiraf,10.473
2026-09-30,M-C,gen9championsvgc2026regmcbo3,0,Vaporeon,Sylveon,8.108
2026-09-30,M-C,gen9championsvgc2026regmcbo3,0,Victreebel-Mega,Torkoal,28.231
2026-09-30,M-C,gen9championsvgc2026regmcbo3,0,Victreebel-Mega,Farigiraf,24.83
2026-09-30,M-C,gen9championsvgc2026regmcbo3,0,Victreebel-Mega,Swampert-Mega,18.707
2026-09-30,M-C,gen9championsvgc2026regmcbo3,0,Victreebel-Mega,Charizard-Mega-Y,17.687
2026-09-30,M-C,gen9championsvgc2026regmcbo3,0,Victreebel-Mega,Sableye,16.667
2026-09-30,M-C,gen9championsvgc2026regmcbo3,0,Victreebel-Mega,Pawmot,16.327
2026-09-30,M-C,gen9championsvgc2026regmcbo3,0,Victreebel-Mega,Milotic,15.986
2026-09-30,M-C,gen9championsvgc2026regmcbo3,0,Victreebel-Mega,Pelipper,14.966
2026-09-30,M-C,gen9championsvgc2026regmcbo3,0,Victreebel-Mega,Basculegion,14.966
2026-09-30,M-C,gen9championsvgc2026regmcbo3,0,Victreebel-Mega,Ceruledge,13.946
2026-09-30,M-C,gen9championsvgc2026regmcbo3,0,Tauros-Paldea-Blaze,Rillaboom,23.891
2026-09-30,M-C,gen9championsvgc2026regmcbo3,0,Tauros-Paldea-Blaze,Indeedee-F,21.843
2026-09-30,M-C,gen9championsvgc2026regmcbo3,0,Tauros-Paldea-Blaze,Golisopod-Mega,20.819
2026-09-30,M-C,gen9championsvgc2026regmcbo3,0,Tauros-Paldea-Blaze,Archaludon,15.7
2026-09-30,M-C,gen9championsvgc2026regmcbo3,0,Tauros-Paldea-Blaze,Milotic,15.017
2026-09-30,M-C,gen9championsvgc2026regmcbo3,0,Tauros-Paldea-Blaze,Raichu-Mega-X,15.017
2026-09-30,M-C,gen9championsvgc2026regmcbo3,0,Tauros-Paldea-Blaze,Pelipper,14.676
2026-09-30,M-C,gen9championsvgc2026regmcbo3,0,Tauros-Paldea-Blaze,Gardevoir-Mega,13.311
2026-09-30,M-C,gen9championsvgc2026regmcbo3,0,Tauros-Paldea-Blaze,Froslass-Mega,9.556
2026-09-30,M-C,gen9championsvgc2026regmcbo3,0,Tauros-Paldea-Blaze,Froslass,8.532
2026-09-30,M-C,gen9championsvgc2026regmcbo3,0,Wyrdeer,Milotic,32.237
2026-09-30,M-C,gen9championsvgc2026regmcbo3,0,Wyrdeer,Rillaboom,28.618
2026-09-30,M-C,gen9championsvgc2026regmcbo3,0,Wyrdeer,Indeedee-F,14.803
2026-09-30,M-C,gen9championsvgc2026regmcbo3,0,Wyrdeer,Wigglytuff,13.158
2026-09-30,M-C,gen9championsvgc2026regmcbo3,0,Wyrdeer,Charizard-Mega-Y,13.158
2026-09-30,M-C,gen9championsvgc2026regmcbo3,0,Wyrdeer,Farigiraf,11.184
2026-09-30,M-C,gen9championsvgc2026regmcbo3,0,Wyrdeer,Sneasler,10.197
2026-09-30,M-C,gen9championsvgc2026regmcbo3,0,Wyrdeer,Sinistcha,9.868
2026-09-30,M-C,gen9championsvgc2026regmcbo3,0,Wyrdeer,Garchomp-Mega,9.539
2026-09-30,M-C,gen9championsvgc2026regmcbo3,0,Wyrdeer,Aegislash,9.539
2026-09-30,M-C,gen9championsvgc2026regmcbo3,0,Glaceon,Froslass-Mega,24.595
2026-09-30,M-C,gen9championsvgc2026regmcbo3,0,Glaceon,Incineroar,21.351
2026-09-30,M-C,gen9championsvgc2026regmcbo3,0,Glaceon,Sneasler,15.135
2026-09-30,M-C,gen9championsvgc2026regmcbo3,0,Glaceon,Rillaboom,15.135
2026-09-30,M-C,gen9championsvgc2026regmcbo3,0,Glaceon,Indeedee-F,14.865
2026-09-30,M-C,gen9championsvgc2026regmcbo3,0,Glaceon,Kingambit,12.973
2026-09-30,M-C,gen9championsvgc2026regmcbo3,0,Glaceon,Dragapult,10.811
2026-09-30,M-C,gen9championsvgc2026regmcbo3,0,Glaceon,Sableye,8.108
2026-09-30,M-C,gen9championsvgc2026regmcbo3,0,Glaceon,Abomasnow-Mega,7.027
2026-09-30,M-C,gen9championsvgc2026regmcbo3,0,Glaceon,Ninetales-Alola,7.027
2026-09-30,M-C,gen9championsvgc2026regmcbo3,0,Slowbro-Galar,Rotom-Wash,24.296
2026-09-30,M-C,gen9championsvgc2026regmcbo3,0,Slowbro-Galar,Indeedee-F,22.887
2026-09-30,M-C,gen9championsvgc2026regmcbo3,0,Slowbro-Galar,Scrafty-Mega,20.423
2026-09-30,M-C,gen9championsvgc2026regmcbo3,0,Slowbro-Galar,Tinkaton,20.07
2026-09-30,M-C,gen9championsvgc2026regmcbo3,0,Slowbro-Galar,Mawile-Mega,19.718
2026-09-30,M-C,gen9championsvgc2026regmcbo3,0,Slowbro-Galar,Golisopod-Mega,12.676
2026-09-30,M-C,gen9championsvgc2026regmcbo3,0,Slowbro-Galar,Incineroar,10.211
2026-09-30,M-C,gen9championsvgc2026regmcbo3,0,Slowbro-Galar,Araquanid,9.859
2026-09-30,M-C,gen9championsvgc2026regmcbo3,0,Slowbro-Galar,Rillaboom,8.803
2026-09-30,M-C,gen9championsvgc2026regmcbo3,0,Slowbro-Galar,Hydrapple,8.451
2026-09-30,M-C,gen9championsvgc2026regmcbo3,0,Lycanroc,Tyranitar-Mega,55.357
2026-09-30,M-C,gen9championsvgc2026regmcbo3,0,Lycanroc,Corviknight,48.929
2026-09-30,M-C,gen9championsvgc2026regmcbo3,0,Lycanroc,Dragapult,48.214
2026-09-30,M-C,gen9championsvgc2026regmcbo3,0,Lycanroc,Farigiraf,47.857
2026-09-30,M-C,gen9championsvgc2026regmcbo3,0,Lycanroc,Sneasler,20.0
2026-09-30,M-C,gen9championsvgc2026regmcbo3,0,Lycanroc,Rillaboom,12.857
2026-09-30,M-C,gen9championsvgc2026regmcbo3,0,Lycanroc,Hippowdon,8.929
2026-09-30,M-C,gen9championsvgc2026regmcbo3,0,Lycanroc,Kingambit,7.857
2026-09-30,M-C,gen9championsvgc2026regmcbo3,0,Lycanroc,Rotom-Wash,7.857
2026-09-30,M-C,gen9championsvgc2026regmcbo3,0,Lycanroc,Primarina,7.5
2026-09-30,M-C,gen9championsvgc2026regmcbo3,0,Sableye-Mega,Indeedee-F,19.257
2026-09-30,M-C,gen9championsvgc2026regmcbo3,0,Sableye-Mega,Sneasler,17.905
2026-09-30,M-C,gen9championsvgc2026regmcbo3,0,Sableye-Mega,Sinistcha,17.23
2026-09-30,M-C,gen9championsvgc2026regmcbo3,0,Sableye-Mega,Torkoal,13.851
2026-09-30,M-C,gen9championsvgc2026regmcbo3,0,Sableye-Mega,Kingambit,11.486
2026-09-30,M-C,gen9championsvgc2026regmcbo3,0,Sableye-Mega,Armarouge,11.149
2026-09-30,M-C,gen9championsvgc2026regmcbo3,0,Sableye-Mega,Archaludon,10.473
2026-09-30,M-C,gen9championsvgc2026regmcbo3,0,Sableye-Mega,Overqwil,9.797
2026-09-30,M-C,gen9championsvgc2026regmcbo3,0,Sableye-Mega,Basculegion,9.797
2026-09-30,M-C,gen9championsvgc2026regmcbo3,0,Sableye-Mega,Farigiraf,8.446
2026-09-30,M-C,gen9championsvgc2026regmcbo3,0,Medicham-Mega,Indeedee-F,30.435
2026-09-30,M-C,gen9championsvgc2026regmcbo3,0,Medicham-Mega,Sneasler,23.32
2026-09-30,M-C,gen9championsvgc2026regmcbo3,0,Medicham-Mega,Incineroar,22.134
2026-09-30,M-C,gen9championsvgc2026regmcbo3,0,Medicham-Mega,Whimsicott,20.553
2026-09-30,M-C,gen9championsvgc2026regmcbo3,0,Medicham-Mega,Pelipper,19.763
2026-09-30,M-C,gen9championsvgc2026regmcbo3,0,Medicham-Mega,Farigiraf,19.368
2026-09-30,M-C,gen9championsvgc2026regmcbo3,0,Medicham-Mega,Archaludon,18.182
2026-09-30,M-C,gen9championsvgc2026regmcbo3,0,Medicham-Mega,Rillaboom,16.996
2026-09-30,M-C,gen9championsvgc2026regmcbo3,0,Medicham-Mega,Swampert-Mega,15.415
2026-09-30,M-C,gen9championsvgc2026regmcbo3,0,Medicham-Mega,Kingambit,13.834
2026-09-30,M-C,gen9championsvgc2026regmcbo3,0,Goodra,Pelipper,34.348
2026-09-30,M-C,gen9championsvgc2026regmcbo3,0,Goodra,Swampert-Mega,28.261
2026-09-30,M-C,gen9championsvgc2026regmcbo3,0,Goodra,Farigiraf,26.087
2026-09-30,M-C,gen9championsvgc2026regmcbo3,0,Goodra,Lucario-Mega-Z,24.783
2026-09-30,M-C,gen9championsvgc2026regmcbo3,0,Goodra,Rillaboom,19.13
2026-09-30,M-C,gen9championsvgc2026regmcbo3,0,Goodra,Incineroar,14.348
2026-09-30,M-C,gen9championsvgc2026regmcbo3,0,Goodra,Golisopod-Mega,13.043
2026-09-30,M-C,gen9championsvgc2026regmcbo3,0,Goodra,Basculegion,12.609
2026-09-30,M-C,gen9championsvgc2026regmcbo3,0,Goodra,Sylveon,10.87
2026-09-30,M-C,gen9championsvgc2026regmcbo3,0,Goodra,Milotic,10.435
2026-09-30,M-C,gen9championsvgc2026regmcbo3,0,Farfetch'd,Farigiraf,20.482
2026-09-30,M-C,gen9championsvgc2026regmcbo3,0,Farfetch'd,Indeedee-F,18.474
2026-09-30,M-C,gen9championsvgc2026regmcbo3,0,Farfetch'd,Torkoal,16.466
2026-09-30,M-C,gen9championsvgc2026regmcbo3,0,Farfetch'd,Incineroar,14.458
2026-09-30,M-C,gen9championsvgc2026regmcbo3,0,Farfetch'd,Garchomp-Mega-Z,11.647
2026-09-30,M-C,gen9championsvgc2026regmcbo3,0,Farfetch'd,Rillaboom,10.843
2026-09-30,M-C,gen9championsvgc2026regmcbo3,0,Farfetch'd,Sinistcha,8.835
2026-09-30,M-C,gen9championsvgc2026regmcbo3,0,Farfetch'd,Perrserker,8.835
2026-09-30,M-C,gen9championsvgc2026regmcbo3,0,Farfetch'd,Pincurchin,8.835
2026-09-30,M-C,gen9championsvgc2026regmcbo3,0,Farfetch'd,Camerupt-Mega,7.229
2026-09-30,M-C,gen9championsvgc2026regmcbo3,0,Infernape,Incineroar,17.407
2026-09-30,M-C,gen9championsvgc2026regmcbo3,0,Infernape,Sinistcha,15.185
2026-09-30,M-C,gen9championsvgc2026regmcbo3,0,Infernape,Farigiraf,12.222
2026-09-30,M-C,gen9championsvgc2026regmcbo3,0,Infernape,Garchomp,11.852
2026-09-30,M-C,gen9championsvgc2026regmcbo3,0,Infernape,Rillaboom,11.852
2026-09-30,M-C,gen9championsvgc2026regmcbo3,0,Infernape,Golisopod-Mega,10.741
2026-09-30,M-C,gen9championsvgc2026regmcbo3,0,Infernape,Lucario-Mega-Z,10.741
2026-09-30,M-C,gen9championsvgc2026regmcbo3,0,Infernape,Gardevoir-Mega,8.889
2026-09-30,M-C,gen9championsvgc2026regmcbo3,0,Infernape,Tyranitar-Mega,8.519
2026-09-30,M-C,gen9championsvgc2026regmcbo3,0,Infernape,Charizard-Mega-Y,8.519
2026-09-30,M-C,gen9championsvgc2026regmcbo3,0,Scolipede,Pelipper,42.105
2026-09-30,M-C,gen9championsvgc2026regmcbo3,0,Scolipede,Farigiraf,35.526
2026-09-30,M-C,gen9championsvgc2026regmcbo3,0,Scolipede,Swampert-Mega,35.526
2026-09-30,M-C,gen9championsvgc2026regmcbo3,0,Scolipede,Floette-Mega,33.333
2026-09-30,M-C,gen9championsvgc2026regmcbo3,0,Scolipede,Archaludon,30.263
2026-09-30,M-C,gen9championsvgc2026regmcbo3,0,Scolipede,Rillaboom,21.491
2026-09-30,M-C,gen9championsvgc2026regmcbo3,0,Scolipede,Incineroar,10.526
2026-09-30,M-C,gen9championsvgc2026regmcbo3,0,Scolipede,Blaziken,9.211
2026-09-30,M-C,gen9championsvgc2026regmcbo3,0,Scolipede,Froslass-Mega,8.772
2026-09-30,M-C,gen9championsvgc2026regmcbo3,0,Scolipede,Indeedee-F,7.456
2026-09-30,M-C,gen9championsvgc2026regmcbo3,0,Espeon,Indeedee-F,28.07
2026-09-30,M-C,gen9championsvgc2026regmcbo3,0,Espeon,Sneasler,17.544
2026-09-30,M-C,gen9championsvgc2026regmcbo3,0,Espeon,Blastoise-Mega,17.105
2026-09-30,M-C,gen9championsvgc2026regmcbo3,0,Espeon,Politoed,16.667
2026-09-30,M-C,gen9championsvgc2026regmcbo3,0,Espeon,Whimsicott,14.912
2026-09-30,M-C,gen9championsvgc2026regmcbo3,0,Espeon,Arcanine,14.035
2026-09-30,M-C,gen9championsvgc2026regmcbo3,0,Espeon,Raichu,13.596
2026-09-30,M-C,gen9championsvgc2026regmcbo3,0,Espeon,Gengar-Mega,12.719
2026-09-30,M-C,gen9championsvgc2026regmcbo3,0,Espeon,Pelipper,10.965
2026-09-30,M-C,gen9championsvgc2026regmcbo3,0,Espeon,Raichu-Mega-Y,8.772
2026-09-30,M-C,gen9championsvgc2026regmcbo3,0,Sharpedo-Mega,Indeedee-F,32.735
2026-09-30,M-C,gen9championsvgc2026regmcbo3,0,Sharpedo-Mega,Sneasler,24.664
2026-09-30,M-C,gen9championsvgc2026regmcbo3,0,Sharpedo-Mega,Incineroar,18.834
2026-09-30,M-C,gen9championsvgc2026regmcbo3,0,Sharpedo-Mega,Annihilape,14.35
2026-09-30,M-C,gen9championsvgc2026regmcbo3,0,Sharpedo-Mega,Ninetales-Alola,14.35
2026-09-30,M-C,gen9championsvgc2026regmcbo3,0,Sharpedo-Mega,Milotic,12.108
2026-09-30,M-C,gen9championsvgc2026regmcbo3,0,Sharpedo-Mega,Arcanine-Hisui,11.659
2026-09-30,M-C,gen9championsvgc2026regmcbo3,0,Sharpedo-Mega,Sylveon,11.659
2026-09-30,M-C,gen9championsvgc2026regmcbo3,0,Sharpedo-Mega,Rillaboom,11.211
2026-09-30,M-C,gen9championsvgc2026regmcbo3,0,Sharpedo-Mega,Farigiraf,10.314
2026-09-30,M-C,gen9championsvgc2026regmcbo3,0,Thievul,Sneasler,38.889
2026-09-30,M-C,gen9championsvgc2026regmcbo3,0,Thievul,Indeedee-F,32.407
2026-09-30,M-C,gen9championsvgc2026regmcbo3,0,Thievul,Golisopod-Mega,29.167
2026-09-30,M-C,gen9championsvgc2026regmcbo3,0,Thievul,Armarouge,22.222
2026-09-30,M-C,gen9championsvgc2026regmcbo3,0,Thievul,Gardevoir-Mega,21.759
2026-09-30,M-C,gen9championsvgc2026regmcbo3,0,Thievul,Slowbro-Mega,15.278
2026-09-30,M-C,gen9championsvgc2026regmcbo3,0,Thievul,Rillaboom,13.426
2026-09-30,M-C,gen9championsvgc2026regmcbo3,0,Thievul,Basculegion,13.426
2026-09-30,M-C,gen9championsvgc2026regmcbo3,0,Thievul,Garchomp,12.5
2026-09-30,M-C,gen9championsvgc2026regmcbo3,0,Thievul,Archaludon,10.648
2026-09-30,M-C,gen9championsvgc2026regmcbo3,0,Audino,Kingambit,27.309
2026-09-30,M-C,gen9championsvgc2026regmcbo3,0,Audino,Gengar-Mega,24.498
2026-09-30,M-C,gen9championsvgc2026regmcbo3,0,Audino,Tauros-Paldea-Aqua,24.096
2026-09-30,M-C,gen9championsvgc2026regmcbo3,0,Audino,Snorlax,23.695
2026-09-30,M-C,gen9championsvgc2026regmcbo3,0,Audino,Delphox-Mega,14.458
2026-09-30,M-C,gen9championsvgc2026regmcbo3,0,Audino,Incineroar,12.45
2026-09-30,M-C,gen9championsvgc2026regmcbo3,0,Audino,Slowbro-Mega,12.048
2026-09-30,M-C,gen9championsvgc2026regmcbo3,0,Audino,Farigiraf,10.442
2026-09-30,M-C,gen9championsvgc2026regmcbo3,0,Audino,Raichu-Mega-Y,9.639
2026-09-30,M-C,gen9championsvgc2026regmcbo3,0,Audino,Sinistcha,9.237
2026-09-30,M-C,gen9championsvgc2026regmcbo3,0,Toxicroak,Pelipper,47.343
2026-09-30,M-C,gen9championsvgc2026regmcbo3,0,Toxicroak,Archaludon,35.266
2026-09-30,M-C,gen9championsvgc2026regmcbo3,0,Toxicroak,Swampert-Mega,15.942
2026-09-30,M-C,gen9championsvgc2026regmcbo3,0,Toxicroak,Maushold,15.459
2026-09-30,M-C,gen9championsvgc2026regmcbo3,0,Toxicroak,Politoed,13.527
2026-09-30,M-C,gen9championsvgc2026regmcbo3,0,Toxicroak,Golisopod-Mega,12.077
2026-09-30,M-C,gen9championsvgc2026regmcbo3,0,Toxicroak,Salamence-Mega,12.077
2026-09-30,M-C,gen9championsvgc2026regmcbo3,0,Toxicroak,Annihilape,12.077
2026-09-30,M-C,gen9championsvgc2026regmcbo3,0,Toxicroak,Basculegion,10.145
2026-09-30,M-C,gen9championsvgc2026regmcbo3,0,Toxicroak,Volcarona,9.662
2026-09-30,M-C,gen9championsvgc2026regmcbo3,0,Lucario,Indeedee-F,16.883
2026-09-30,M-C,gen9championsvgc2026regmcbo3,0,Lucario,Rillaboom,13.42
2026-09-30,M-C,gen9championsvgc2026regmcbo3,0,Lucario,Salamence-Mega,12.987
2026-09-30,M-C,gen9championsvgc2026regmcbo3,0,Lucario,Whimsicott,12.121
2026-09-30,M-C,gen9championsvgc2026regmcbo3,0,Lucario,Torkoal,11.688
2026-09-30,M-C,gen9championsvgc2026regmcbo3,0,Lucario,Kingambit,11.688
2026-09-30,M-C,gen9championsvgc2026regmcbo3,0,Lucario,Farigiraf,9.524
2026-09-30,M-C,gen9championsvgc2026regmcbo3,0,Lucario,Sinistcha,9.524
2026-09-30,M-C,gen9championsvgc2026regmcbo3,0,Lucario,Absol-Mega-Z,9.091
2026-09-30,M-C,gen9championsvgc2026regmcbo3,0,Lucario,Garchomp,9.091
2026-09-30,M-C,gen9championsvgc2026regmcbo3,0,Scovillain,Dragapult,24.434
2026-09-30,M-C,gen9championsvgc2026regmcbo3,0,Scovillain,Farigiraf,23.982
2026-09-30,M-C,gen9championsvgc2026regmcbo3,0,Scovillain,Talonflame,19.91
2026-09-30,M-C,gen9championsvgc2026regmcbo3,0,Scovillain,Rillaboom,19.457
2026-09-30,M-C,gen9championsvgc2026regmcbo3,0,Scovillain,Metagross-Mega,15.837
2026-09-30,M-C,gen9championsvgc2026regmcbo3,0,Scovillain,Sneasler,14.48
2026-09-30,M-C,gen9championsvgc2026regmcbo3,0,Scovillain,Whimsicott,12.67
2026-09-30,M-C,gen9championsvgc2026regmcbo3,0,Scovillain,Absol-Mega-Z,11.765
2026-09-30,M-C,gen9championsvgc2026regmcbo3,0,Scovillain,Indeedee-F,9.502
2026-09-30,M-C,gen9championsvgc2026regmcbo3,0,Scovillain,Raichu-Mega-Y,9.05
2026-09-30,M-C,gen9championsvgc2026regmcbo3,0,Typhlosion,Whimsicott,20.548
2026-09-30,M-C,gen9championsvgc2026regmcbo3,0,Typhlosion,Farigiraf,13.242
2026-09-30,M-C,gen9championsvgc2026regmcbo3,0,Typhlosion,Indeedee-F,12.785
2026-09-30,M-C,gen9championsvgc2026regmcbo3,0,Typhlosion,Torkoal,12.785
2026-09-30,M-C,gen9championsvgc2026regmcbo3,0,Typhlosion,Rillaboom,12.785
2026-09-30,M-C,gen9championsvgc2026regmcbo3,0,Typhlosion,Hatterene,11.416
2026-09-30,M-C,gen9championsvgc2026regmcbo3,0,Typhlosion,Golisopod-Mega,8.219
2026-09-30,M-C,gen9championsvgc2026regmcbo3,0,Typhlosion,Kingambit,8.219
2026-09-30,M-C,gen9championsvgc2026regmcbo3,0,Typhlosion,Incineroar,7.763
2026-09-30,M-C,gen9championsvgc2026regmcbo3,0,Typhlosion,Raichu-Mega-Y,7.763
2026-09-30,M-C,gen9championsvgc2026regmcbo3,0,Glalie-Mega,Pawmot,50.833
2026-09-30,M-C,gen9championsvgc2026regmcbo3,0,Glalie-Mega,Noivern,23.333
2026-09-30,M-C,gen9championsvgc2026regmcbo3,0,Glalie-Mega,Basculegion,21.667
2026-09-30,M-C,gen9championsvgc2026regmcbo3,0,Glalie-Mega,Rillaboom,12.083
2026-09-30,M-C,gen9championsvgc2026regmcbo3,0,Glalie-Mega,Whimsicott,12.083
2026-09-30,M-C,gen9championsvgc2026regmcbo3,0,Glalie-Mega,Indeedee-F,11.25
2026-09-30,M-C,gen9championsvgc2026regmcbo3,0,Glalie-Mega,Farigiraf,10.0
2026-09-30,M-C,gen9championsvgc2026regmcbo3,0,Glalie-Mega,Pelipper,8.333
2026-09-30,M-C,gen9championsvgc2026regmcbo3,0,Glalie-Mega,Sneasler,6.25
2026-09-30,M-C,gen9championsvgc2026regmcbo3,0,Glalie-Mega,Sylveon,6.25
2026-09-30,M-C,gen9championsvgc2026regmcbo3,0,Feraligatr,Rillaboom,44.928
2026-09-30,M-C,gen9championsvgc2026regmcbo3,0,Feraligatr,Incineroar,32.367
2026-09-30,M-C,gen9championsvgc2026regmcbo3,0,Feraligatr,Pelipper,19.807
2026-09-30,M-C,gen9championsvgc2026regmcbo3,0,Feraligatr,Archaludon,19.324
2026-09-30,M-C,gen9championsvgc2026regmcbo3,0,Feraligatr,Salamence-Mega,18.841
2026-09-30,M-C,gen9championsvgc2026regmcbo3,0,Feraligatr,Gengar-Mega,18.841
2026-09-30,M-C,gen9championsvgc2026regmcbo3,0,Feraligatr,Gholdengo,14.01
2026-09-30,M-C,gen9championsvgc2026regmcbo3,0,Feraligatr,Tsareena,12.077
2026-09-30,M-C,gen9championsvgc2026regmcbo3,0,Feraligatr,Glimmora,12.077
2026-09-30,M-C,gen9championsvgc2026regmcbo3,0,Feraligatr,Pawmot,11.594
2026-09-30,M-C,gen9championsvgc2026regmcbo3,0,Liepard,Staraptor-Mega,19.355
2026-09-30,M-C,gen9championsvgc2026regmcbo3,0,Liepard,Rillaboom,17.972
2026-09-30,M-C,gen9championsvgc2026regmcbo3,0,Liepard,Froslass-Mega,13.825
2026-09-30,M-C,gen9championsvgc2026regmcbo3,0,Liepard,Whimsicott,11.982
2026-09-30,M-C,gen9championsvgc2026regmcbo3,0,Liepard,Grimmsnarl,10.138
2026-09-30,M-C,gen9championsvgc2026regmcbo3,0,Liepard,Sneasler,9.677
2026-09-30,M-C,gen9championsvgc2026regmcbo3,0,Liepard,Zoroark-Hisui,9.217
2026-09-30,M-C,gen9championsvgc2026regmcbo3,0,Liepard,Delphox-Mega,9.217
2026-09-30,M-C,gen9championsvgc2026regmcbo3,0,Liepard,Gholdengo,8.756
2026-09-30,M-C,gen9championsvgc2026regmcbo3,0,Liepard,Salazzle,7.834
2026-09-30,M-C,gen9championsvgc2026regmcbo3,0,Scolipede-Mega,Rillaboom,18.018
2026-09-30,M-C,gen9championsvgc2026regmcbo3,0,Scolipede-Mega,Mawile-Mega,16.216
2026-09-30,M-C,gen9championsvgc2026regmcbo3,0,Scolipede-Mega,Farigiraf,15.766
2026-09-30,M-C,gen9championsvgc2026regmcbo3,0,Scolipede-Mega,Incineroar,15.315
2026-09-30,M-C,gen9championsvgc2026regmcbo3,0,Scolipede-Mega,Sneasler,13.964
2026-09-30,M-C,gen9championsvgc2026regmcbo3,0,Scolipede-Mega,Basculegion,12.613
2026-09-30,M-C,gen9championsvgc2026regmcbo3,0,Scolipede-Mega,Pelipper,11.261
2026-09-30,M-C,gen9championsvgc2026regmcbo3,0,Scolipede-Mega,Annihilape,10.811
2026-09-30,M-C,gen9championsvgc2026regmcbo3,0,Scolipede-Mega,Milotic,10.811
2026-09-30,M-C,gen9championsvgc2026regmcbo3,0,Scolipede-Mega,Indeedee-F,9.91
2026-09-30,M-C,gen9championsvgc2026regmcbo3,0,Meowstic-M-Mega,Indeedee-F,34.483
2026-09-30,M-C,gen9championsvgc2026regmcbo3,0,Meowstic-M-Mega,Volcarona,17.672
2026-09-30,M-C,gen9championsvgc2026regmcbo3,0,Meowstic-M-Mega,Sinistcha,14.655
2026-09-30,M-C,gen9championsvgc2026regmcbo3,0,Meowstic-M-Mega,Sneasler,13.793
2026-09-30,M-C,gen9championsvgc2026regmcbo3,0,Meowstic-M-Mega,Lopunny-Mega,12.069
2026-09-30,M-C,gen9championsvgc2026regmcbo3,0,Meowstic-M-Mega,Empoleon,12.069
2026-09-30,M-C,gen9championsvgc2026regmcbo3,0,Meowstic-M-Mega,Incineroar,11.638
2026-09-30,M-C,gen9championsvgc2026regmcbo3,0,Meowstic-M-Mega,Kingambit,11.638
2026-09-30,M-C,gen9championsvgc2026regmcbo3,0,Meowstic-M-Mega,Ninetales-Alola,10.345
2026-09-30,M-C,gen9championsvgc2026regmcbo3,0,Meowstic-M-Mega,Rillaboom,9.052
2026-09-30,M-C,gen9championsvgc2026regmcbo3,0,Rotom-Frost,Froslass-Mega,44.388
2026-09-30,M-C,gen9championsvgc2026regmcbo3,0,Rotom-Frost,Sneasler,30.102
2026-09-30,M-C,gen9championsvgc2026regmcbo3,0,Rotom-Frost,Incineroar,21.429
2026-09-30,M-C,gen9championsvgc2026regmcbo3,0,Rotom-Frost,Rillaboom,18.367
2026-09-30,M-C,gen9championsvgc2026regmcbo3,0,Rotom-Frost,Garchomp,17.857
2026-09-30,M-C,gen9championsvgc2026regmcbo3,0,Rotom-Frost,Kingambit,14.796
2026-09-30,M-C,gen9championsvgc2026regmcbo3,0,Rotom-Frost,Talonflame,13.265
2026-09-30,M-C,gen9championsvgc2026regmcbo3,0,Rotom-Frost,Salamence-Mega,13.265
2026-09-30,M-C,gen9championsvgc2026regmcbo3,0,Rotom-Frost,Sinistcha,12.755
2026-09-30,M-C,gen9championsvgc2026regmcbo3,0,Rotom-Frost,Indeedee-F,10.714
2026-09-30,M-C,gen9championsvgc2026regmcbo3,0,Pikachu,Rillaboom,29.864
2026-09-30,M-C,gen9championsvgc2026regmcbo3,0,Pikachu,Pelipper,17.195
2026-09-30,M-C,gen9championsvgc2026regmcbo3,0,Pikachu,Sneasler,13.575
2026-09-30,M-C,gen9championsvgc2026regmcbo3,0,Pikachu,Arcanine-Hisui,12.67
2026-09-30,M-C,gen9championsvgc2026regmcbo3,0,Pikachu,Basculegion,12.217
2026-09-30,M-C,gen9championsvgc2026regmcbo3,0,Pikachu,Raichu-Mega-X,10.86
2026-09-30,M-C,gen9championsvgc2026regmcbo3,0,Pikachu,Charizard-Mega-Y,10.86
2026-09-30,M-C,gen9championsvgc2026regmcbo3,0,Pikachu,Goodra-Hisui,10.86
2026-09-30,M-C,gen9championsvgc2026regmcbo3,0,Pikachu,Ditto,9.955
2026-09-30,M-C,gen9championsvgc2026regmcbo3,0,Pikachu,Salamence-Mega,9.955
2026-09-30,M-C,gen9championsvgc2026regmcbo3,0,Pangoro,Indeedee-F,49.153
2026-09-30,M-C,gen9championsvgc2026regmcbo3,0,Pangoro,Farigiraf,28.249
2026-09-30,M-C,gen9championsvgc2026regmcbo3,0,Pangoro,Camerupt-Mega,25.424
2026-09-30,M-C,gen9championsvgc2026regmcbo3,0,Pangoro,Hatterene,22.599
2026-09-30,M-C,gen9championsvgc2026regmcbo3,0,Pangoro,Incineroar,16.384
2026-09-30,M-C,gen9championsvgc2026regmcbo3,0,Pangoro,Gardevoir-Mega,15.254
2026-09-30,M-C,gen9championsvgc2026regmcbo3,0,Pangoro,Cofagrigus,11.864
2026-09-30,M-C,gen9championsvgc2026regmcbo3,0,Pangoro,Armarouge,10.734
2026-09-30,M-C,gen9championsvgc2026regmcbo3,0,Pangoro,Sneasler,9.04
2026-09-30,M-C,gen9championsvgc2026regmcbo3,0,Pangoro,Basculegion,9.04
2026-09-30,M-C,gen9championsvgc2026regmcbo3,0,Polteageist,Staraptor-Mega,48.634
2026-09-30,M-C,gen9championsvgc2026regmcbo3,0,Polteageist,Grimmsnarl,47.541
2026-09-30,M-C,gen9championsvgc2026regmcbo3,0,Polteageist,Sinistcha,47.541
2026-09-30,M-C,gen9championsvgc2026regmcbo3,0,Polteageist,Grapploct,27.869
2026-09-30,M-C,gen9championsvgc2026regmcbo3,0,Polteageist,Blaziken-Mega,14.208
2026-09-30,M-C,gen9championsvgc2026regmcbo3,0,Polteageist,Ditto,12.568
2026-09-30,M-C,gen9championsvgc2026regmcbo3,0,Polteageist,Garganacl,12.022
2026-09-30,M-C,gen9championsvgc2026regmcbo3,0,Polteageist,Tyranitar,11.475
2026-09-30,M-C,gen9championsvgc2026regmcbo3,0,Polteageist,Basculegion,10.929
2026-09-30,M-C,gen9championsvgc2026regmcbo3,0,Polteageist,Rillaboom,8.197
2026-09-30,M-C,gen9championsvgc2026regmcbo3,0,Slowbro,Golisopod-Mega,20.219
2026-09-30,M-C,gen9championsvgc2026regmcbo3,0,Slowbro,Sinistcha,16.393
2026-09-30,M-C,gen9championsvgc2026regmcbo3,0,Slowbro,Farigiraf,14.754
2026-09-30,M-C,gen9championsvgc2026regmcbo3,0,Slowbro,Incineroar,13.115
2026-09-30,M-C,gen9championsvgc2026regmcbo3,0,Slowbro,Rillaboom,13.115
2026-09-30,M-C,gen9championsvgc2026regmcbo3,0,Slowbro,Whimsicott,12.568
2026-09-30,M-C,gen9championsvgc2026regmcbo3,0,Slowbro,Indeedee-F,10.929
2026-09-30,M-C,gen9championsvgc2026regmcbo3,0,Slowbro,Scizor-Mega,10.929
2026-09-30,M-C,gen9championsvgc2026regmcbo3,0,Slowbro,Sneasler,9.836
2026-09-30,M-C,gen9championsvgc2026regmcbo3,0,Slowbro,Baxcalibur-Mega,9.29
2026-09-30,M-C,gen9championsvgc2026regmcbo3,0,Pinsir-Mega,Rillaboom,28.261
2026-09-30,M-C,gen9championsvgc2026regmcbo3,0,Pinsir-Mega,Whimsicott,21.196
2026-09-30,M-C,gen9championsvgc2026regmcbo3,0,Pinsir-Mega,Incineroar,19.565
2026-09-30,M-C,gen9championsvgc2026regmcbo3,0,Pinsir-Mega,Raichu-Mega-Y,18.478
2026-09-30,M-C,gen9championsvgc2026regmcbo3,0,Pinsir-Mega,Milotic,15.761
2026-09-30,M-C,gen9championsvgc2026regmcbo3,0,Pinsir-Mega,Arcanine-Hisui,15.761
2026-09-30,M-C,gen9championsvgc2026regmcbo3,0,Pinsir-Mega,Farigiraf,15.217
2026-09-30,M-C,gen9championsvgc2026regmcbo3,0,Pinsir-Mega,Sneasler,13.587
2026-09-30,M-C,gen9championsvgc2026regmcbo3,0,Pinsir-Mega,Golisopod-Mega,11.957
2026-09-30,M-C,gen9championsvgc2026regmcbo3,0,Pinsir-Mega,Indeedee-F,11.413
2026-09-30,M-C,gen9championsvgc2026regmcbo3,0,Charizard,Sneasler,24.339
2026-09-30,M-C,gen9championsvgc2026regmcbo3,0,Charizard,Torkoal,22.751
2026-09-30,M-C,gen9championsvgc2026regmcbo3,0,Charizard,Farigiraf,17.46
2026-09-30,M-C,gen9championsvgc2026regmcbo3,0,Charizard,Garchomp,14.815
2026-09-30,M-C,gen9championsvgc2026regmcbo3,0,Charizard,Indeedee,14.815
2026-09-30,M-C,gen9championsvgc2026regmcbo3,0,Charizard,Slowbro-Mega,14.286
2026-09-30,M-C,gen9championsvgc2026regmcbo3,0,Charizard,Eelektross-Mega,13.228
2026-09-30,M-C,gen9championsvgc2026regmcbo3,0,Charizard,Thievul,12.169
2026-09-30,M-C,gen9championsvgc2026regmcbo3,0,Charizard,Indeedee-F,10.053
2026-09-30,M-C,gen9championsvgc2026regmcbo3,0,Charizard,Salamence-Mega,9.524
2026-09-30,M-C,gen9championsvgc2026regmcbo3,0,Musharna,Talonflame,49.425
2026-09-30,M-C,gen9championsvgc2026regmcbo3,0,Musharna,Garchomp-Mega,47.701
2026-09-30,M-C,gen9championsvgc2026regmcbo3,0,Musharna,Sneasler,47.701
2026-09-30,M-C,gen9championsvgc2026regmcbo3,0,Musharna,Tyranitar-Mega,47.701
2026-09-30,M-C,gen9championsvgc2026regmcbo3,0,Musharna,Gholdengo,47.701
2026-09-30,M-C,gen9championsvgc2026regmcbo3,0,Musharna,Indeedee-F,12.069
2026-09-30,M-C,gen9championsvgc2026regmcbo3,0,Musharna,Dragalge-Mega,6.897
2026-09-30,M-C,gen9championsvgc2026regmcbo3,0,Musharna,Tauros-Paldea-Blaze,5.747
2026-09-30,M-C,gen9championsvgc2026regmcbo3,0,Musharna,Froslass,5.747
2026-09-30,M-C,gen9championsvgc2026regmcbo3,0,Musharna,Inteleon,5.172
2026-09-30,M-C,gen9championsvgc2026regmcbo3,0,Florges,Rillaboom,56.977
2026-09-30,M-C,gen9championsvgc2026regmcbo3,0,Florges,Ceruledge,27.907
2026-09-30,M-C,gen9championsvgc2026regmcbo3,0,Florges,Lopunny-Mega,23.256
2026-09-30,M-C,gen9championsvgc2026regmcbo3,0,Florges,Hydreigon,22.674
2026-09-30,M-C,gen9championsvgc2026regmcbo3,0,Florges,Incineroar,15.698
2026-09-30,M-C,gen9championsvgc2026regmcbo3,0,Florges,Sneasler,11.628
2026-09-30,M-C,gen9championsvgc2026regmcbo3,0,Florges,Farigiraf,11.628
2026-09-30,M-C,gen9championsvgc2026regmcbo3,0,Florges,Basculegion,10.465
2026-09-30,M-C,gen9championsvgc2026regmcbo3,0,Florges,Squawkabilly,10.465
2026-09-30,M-C,gen9championsvgc2026regmcbo3,0,Florges,Excadrill-Mega,9.302
2026-09-30,M-C,gen9championsvgc2026regmcbo3,0,Leafeon,Charizard-Mega-Y,29.379
2026-09-30,M-C,gen9championsvgc2026regmcbo3,0,Leafeon,Incineroar,17.514
2026-09-30,M-C,gen9championsvgc2026regmcbo3,0,Leafeon,Indeedee-F,16.949
2026-09-30,M-C,gen9championsvgc2026regmcbo3,0,Leafeon,Torkoal,14.124
2026-09-30,M-C,gen9championsvgc2026regmcbo3,0,Leafeon,Floette-Mega,12.429
2026-09-30,M-C,gen9championsvgc2026regmcbo3,0,Leafeon,Sableye,12.429
2026-09-30,M-C,gen9championsvgc2026regmcbo3,0,Leafeon,Inteleon,10.734
2026-09-30,M-C,gen9championsvgc2026regmcbo3,0,Leafeon,Garchomp,10.169
2026-09-30,M-C,gen9championsvgc2026regmcbo3,0,Leafeon,Venusaur,8.475
2026-09-30,M-C,gen9championsvgc2026regmcbo3,0,Leafeon,Aerodactyl,7.91
2026-09-30,M-C,gen9championsvgc2026regmcbo3,0,Machamp,Indeedee-F,33.333
2026-09-30,M-C,gen9championsvgc2026regmcbo3,0,Machamp,Farigiraf,17.333
2026-09-30,M-C,gen9championsvgc2026regmcbo3,0,Machamp,Hatterene,15.333
2026-09-30,M-C,gen9championsvgc2026regmcbo3,0,Machamp,Torkoal,14.667
2026-09-30,M-C,gen9championsvgc2026regmcbo3,0,Machamp,Kingambit,14.667
2026-09-30,M-C,gen9championsvgc2026regmcbo3,0,Machamp,Alakazam-Mega,14.0
2026-09-30,M-C,gen9championsvgc2026regmcbo3,0,Machamp,Armarouge,14.0
2026-09-30,M-C,gen9championsvgc2026regmcbo3,0,Machamp,Slowbro-Mega,13.333
2026-09-30,M-C,gen9championsvgc2026regmcbo3,0,Machamp,Incineroar,12.0
2026-09-30,M-C,gen9championsvgc2026regmcbo3,0,Machamp,Camerupt-Mega,12.0
2026-09-30,M-C,gen9championsvgc2026regmcbo3,0,Aromatisse,Golisopod-Mega,18.75
2026-09-30,M-C,gen9championsvgc2026regmcbo3,0,Aromatisse,Farigiraf,16.875
2026-09-30,M-C,gen9championsvgc2026regmcbo3,0,Aromatisse,Incineroar,15.625
2026-09-30,M-C,gen9championsvgc2026regmcbo3,0,Aromatisse,Indeedee-F,15.625
2026-09-30,M-C,gen9championsvgc2026regmcbo3,0,Aromatisse,Camerupt-Mega,12.5
2026-09-30,M-C,gen9championsvgc2026regmcbo3,0,Aromatisse,Basculegion,10.625
2026-09-30,M-C,gen9championsvgc2026regmcbo3,0,Aromatisse,Torkoal,10.0
2026-09-30,M-C,gen9championsvgc2026regmcbo3,0,Aromatisse,Rillaboom,9.375
2026-09-30,M-C,gen9championsvgc2026regmcbo3,0,Aromatisse,Venusaur-Mega,9.375
2026-09-30,M-C,gen9championsvgc2026regmcbo3,0,Aromatisse,Baxcalibur-Mega,8.75
2026-09-30,M-C,gen9championsvgc2026regmcbo3,0,Rampardos,Farigiraf,30.818
2026-09-30,M-C,gen9championsvgc2026regmcbo3,0,Rampardos,Whimsicott,22.013
2026-09-30,M-C,gen9championsvgc2026regmcbo3,0,Rampardos,Golisopod-Mega,15.094
2026-09-30,M-C,gen9championsvgc2026regmcbo3,0,Rampardos,Gholdengo,13.836
2026-09-30,M-C,gen9championsvgc2026regmcbo3,0,Rampardos,Rillaboom,13.836
2026-09-30,M-C,gen9championsvgc2026regmcbo3,0,Rampardos,Gardevoir-Mega,11.321
2026-09-30,M-C,gen9championsvgc2026regmcbo3,0,Rampardos,Scovillain-Mega,10.692
2026-09-30,M-C,gen9championsvgc2026regmcbo3,0,Rampardos,Charizard-Mega-Y,10.063
2026-09-30,M-C,gen9championsvgc2026regmcbo3,0,Rampardos,Sinistcha,9.434
2026-09-30,M-C,gen9championsvgc2026regmcbo3,0,Rampardos,Incineroar,9.434
2026-09-30,M-C,gen9championsvgc2026regmcbo3,0,Avalugg,Basculegion,38.194
2026-09-30,M-C,gen9championsvgc2026regmcbo3,0,Avalugg,Talonflame,22.917
2026-09-30,M-C,gen9championsvgc2026regmcbo3,0,Avalugg,Froslass-Mega,22.917
2026-09-30,M-C,gen9championsvgc2026regmcbo3,0,Avalugg,Zoroark-Hisui,19.444
2026-09-30,M-C,gen9championsvgc2026regmcbo3,0,Avalugg,Blaziken-Mega,18.75
2026-09-30,M-C,gen9championsvgc2026regmcbo3,0,Avalugg,Farigiraf,18.056
2026-09-30,M-C,gen9championsvgc2026regmcbo3,0,Avalugg,Indeedee,18.056
2026-09-30,M-C,gen9championsvgc2026regmcbo3,0,Avalugg,Palafin,15.972
2026-09-30,M-C,gen9championsvgc2026regmcbo3,0,Avalugg,Whimsicott,15.278
2026-09-30,M-C,gen9championsvgc2026regmcbo3,0,Avalugg,Grimmsnarl,13.194
2026-09-30,M-C,gen9championsvgc2026regmcbo3,0,Audino-Mega,Sinistcha,20.115
2026-09-30,M-C,gen9championsvgc2026regmcbo3,0,Audino-Mega,Incineroar,14.943
2026-09-30,M-C,gen9championsvgc2026regmcbo3,0,Audino-Mega,Rillaboom,13.218
2026-09-30,M-C,gen9championsvgc2026regmcbo3,0,Audino-Mega,Snorlax,12.644
2026-09-30,M-C,gen9championsvgc2026regmcbo3,0,Audino-Mega,Torkoal,12.069
2026-09-30,M-C,gen9championsvgc2026regmcbo3,0,Audino-Mega,Sableye,11.494
2026-09-30,M-C,gen9championsvgc2026regmcbo3,0,Audino-Mega,Dragapult,10.345
2026-09-30,M-C,gen9championsvgc2026regmcbo3,0,Audino-Mega,Aerodactyl,9.77
2026-09-30,M-C,gen9championsvgc2026regmcbo3,0,Audino-Mega,Mudsdale,9.195
2026-09-30,M-C,gen9championsvgc2026regmcbo3,0,Audino-Mega,Glaceon,9.195
2026-09-30,M-C,gen9championsvgc2026regmcbo3,0,Mabosstiff,Rillaboom,20.27
2026-09-30,M-C,gen9championsvgc2026regmcbo3,0,Mabosstiff,Indeedee-F,18.919
2026-09-30,M-C,gen9championsvgc2026regmcbo3,0,Mabosstiff,Farigiraf,18.919
2026-09-30,M-C,gen9championsvgc2026regmcbo3,0,Mabosstiff,Primarina,17.568
2026-09-30,M-C,gen9championsvgc2026regmcbo3,0,Mabosstiff,Golisopod-Mega,16.216
2026-09-30,M-C,gen9championsvgc2026regmcbo3,0,Mabosstiff,Incineroar,15.541
2026-09-30,M-C,gen9championsvgc2026regmcbo3,0,Mabosstiff,Metagross-Mega,12.838
2026-09-30,M-C,gen9championsvgc2026regmcbo3,0,Mabosstiff,Garchomp-Mega-Z,10.811
2026-09-30,M-C,gen9championsvgc2026regmcbo3,0,Mabosstiff,Kommo-o,9.459
2026-09-30,M-C,gen9championsvgc2026regmcbo3,0,Mabosstiff,Lucario-Mega-Z,8.784
2026-09-30,M-C,gen9championsvgc2026regmcbo3,0,Passimian,Golisopod-Mega,40.426
2026-09-30,M-C,gen9championsvgc2026regmcbo3,0,Passimian,Indeedee-F,32.624
2026-09-30,M-C,gen9championsvgc2026regmcbo3,0,Passimian,Torkoal,31.915
2026-09-30,M-C,gen9championsvgc2026regmcbo3,0,Passimian,Gardevoir-Mega,31.206
2026-09-30,M-C,gen9championsvgc2026regmcbo3,0,Passimian,Armarouge,31.206
2026-09-30,M-C,gen9championsvgc2026regmcbo3,0,Passimian,Farigiraf,14.894
2026-09-30,M-C,gen9championsvgc2026regmcbo3,0,Passimian,Incineroar,14.894
2026-09-30,M-C,gen9championsvgc2026regmcbo3,0,Passimian,Ninetales-Alola,10.638
2026-09-30,M-C,gen9championsvgc2026regmcbo3,0,Passimian,Gengar-Mega,9.929
2026-09-30,M-C,gen9championsvgc2026regmcbo3,0,Passimian,Whimsicott,8.511
2026-09-30,M-C,gen9championsvgc2026regmcbo3,0,Emboar-Mega,Rillaboom,32.414
2026-09-30,M-C,gen9championsvgc2026regmcbo3,0,Emboar-Mega,Incineroar,24.828
2026-09-30,M-C,gen9championsvgc2026regmcbo3,0,Emboar-Mega,Gholdengo,20.0
2026-09-30,M-C,gen9championsvgc2026regmcbo3,0,Emboar-Mega,Floette-Mega,15.862
2026-09-30,M-C,gen9championsvgc2026regmcbo3,0,Emboar-Mega,Farigiraf,15.172
2026-09-30,M-C,gen9championsvgc2026regmcbo3,0,Emboar-Mega,Golisopod-Mega,11.724
2026-09-30,M-C,gen9championsvgc2026regmcbo3,0,Emboar-Mega,Hydreigon,11.034
2026-09-30,M-C,gen9championsvgc2026regmcbo3,0,Emboar-Mega,Whimsicott,11.034
2026-09-30,M-C,gen9championsvgc2026regmcbo3,0,Emboar-Mega,Sylveon,10.345
2026-09-30,M-C,gen9championsvgc2026regmcbo3,0,Emboar-Mega,Sinistcha,9.655
2026-09-30,M-C,gen9championsvgc2026regmcbo3,0,Sceptile,Indeedee-F,33.951
2026-09-30,M-C,gen9championsvgc2026regmcbo3,0,Sceptile,Absol-Mega-Z,13.58
2026-09-30,M-C,gen9championsvgc2026regmcbo3,0,Sceptile,Lucario-Mega-Z,12.963
2026-09-30,M-C,gen9championsvgc2026regmcbo3,0,Sceptile,Alakazam-Mega,12.346
2026-09-30,M-C,gen9championsvgc2026regmcbo3,0,Sceptile,Whimsicott,11.728
2026-09-30,M-C,gen9championsvgc2026regmcbo3,0,Sceptile,Sneasler,9.877
2026-09-30,M-C,gen9championsvgc2026regmcbo3,0,Sceptile,Basculegion,9.877
2026-09-30,M-C,gen9championsvgc2026regmcbo3,0,Sceptile,Sirfetch'd,8.642
2026-09-30,M-C,gen9championsvgc2026regmcbo3,0,Sceptile,Incineroar,8.025
2026-09-30,M-C,gen9championsvgc2026regmcbo3,0,Sceptile,Milotic,8.025
2026-09-30,M-C,gen9championsvgc2026regmcbo3,0,Chesnaught,Indeedee-F,31.452
2026-09-30,M-C,gen9championsvgc2026regmcbo3,0,Chesnaught,Milotic,27.419
2026-09-30,M-C,gen9championsvgc2026regmcbo3,0,Chesnaught,Incineroar,26.613
2026-09-30,M-C,gen9championsvgc2026regmcbo3,0,Chesnaught,Rillaboom,20.968
2026-09-30,M-C,gen9championsvgc2026regmcbo3,0,Chesnaught,Volcarona,14.516
2026-09-30,M-C,gen9championsvgc2026regmcbo3,0,Chesnaught,Arcanine-Hisui,12.903
2026-09-30,M-C,gen9championsvgc2026regmcbo3,0,Chesnaught,Froslass-Mega,12.097
2026-09-30,M-C,gen9championsvgc2026regmcbo3,0,Chesnaught,Golisopod-Mega,12.097
2026-09-30,M-C,gen9championsvgc2026regmcbo3,0,Chesnaught,Dragapult,12.097
2026-09-30,M-C,gen9championsvgc2026regmcbo3,0,Chesnaught,Alakazam-Mega,12.097
2026-09-30,M-C,gen9championsvgc2026regmcbo3,0,Trevenant,Incineroar,25.197
2026-09-30,M-C,gen9championsvgc2026regmcbo3,0,Trevenant,Maushold,24.409
2026-09-30,M-C,gen9championsvgc2026regmcbo3,0,Trevenant,Torkoal,23.622
2026-09-30,M-C,gen9championsvgc2026regmcbo3,0,Trevenant,Zoroark-Hisui,19.685
2026-09-30,M-C,gen9championsvgc2026regmcbo3,0,Trevenant,Raichu-Mega-Y,18.898
2026-09-30,M-C,gen9championsvgc2026regmcbo3,0,Trevenant,Talonflame,18.898
2026-09-30,M-C,gen9championsvgc2026regmcbo3,0,Trevenant,Morpeko,18.898
2026-09-30,M-C,gen9championsvgc2026regmcbo3,0,Trevenant,Indeedee-F,11.811
2026-09-30,M-C,gen9championsvgc2026regmcbo3,0,Trevenant,Rillaboom,10.236
2026-09-30,M-C,gen9championsvgc2026regmcbo3,0,Trevenant,Sinistcha,8.661
2026-09-30,M-C,gen9championsvgc2026regmcbo3,0,Emolga,Rillaboom,25.175
2026-09-30,M-C,gen9championsvgc2026regmcbo3,0,Emolga,Kingambit,22.378
2026-09-30,M-C,gen9championsvgc2026regmcbo3,0,Emolga,Salamence-Mega,13.986
2026-09-30,M-C,gen9championsvgc2026regmcbo3,0,Emolga,Eelektross,11.888
2026-09-30,M-C,gen9championsvgc2026regmcbo3,0,Emolga,Dragonite-Mega,11.189
2026-09-30,M-C,gen9championsvgc2026regmcbo3,0,Emolga,Pidgeot-Mega,11.189
2026-09-30,M-C,gen9championsvgc2026regmcbo3,0,Emolga,Gliscor,11.189
2026-09-30,M-C,gen9championsvgc2026regmcbo3,0,Emolga,Mawile-Mega,10.49
2026-09-30,M-C,gen9championsvgc2026regmcbo3,0,Emolga,Basculegion,10.49
2026-09-30,M-C,gen9championsvgc2026regmcbo3,0,Emolga,Aegislash,9.79
2026-09-30,M-C,gen9championsvgc2026regmcbo3,0,Medicham,Sneasler,11.644
2026-09-30,M-C,gen9championsvgc2026regmcbo3,0,Medicham,Pawmot,11.644
2026-09-30,M-C,gen9championsvgc2026regmcbo3,0,Medicham,Perrserker,11.644
2026-09-30,M-C,gen9championsvgc2026regmcbo3,0,Medicham,Rillaboom,10.274
2026-09-30,M-C,gen9championsvgc2026regmcbo3,0,Medicham,Pelipper,10.274
2026-09-30,M-C,gen9championsvgc2026regmcbo3,0,Medicham,Glalie-Mega,10.274
2026-09-30,M-C,gen9championsvgc2026regmcbo3,0,Medicham,Sinistcha,8.904
2026-09-30,M-C,gen9championsvgc2026regmcbo3,0,Medicham,Noivern,8.904
2026-09-30,M-C,gen9championsvgc2026regmcbo3,0,Medicham,Aegislash,8.219
2026-09-30,M-C,gen9championsvgc2026regmcbo3,0,Medicham,Farigiraf,8.219
2026-09-30,M-C,gen9championsvgc2026regmcbo3,0,Roserade,Indeedee-F,26.119
2026-09-30,M-C,gen9championsvgc2026regmcbo3,0,Roserade,Torkoal,18.657
2026-09-30,M-C,gen9championsvgc2026regmcbo3,0,Roserade,Milotic,17.91
2026-09-30,M-C,gen9championsvgc2026regmcbo3,0,Roserade,Armarouge,17.164
2026-09-30,M-C,gen9championsvgc2026regmcbo3,0,Roserade,Incineroar,14.179
2026-09-30,M-C,gen9championsvgc2026regmcbo3,0,Roserade,Sableye-Mega,13.433
2026-09-30,M-C,gen9championsvgc2026regmcbo3,0,Roserade,Garchomp,11.194
2026-09-30,M-C,gen9championsvgc2026regmcbo3,0,Roserade,Oranguru,10.448
2026-09-30,M-C,gen9championsvgc2026regmcbo3,0,Roserade,Metagross-Mega,8.955
2026-09-30,M-C,gen9championsvgc2026regmcbo3,0,Roserade,Clefable,7.463
2026-09-30,M-C,gen9championsvgc2026regmcbo3,0,Tyrantrum,Indeedee-F,25.0
2026-09-30,M-C,gen9championsvgc2026regmcbo3,0,Tyrantrum,Golisopod-Mega,23.438
2026-09-30,M-C,gen9championsvgc2026regmcbo3,0,Tyrantrum,Torkoal,15.625
2026-09-30,M-C,gen9championsvgc2026regmcbo3,0,Tyrantrum,Farigiraf,13.281
2026-09-30,M-C,gen9championsvgc2026regmcbo3,0,Tyrantrum,Whimsicott,10.938
2026-09-30,M-C,gen9championsvgc2026regmcbo3,0,Tyrantrum,Kingambit,10.156
2026-09-30,M-C,gen9championsvgc2026regmcbo3,0,Tyrantrum,Volcarona,9.375
2026-09-30,M-C,gen9championsvgc2026regmcbo3,0,Tyrantrum,Hatterene,9.375
2026-09-30,M-C,gen9championsvgc2026regmcbo3,0,Tyrantrum,Metagross-Mega,8.594
2026-09-30,M-C,gen9championsvgc2026regmcbo3,0,Tyrantrum,Chimecho-Mega,8.594
2026-09-30,M-C,gen9championsvgc2026regmcbo3,0,Slurpuff,Indeedee-F,28.966
2026-09-30,M-C,gen9championsvgc2026regmcbo3,0,Slurpuff,Rillaboom,20.69
2026-09-30,M-C,gen9championsvgc2026regmcbo3,0,Slurpuff,Torkoal,14.483
2026-09-30,M-C,gen9championsvgc2026regmcbo3,0,Slurpuff,Golisopod-Mega,13.793
2026-09-30,M-C,gen9championsvgc2026regmcbo3,0,Slurpuff,Armarouge,11.724
2026-09-30,M-C,gen9championsvgc2026regmcbo3,0,Slurpuff,Whimsicott,11.724
2026-09-30,M-C,gen9championsvgc2026regmcbo3,0,Slurpuff,Alakazam-Mega,11.724
2026-09-30,M-C,gen9championsvgc2026regmcbo3,0,Slurpuff,Gardevoir-Mega,10.345
2026-09-30,M-C,gen9championsvgc2026regmcbo3,0,Slurpuff,Mimikyu,9.655
2026-09-30,M-C,gen9championsvgc2026regmcbo3,0,Slurpuff,Grapploct,9.655
2026-09-30,M-C,gen9championsvgc2026regmcbo3,0,Diggersby,Indeedee-F,33.019
2026-09-30,M-C,gen9championsvgc2026regmcbo3,0,Diggersby,Sinistcha,28.302
2026-09-30,M-C,gen9championsvgc2026regmcbo3,0,Diggersby,Staraptor-Mega,26.415
2026-09-30,M-C,gen9championsvgc2026regmcbo3,0,Diggersby,Grimmsnarl,20.755
2026-09-30,M-C,gen9championsvgc2026regmcbo3,0,Diggersby,Farigiraf,15.094
2026-09-30,M-C,gen9championsvgc2026regmcbo3,0,Diggersby,Wigglytuff,15.094
2026-09-30,M-C,gen9championsvgc2026regmcbo3,0,Diggersby,Maushold,13.208
2026-09-30,M-C,gen9championsvgc2026regmcbo3,0,Diggersby,Orthworm,13.208
2026-09-30,M-C,gen9championsvgc2026regmcbo3,0,Diggersby,Talonflame,11.321
2026-09-30,M-C,gen9championsvgc2026regmcbo3,0,Diggersby,Eelektross-Mega,11.321
2026-09-30,M-C,gen9championsvgc2026regmcbo3,0,Abomasnow,Farigiraf,41.379
2026-09-30,M-C,gen9championsvgc2026regmcbo3,0,Abomasnow,Camerupt-Mega,37.069
2026-09-30,M-C,gen9championsvgc2026regmcbo3,0,Abomasnow,Kingambit,35.345
2026-09-30,M-C,gen9championsvgc2026regmcbo3,0,Abomasnow,Indeedee-F,31.897
2026-09-30,M-C,gen9championsvgc2026regmcbo3,0,Abomasnow,Gallade,28.448
2026-09-30,M-C,gen9championsvgc2026regmcbo3,0,Abomasnow,Whimsicott,15.517
2026-09-30,M-C,gen9championsvgc2026regmcbo3,0,Abomasnow,Basculegion,15.517
2026-09-30,M-C,gen9championsvgc2026regmcbo3,0,Abomasnow,Arcanine-Hisui,10.345
2026-09-30,M-C,gen9championsvgc2026regmcbo3,0,Abomasnow,Froslass-Mega,8.621
2026-09-30,M-C,gen9championsvgc2026regmcbo3,0,Abomasnow,Excadrill,8.621
2026-09-30,M-C,gen9championsvgc2026regmcbo3,0,Froslass,Baxcalibur-Mega,27.273
2026-09-30,M-C,gen9championsvgc2026regmcbo3,0,Froslass,Tauros-Paldea-Blaze,20.661
2026-09-30,M-C,gen9championsvgc2026regmcbo3,0,Froslass,Maushold,20.661
2026-09-30,M-C,gen9championsvgc2026regmcbo3,0,Froslass,Indeedee-F,18.182
2026-09-30,M-C,gen9championsvgc2026regmcbo3,0,Froslass,Slowking,14.876
2026-09-30,M-C,gen9championsvgc2026regmcbo3,0,Froslass,Lucario-Mega-Z,14.876
2026-09-30,M-C,gen9championsvgc2026regmcbo3,0,Froslass,Meowstic,14.876
2026-09-30,M-C,gen9championsvgc2026regmcbo3,0,Froslass,Rillaboom,13.223
2026-09-30,M-C,gen9championsvgc2026regmcbo3,0,Froslass,Incineroar,13.223
2026-09-30,M-C,gen9championsvgc2026regmcbo3,0,Froslass,Sneasler,9.917
2026-09-30,M-C,gen9championsvgc2026regmcbo3,0,Flapple,Sableye,43.966
2026-09-30,M-C,gen9championsvgc2026regmcbo3,0,Flapple,Delphox-Mega,17.241
2026-09-30,M-C,gen9championsvgc2026regmcbo3,0,Flapple,Incineroar,16.379
2026-09-30,M-C,gen9championsvgc2026regmcbo3,0,Flapple,Gengar-Mega,16.379
2026-09-30,M-C,gen9championsvgc2026regmcbo3,0,Flapple,Maushold,15.517
2026-09-30,M-C,gen9championsvgc2026regmcbo3,0,Flapple,Milotic,13.793
2026-09-30,M-C,gen9championsvgc2026regmcbo3,0,Flapple,Tyranitar-Mega,13.793
2026-09-30,M-C,gen9championsvgc2026regmcbo3,0,Flapple,Excadrill,13.793
2026-09-30,M-C,gen9championsvgc2026regmcbo3,0,Flapple,Kommo-o,13.793
2026-09-30,M-C,gen9championsvgc2026regmcbo3,0,Flapple,Sneasler,12.931
2026-09-30,M-C,gen9championsvgc2026regmcbo3,0,Starmie,Sneasler,23.134
2026-09-30,M-C,gen9championsvgc2026regmcbo3,0,Starmie,Sinistcha,20.149
2026-09-30,M-C,gen9championsvgc2026regmcbo3,0,Starmie,Incineroar,18.657
2026-09-30,M-C,gen9championsvgc2026regmcbo3,0,Starmie,Indeedee-F,17.91
2026-09-30,M-C,gen9championsvgc2026regmcbo3,0,Starmie,Garchomp-Mega-Z,16.418
2026-09-30,M-C,gen9championsvgc2026regmcbo3,0,Starmie,Golisopod-Mega,15.672
2026-09-30,M-C,gen9championsvgc2026regmcbo3,0,Starmie,Pelipper,12.687
2026-09-30,M-C,gen9championsvgc2026regmcbo3,0,Starmie,Kingambit,11.194
2026-09-30,M-C,gen9championsvgc2026regmcbo3,0,Starmie,Rillaboom,11.194
2026-09-30,M-C,gen9championsvgc2026regmcbo3,0,Starmie,Tyranitar,11.194
2026-09-30,M-C,gen9championsvgc2026regmcbo3,0,Houndoom,Farigiraf,25.926
2026-09-30,M-C,gen9championsvgc2026regmcbo3,0,Houndoom,Golisopod-Mega,20.37
2026-09-30,M-C,gen9championsvgc2026regmcbo3,0,Houndoom,Grimmsnarl,20.37
2026-09-30,M-C,gen9championsvgc2026regmcbo3,0,Houndoom,Whimsicott,18.519
2026-09-30,M-C,gen9championsvgc2026regmcbo3,0,Houndoom,Indeedee,14.815
2026-09-30,M-C,gen9championsvgc2026regmcbo3,0,Houndoom,Indeedee-F,14.815
2026-09-30,M-C,gen9championsvgc2026regmcbo3,0,Houndoom,Lucario-Mega-Z,12.963
2026-09-30,M-C,gen9championsvgc2026regmcbo3,0,Houndoom,Sinistcha,12.963
2026-09-30,M-C,gen9championsvgc2026regmcbo3,0,Houndoom,Golurk,11.111
2026-09-30,M-C,gen9championsvgc2026regmcbo3,0,Houndoom,Hydrapple,11.111
2026-09-30,M-C,gen9championsvgc2026regmcbo3,0,Luxray,Aurorus,24.51
2026-09-30,M-C,gen9championsvgc2026regmcbo3,0,Luxray,Araquanid,22.549
2026-09-30,M-C,gen9championsvgc2026regmcbo3,0,Luxray,Kleavor,22.549
2026-09-30,M-C,gen9championsvgc2026regmcbo3,0,Luxray,Metagross-Mega,21.569
2026-09-30,M-C,gen9championsvgc2026regmcbo3,0,Luxray,Emboar,18.627
2026-09-30,M-C,gen9championsvgc2026regmcbo3,0,Luxray,Garchomp-Mega-Z,11.765
2026-09-30,M-C,gen9championsvgc2026regmcbo3,0,Luxray,Ampharos-Mega,10.784
2026-09-30,M-C,gen9championsvgc2026regmcbo3,0,Luxray,Empoleon,10.784
2026-09-30,M-C,gen9championsvgc2026regmcbo3,0,Luxray,Weavile,10.784
2026-09-30,M-C,gen9championsvgc2026regmcbo3,0,Luxray,Sinistcha,8.824
2026-09-30,M-C,gen9championsvgc2026regmcbo3,0,Beartic,Froslass-Mega,41.228
2026-09-30,M-C,gen9championsvgc2026regmcbo3,0,Beartic,Incineroar,16.667
2026-09-30,M-C,gen9championsvgc2026regmcbo3,0,Beartic,Corviknight,14.912
2026-09-30,M-C,gen9championsvgc2026regmcbo3,0,Beartic,Maushold,14.912
2026-09-30,M-C,gen9championsvgc2026regmcbo3,0,Beartic,Ninetales-Alola,12.281
2026-09-30,M-C,gen9championsvgc2026regmcbo3,0,Beartic,Garchomp,12.281
2026-09-30,M-C,gen9championsvgc2026regmcbo3,0,Beartic,Pelipper,12.281
2026-09-30,M-C,gen9championsvgc2026regmcbo3,0,Beartic,Vivillon,11.404
2026-09-30,M-C,gen9championsvgc2026regmcbo3,0,Beartic,Samurott-Hisui,11.404
2026-09-30,M-C,gen9championsvgc2026regmcbo3,0,Beartic,Armarouge,11.404
2026-09-30,M-C,gen9championsvgc2026regmcbo3,0,Swalot,Indeedee-F,22.105
2026-09-30,M-C,gen9championsvgc2026regmcbo3,0,Swalot,Rillaboom,21.053
2026-09-30,M-C,gen9championsvgc2026regmcbo3,0,Swalot,Sinistcha,17.895
2026-09-30,M-C,gen9championsvgc2026regmcbo3,0,Swalot,Lucario-Mega-Z,11.579
2026-09-30,M-C,gen9championsvgc2026regmcbo3,0,Swalot,Basculegion,11.579
2026-09-30,M-C,gen9championsvgc2026regmcbo3,0,Swalot,Salamence-Mega,10.526
2026-09-30,M-C,gen9championsvgc2026regmcbo3,0,Swalot,Arcanine-Hisui,10.526
2026-09-30,M-C,gen9championsvgc2026regmcbo3,0,Swalot,Sneasler,9.474
2026-09-30,M-C,gen9championsvgc2026regmcbo3,0,Swalot,Incineroar,9.474
2026-09-30,M-C,gen9championsvgc2026regmcbo3,0,Swalot,Garchomp,9.474
2026-09-30,M-C,gen9championsvgc2026regmcbo3,0,Castform,Charizard-Mega-Y,33.333
2026-09-30,M-C,gen9championsvgc2026regmcbo3,0,Castform,Rillaboom,30.392
2026-09-30,M-C,gen9championsvgc2026regmcbo3,0,Castform,Kingambit,27.451
2026-09-30,M-C,gen9championsvgc2026regmcbo3,0,Castform,Froslass-Mega,21.569
2026-09-30,M-C,gen9championsvgc2026regmcbo3,0,Castform,Indeedee-F,19.608
2026-09-30,M-C,gen9championsvgc2026regmcbo3,0,Castform,Pelipper,19.608
2026-09-30,M-C,gen9championsvgc2026regmcbo3,0,Castform,Whimsicott,18.627
2026-09-30,M-C,gen9championsvgc2026regmcbo3,0,Castform,Salamence-Mega,17.647
2026-09-30,M-C,gen9championsvgc2026regmcbo3,0,Castform,Sneasler,13.725
2026-09-30,M-C,gen9championsvgc2026regmcbo3,0,Castform,Dragapult,11.765
2026-09-30,M-C,gen9championsvgc2026regmcbo3,0,Gourgeist-Super,Empoleon,16.0
2026-09-30,M-C,gen9championsvgc2026regmcbo3,0,Gourgeist-Super,Hatterene,15.0
2026-09-30,M-C,gen9championsvgc2026regmcbo3,0,Gourgeist-Super,Kingambit,15.0
2026-09-30,M-C,gen9championsvgc2026regmcbo3,0,Gourgeist-Super,Vileplume,15.0
2026-09-30,M-C,gen9championsvgc2026regmcbo3,0,Gourgeist-Super,Hydrapple,15.0
2026-09-30,M-C,gen9championsvgc2026regmcbo3,0,Gourgeist-Super,Incineroar,14.0
2026-09-30,M-C,gen9championsvgc2026regmcbo3,0,Gourgeist-Super,Abomasnow-Mega,14.0
2026-09-30,M-C,gen9championsvgc2026regmcbo3,0,Gourgeist-Super,Golisopod-Mega,11.0
2026-09-30,M-C,gen9championsvgc2026regmcbo3,0,Gourgeist-Super,Arboliva,11.0
2026-09-30,M-C,gen9championsvgc2026regmcbo3,0,Gourgeist-Super,Absol-Mega-Z,11.0
2026-09-30,M-C,gen9championsvgc2026regmcbo3,0,Decidueye,Garchomp,20.0
2026-09-30,M-C,gen9championsvgc2026regmcbo3,0,Decidueye,Sneasler,19.0
2026-09-30,M-C,gen9championsvgc2026regmcbo3,0,Decidueye,Kingambit,17.0
2026-09-30,M-C,gen9championsvgc2026regmcbo3,0,Decidueye,Baxcalibur-Mega,17.0
2026-09-30,M-C,gen9championsvgc2026regmcbo3,0,Decidueye,Delphox-Mega,14.0
2026-09-30,M-C,gen9championsvgc2026regmcbo3,0,Decidueye,Maushold,11.0
2026-09-30,M-C,gen9championsvgc2026regmcbo3,0,Decidueye,Primarina,10.0
2026-09-30,M-C,gen9championsvgc2026regmcbo3,0,Decidueye,Mr. Mime,8.0
2026-09-30,M-C,gen9championsvgc2026regmcbo3,0,Decidueye,Gholdengo,8.0
2026-09-30,M-C,gen9championsvgc2026regmcbo3,0,Decidueye,Blaziken-Mega,8.0
2026-09-30,M-C,gen9championsvgc2026regmcbo3,0,Flareon,Jolteon,18.947
2026-09-30,M-C,gen9championsvgc2026regmcbo3,0,Flareon,Vaporeon,17.895
2026-09-30,M-C,gen9championsvgc2026regmcbo3,0,Flareon,Sylveon,16.842
2026-09-30,M-C,gen9championsvgc2026regmcbo3,0,Flareon,Salamence-Mega,14.737
2026-09-30,M-C,gen9championsvgc2026regmcbo3,0,Flareon,Umbreon,13.684
2026-09-30,M-C,gen9championsvgc2026regmcbo3,0,Flareon,Indeedee-F,12.632
2026-09-30,M-C,gen9championsvgc2026regmcbo3,0,Flareon,Rillaboom,12.632
2026-09-30,M-C,gen9championsvgc2026regmcbo3,0,Flareon,Goodra-Hisui,11.579
2026-09-30,M-C,gen9championsvgc2026regmcbo3,0,Flareon,Espeon,10.526
2026-09-30,M-C,gen9championsvgc2026regmcbo3,0,Flareon,Samurott-Hisui,10.526
2026-09-30,M-C,gen9championsvgc2026regmcbo3,0,Dragalge,Golisopod-Mega,38.947
2026-09-30,M-C,gen9championsvgc2026regmcbo3,0,Dragalge,Farigiraf,32.632
2026-09-30,M-C,gen9championsvgc2026regmcbo3,0,Dragalge,Sinistcha,24.211
2026-09-30,M-C,gen9championsvgc2026regmcbo3,0,Dragalge,Sableye,18.947
2026-09-30,M-C,gen9championsvgc2026regmcbo3,0,Dragalge,Rillaboom,15.789
2026-09-30,M-C,gen9championsvgc2026regmcbo3,0,Dragalge,Grapploct,13.684
2026-09-30,M-C,gen9championsvgc2026regmcbo3,0,Dragalge,Mudsdale,13.684
2026-09-30,M-C,gen9championsvgc2026regmcbo3,0,Dragalge,Gyarados,12.632
2026-09-30,M-C,gen9championsvgc2026regmcbo3,0,Dragalge,Milotic,10.526
2026-09-30,M-C,gen9championsvgc2026regmcbo3,0,Dragalge,Incineroar,9.474
2026-09-30,M-C,gen9championsvgc2026regmcbo3,0,Ariados,Floette-Mega,24.719
2026-09-30,M-C,gen9championsvgc2026regmcbo3,0,Ariados,Indeedee-F,22.472
2026-09-30,M-C,gen9championsvgc2026regmcbo3,0,Ariados,Incineroar,22.472
2026-09-30,M-C,gen9championsvgc2026regmcbo3,0,Ariados,Armarouge,17.978
2026-09-30,M-C,gen9championsvgc2026regmcbo3,0,Ariados,Sneasler,16.854
2026-09-30,M-C,gen9championsvgc2026regmcbo3,0,Ariados,Rillaboom,16.854
2026-09-30,M-C,gen9championsvgc2026regmcbo3,0,Ariados,Absol-Mega-Z,13.483
2026-09-30,M-C,gen9championsvgc2026regmcbo3,0,Ariados,Espathra,11.236
2026-09-30,M-C,gen9championsvgc2026regmcbo3,0,Ariados,Kommo-o,11.236
2026-09-30,M-C,gen9championsvgc2026regmcbo3,0,Ariados,Kleavor,11.236
2026-09-30,M-C,gen9championsvgc2026regmcbo3,0,Zoroark,Rillaboom,35.065
2026-09-30,M-C,gen9championsvgc2026regmcbo3,0,Zoroark,Aerodactyl-Mega,23.377
2026-09-30,M-C,gen9championsvgc2026regmcbo3,0,Zoroark,Gengar-Mega,23.377
2026-09-30,M-C,gen9championsvgc2026regmcbo3,0,Zoroark,Empoleon,20.779
2026-09-30,M-C,gen9championsvgc2026regmcbo3,0,Zoroark,Sableye,20.779
2026-09-30,M-C,gen9championsvgc2026regmcbo3,0,Zoroark,Golisopod-Mega,12.987
2026-09-30,M-C,gen9championsvgc2026regmcbo3,0,Zoroark,Indeedee-F,11.688
2026-09-30,M-C,gen9championsvgc2026regmcbo3,0,Zoroark,Incineroar,9.091
2026-09-30,M-C,gen9championsvgc2026regmcbo3,0,Zoroark,Pelipper,9.091
2026-09-30,M-C,gen9championsvgc2026regmcbo3,0,Zoroark,Lucario-Mega-Z,6.494
2026-09-30,M-C,gen9championsvgc2026regmcbo3,0,Appletun,Golisopod-Mega,27.711
2026-09-30,M-C,gen9championsvgc2026regmcbo3,0,Appletun,Camerupt-Mega,26.506
2026-09-30,M-C,gen9championsvgc2026regmcbo3,0,Appletun,Indeedee-F,25.301
2026-09-30,M-C,gen9championsvgc2026regmcbo3,0,Appletun,Torkoal,15.663
2026-09-30,M-C,gen9championsvgc2026regmcbo3,0,Appletun,Farigiraf,14.458
2026-09-30,M-C,gen9championsvgc2026regmcbo3,0,Appletun,Hatterene,10.843
2026-09-30,M-C,gen9championsvgc2026regmcbo3,0,Appletun,Sneasler,10.843
2026-09-30,M-C,gen9championsvgc2026regmcbo3,0,Appletun,Garganacl,8.434
2026-09-30,M-C,gen9championsvgc2026regmcbo3,0,Appletun,Incineroar,8.434
2026-09-30,M-C,gen9championsvgc2026regmcbo3,0,Appletun,Kleavor,8.434
2026-09-30,M-C,gen9championsvgc2026regmcbo3,0,Aggron,Sneasler,29.487
2026-09-30,M-C,gen9championsvgc2026regmcbo3,0,Aggron,Palafin,24.359
2026-09-30,M-C,gen9championsvgc2026regmcbo3,0,Aggron,Absol-Mega-Z,21.795
2026-09-30,M-C,gen9championsvgc2026regmcbo3,0,Aggron,Zoroark-Hisui,21.795
2026-09-30,M-C,gen9championsvgc2026regmcbo3,0,Aggron,Rillaboom,17.949
2026-09-30,M-C,gen9championsvgc2026regmcbo3,0,Aggron,Baxcalibur-Mega,16.667
2026-09-30,M-C,gen9championsvgc2026regmcbo3,0,Aggron,Basculegion,15.385
2026-09-30,M-C,gen9championsvgc2026regmcbo3,0,Aggron,Whimsicott,15.385
2026-09-30,M-C,gen9championsvgc2026regmcbo3,0,Aggron,Golisopod-Mega,12.821
2026-09-30,M-C,gen9championsvgc2026regmcbo3,0,Aggron,Salamence-Mega,10.256
2026-09-30,M-C,gen9championsvgc2026regmcbo3,0,Forretress,Rillaboom,21.176
2026-09-30,M-C,gen9championsvgc2026regmcbo3,0,Forretress,Primarina,14.118
2026-09-30,M-C,gen9championsvgc2026regmcbo3,0,Forretress,Salamence-Mega,12.941
2026-09-30,M-C,gen9championsvgc2026regmcbo3,0,Forretress,Incineroar,10.588
2026-09-30,M-C,gen9championsvgc2026regmcbo3,0,Forretress,Heliolisk,10.588
2026-09-30,M-C,gen9championsvgc2026regmcbo3,0,Forretress,Victreebel-Mega,10.588
2026-09-30,M-C,gen9championsvgc2026regmcbo3,0,Forretress,Milotic,10.588
2026-09-30,M-C,gen9championsvgc2026regmcbo3,0,Forretress,Ceruledge,10.588
2026-09-30,M-C,gen9championsvgc2026regmcbo3,0,Forretress,Swampert,10.588
2026-09-30,M-C,gen9championsvgc2026regmcbo3,0,Forretress,Sinistcha,10.588
2026-09-30,M-C,gen9championsvgc2026regmcbo3,0,Morpeko,Raichu-Mega-Y,35.616
2026-09-30,M-C,gen9championsvgc2026regmcbo3,0,Morpeko,Talonflame,34.247
2026-09-30,M-C,gen9championsvgc2026regmcbo3,0,Morpeko,Trevenant,32.877
2026-09-30,M-C,gen9championsvgc2026regmcbo3,0,Morpeko,Zoroark-Hisui,32.877
2026-09-30,M-C,gen9championsvgc2026regmcbo3,0,Morpeko,Maushold,32.877
2026-09-30,M-C,gen9championsvgc2026regmcbo3,0,Morpeko,Inteleon,15.068
2026-09-30,M-C,gen9championsvgc2026regmcbo3,0,Morpeko,Lucario-Mega-Z,13.699
2026-09-30,M-C,gen9championsvgc2026regmcbo3,0,Morpeko,Annihilape,10.959
2026-09-30,M-C,gen9championsvgc2026regmcbo3,0,Morpeko,Pincurchin,10.959
2026-09-30,M-C,gen9championsvgc2026regmcbo3,0,Morpeko,Kingambit,10.959
2026-09-30,M-C,gen9championsvgc2026regmcbo3,0,Emboar,Kleavor,38.028
2026-09-30,M-C,gen9championsvgc2026regmcbo3,0,Emboar,Aurorus,38.028
2026-09-30,M-C,gen9championsvgc2026regmcbo3,0,Emboar,Metagross-Mega,38.028
2026-09-30,M-C,gen9championsvgc2026regmcbo3,0,Emboar,Araquanid,38.028
2026-09-30,M-C,gen9championsvgc2026regmcbo3,0,Emboar,Luxray,26.761
2026-09-30,M-C,gen9championsvgc2026regmcbo3,0,Emboar,Tyranitar-Mega,16.901
2026-09-30,M-C,gen9championsvgc2026regmcbo3,0,Emboar,Feraligatr,14.085
2026-09-30,M-C,gen9championsvgc2026regmcbo3,0,Emboar,Venusaur-Mega,14.085
2026-09-30,M-C,gen9championsvgc2026regmcbo3,0,Emboar,Houndstone,14.085
2026-09-30,M-C,gen9championsvgc2026regmcbo3,0,Emboar,Farigiraf,12.676
2026-09-30,M-C,gen9championsvgc2026regmcbo3,0,Golurk,Farigiraf,38.272
2026-09-30,M-C,gen9championsvgc2026regmcbo3,0,Golurk,Golisopod-Mega,30.864
2026-09-30,M-C,gen9championsvgc2026regmcbo3,0,Golurk,Torkoal,18.519
2026-09-30,M-C,gen9championsvgc2026regmcbo3,0,Golurk,Incineroar,16.049
2026-09-30,M-C,gen9championsvgc2026regmcbo3,0,Golurk,Grimmsnarl,16.049
2026-09-30,M-C,gen9championsvgc2026regmcbo3,0,Golurk,Rillaboom,16.049
2026-09-30,M-C,gen9championsvgc2026regmcbo3,0,Golurk,Houndoom,14.815
2026-09-30,M-C,gen9championsvgc2026regmcbo3,0,Golurk,Hydrapple,14.815
2026-09-30,M-C,gen9championsvgc2026regmcbo3,0,Golurk,Indeedee-F,14.815
2026-09-30,M-C,gen9championsvgc2026regmcbo3,0,Golurk,Primarina,11.111
2026-09-30,M-C,gen9championsvgc2026regmcbo3,0,Eelektross,Emolga,26.154
2026-09-30,M-C,gen9championsvgc2026regmcbo3,0,Eelektross,Dragonite-Mega,24.615
2026-09-30,M-C,gen9championsvgc2026regmcbo3,0,Eelektross,Pidgeot-Mega,24.615
2026-09-30,M-C,gen9championsvgc2026regmcbo3,0,Eelektross,Gliscor,24.615
2026-09-30,M-C,gen9championsvgc2026regmcbo3,0,Eelektross,Pelipper,20.0
2026-09-30,M-C,gen9championsvgc2026regmcbo3,0,Eelektross,Garchomp-Mega-Z,13.846
2026-09-30,M-C,gen9championsvgc2026regmcbo3,0,Eelektross,Gholdengo,12.308
2026-09-30,M-C,gen9championsvgc2026regmcbo3,0,Eelektross,Alcremie,12.308
2026-09-30,M-C,gen9championsvgc2026regmcbo3,0,Eelektross,Whimsicott,12.308
2026-09-30,M-C,gen9championsvgc2026regmcbo3,0,Eelektross,Greninja,10.769
2026-09-30,M-C,gen9championsvgc2026regmcbo3,0,Manectric,Indeedee-F,23.529
2026-09-30,M-C,gen9championsvgc2026regmcbo3,0,Manectric,Pelipper,16.176
2026-09-30,M-C,gen9championsvgc2026regmcbo3,0,Manectric,Kingambit,16.176
2026-09-30,M-C,gen9championsvgc2026regmcbo3,0,Manectric,Raichu-Mega-X,16.176
2026-09-30,M-C,gen9championsvgc2026regmcbo3,0,Manectric,Salamence-Mega,16.176
2026-09-30,M-C,gen9championsvgc2026regmcbo3,0,Manectric,Sneasler,16.176
2026-09-30,M-C,gen9championsvgc2026regmcbo3,0,Manectric,Froslass-Mega,14.706
2026-09-30,M-C,gen9championsvgc2026regmcbo3,0,Manectric,Golisopod-Mega,13.235
2026-09-30,M-C,gen9championsvgc2026regmcbo3,0,Manectric,Sceptile-Mega,13.235
2026-09-30,M-C,gen9championsvgc2026regmcbo3,0,Manectric,Ampharos-Mega,10.294
2026-09-30,M-C,gen9championsvgc2026regmcbo3,0,Dedenne,Charizard-Mega-Y,28.788
2026-09-30,M-C,gen9championsvgc2026regmcbo3,0,Dedenne,Toxtricity,24.242
2026-09-30,M-C,gen9championsvgc2026regmcbo3,0,Dedenne,Rillaboom,13.636
2026-09-30,M-C,gen9championsvgc2026regmcbo3,0,Dedenne,Vileplume,12.121
2026-09-30,M-C,gen9championsvgc2026regmcbo3,0,Dedenne,Gholdengo,10.606
2026-09-30,M-C,gen9championsvgc2026regmcbo3,0,Dedenne,Arboliva,10.606
2026-09-30,M-C,gen9championsvgc2026regmcbo3,0,Dedenne,Lucario-Mega-Z,9.091
2026-09-30,M-C,gen9championsvgc2026regmcbo3,0,Dedenne,Indeedee,9.091
2026-09-30,M-C,gen9championsvgc2026regmcbo3,0,Dedenne,Indeedee-F,9.091
2026-09-30,M-C,gen9championsvgc2026regmcbo3,0,Dedenne,Gourgeist-Super,9.091
2026-09-30,M-C,gen9championsvgc2026regmcbo3,0,Skarmory,Sinistcha,19.231
2026-09-30,M-C,gen9championsvgc2026regmcbo3,0,Skarmory,Tyranitar,19.231
2026-09-30,M-C,gen9championsvgc2026regmcbo3,0,Skarmory,Gholdengo,15.385
2026-09-30,M-C,gen9championsvgc2026regmcbo3,0,Skarmory,Salamence-Mega,14.103
2026-09-30,M-C,gen9championsvgc2026regmcbo3,0,Skarmory,Garchomp-Mega,14.103
2026-09-30,M-C,gen9championsvgc2026regmcbo3,0,Skarmory,Incineroar,11.538
2026-09-30,M-C,gen9championsvgc2026regmcbo3,0,Skarmory,Milotic,10.256
2026-09-30,M-C,gen9championsvgc2026regmcbo3,0,Skarmory,Rillaboom,8.974
2026-09-30,M-C,gen9championsvgc2026regmcbo3,0,Skarmory,Garchomp,8.974
2026-09-30,M-C,gen9championsvgc2026regmcbo3,0,Skarmory,Tyranitar-Mega,8.974
2026-09-30,M-C,gen9championsvgc2026regmcbo3,0,Steelix,Indeedee-F,23.881
2026-09-30,M-C,gen9championsvgc2026regmcbo3,0,Steelix,Basculegion,16.418
2026-09-30,M-C,gen9championsvgc2026regmcbo3,0,Steelix,Gardevoir-Mega,16.418
2026-09-30,M-C,gen9championsvgc2026regmcbo3,0,Steelix,Charizard-Mega-Y,14.925
2026-09-30,M-C,gen9championsvgc2026regmcbo3,0,Steelix,Incineroar,14.925
2026-09-30,M-C,gen9championsvgc2026regmcbo3,0,Steelix,Sinistcha,13.433
2026-09-30,M-C,gen9championsvgc2026regmcbo3,0,Steelix,Weavile,11.94
2026-09-30,M-C,gen9championsvgc2026regmcbo3,0,Steelix,Salamence-Mega,11.94
2026-09-30,M-C,gen9championsvgc2026regmcbo3,0,Steelix,Sneasler,10.448
2026-09-30,M-C,gen9championsvgc2026regmcbo3,0,Steelix,Garchomp,8.955
2026-09-30,M-C,gen9championsvgc2026regmcbo3,0,Camerupt,Indeedee-F,17.46
2026-09-30,M-C,gen9championsvgc2026regmcbo3,0,Camerupt,Whimsicott,15.873
2026-09-30,M-C,gen9championsvgc2026regmcbo3,0,Camerupt,Raichu-Mega-X,15.873
2026-09-30,M-C,gen9championsvgc2026regmcbo3,0,Camerupt,Farigiraf,15.873
2026-09-30,M-C,gen9championsvgc2026regmcbo3,0,Camerupt,Tauros-Paldea-Aqua,14.286
2026-09-30,M-C,gen9championsvgc2026regmcbo3,0,Camerupt,Maushold,12.698
2026-09-30,M-C,gen9championsvgc2026regmcbo3,0,Camerupt,Sinistcha,12.698
2026-09-30,M-C,gen9championsvgc2026regmcbo3,0,Camerupt,Diggersby,11.111
2026-09-30,M-C,gen9championsvgc2026regmcbo3,0,Camerupt,Garchomp-Mega,11.111
2026-09-30,M-C,gen9championsvgc2026regmcbo3,0,Camerupt,Aerodactyl,11.111
2026-09-30,M-C,gen9championsvgc2026regmcbo3,0,Sandaconda,Tyranitar-Mega,20.833
2026-09-30,M-C,gen9championsvgc2026regmcbo3,0,Sandaconda,Sinistcha,12.5
2026-09-30,M-C,gen9championsvgc2026regmcbo3,0,Sandaconda,Whimsicott,11.111
2026-09-30,M-C,gen9championsvgc2026regmcbo3,0,Sandaconda,Aerodactyl-Mega,11.111
2026-09-30,M-C,gen9championsvgc2026regmcbo3,0,Sandaconda,Tyranitar,11.111
2026-09-30,M-C,gen9championsvgc2026regmcbo3,0,Sandaconda,Farigiraf,9.722
2026-09-30,M-C,gen9championsvgc2026regmcbo3,0,Sandaconda,Garchomp,9.722
2026-09-30,M-C,gen9championsvgc2026regmcbo3,0,Sandaconda,Klefki,8.333
2026-09-30,M-C,gen9championsvgc2026regmcbo3,0,Sandaconda,Glimmora-Mega,6.944
2026-09-30,M-C,gen9championsvgc2026regmcbo3,0,Sandaconda,Excadrill,5.556
2026-09-30,M-C,gen9championsvgc2026regmcbo3,0,Avalugg-Hisui,Farigiraf,19.718
2026-09-30,M-C,gen9championsvgc2026regmcbo3,0,Avalugg-Hisui,Sinistcha,18.31
2026-09-30,M-C,gen9championsvgc2026regmcbo3,0,Avalugg-Hisui,Golisopod-Mega,15.493
2026-09-30,M-C,gen9championsvgc2026regmcbo3,0,Avalugg-Hisui,Froslass-Mega,14.085
2026-09-30,M-C,gen9championsvgc2026regmcbo3,0,Avalugg-Hisui,Rillaboom,11.268
2026-09-30,M-C,gen9championsvgc2026regmcbo3,0,Avalugg-Hisui,Sneasler,11.268
2026-09-30,M-C,gen9championsvgc2026regmcbo3,0,Avalugg-Hisui,Lopunny-Mega,9.859
2026-09-30,M-C,gen9championsvgc2026regmcbo3,0,Avalugg-Hisui,Talonflame,9.859
2026-09-30,M-C,gen9championsvgc2026regmcbo3,0,Avalugg-Hisui,Indeedee-F,8.451
2026-09-30,M-C,gen9championsvgc2026regmcbo3,0,Avalugg-Hisui,Torkoal,8.451
2026-09-30,M-C,gen9championsvgc2026regmcbo3,0,Ampharos,Sceptile-Mega,28.571
2026-09-30,M-C,gen9championsvgc2026regmcbo3,0,Ampharos,Tyranitar,17.857
2026-09-30,M-C,gen9championsvgc2026regmcbo3,0,Ampharos,Palafin,14.286
2026-09-30,M-C,gen9championsvgc2026regmcbo3,0,Ampharos,Corviknight,14.286
2026-09-30,M-C,gen9championsvgc2026regmcbo3,0,Ampharos,Whimsicott,12.5
2026-09-30,M-C,gen9championsvgc2026regmcbo3,0,Ampharos,Incineroar,12.5
2026-09-30,M-C,gen9championsvgc2026regmcbo3,0,Ampharos,Sinistcha,12.5
2026-09-30,M-C,gen9championsvgc2026regmcbo3,0,Ampharos,Primarina,10.714
2026-09-30,M-C,gen9championsvgc2026regmcbo3,0,Ampharos,Blaziken,10.714
2026-09-30,M-C,gen9championsvgc2026regmcbo3,0,Ampharos,Goodra-Hisui,8.929
2026-09-30,M-C,gen9championsvgc2026regmcbo3,1500,Rillaboom,Incineroar,42.684
2026-09-30,M-C,gen9championsvgc2026regmcbo3,1500,Rillaboom,Sneasler,37.415
2026-09-30,M-C,gen9championsvgc2026regmcbo3,1500,Rillaboom,Gholdengo,34.849
2026-09-30,M-C,gen9championsvgc2026regmcbo3,1500,Rillaboom,Salamence-Mega,30.277
2026-09-30,M-C,gen9championsvgc2026regmcbo3,1500,Rillaboom,Raichu-Mega-Y,28.509
2026-09-30,M-C,gen9championsvgc2026regmcbo3,1500,Rillaboom,Kingambit,23.422
2026-09-30,M-C,gen9championsvgc2026regmcbo3,1500,Rillaboom,Arcanine-Hisui,20.304
2026-09-30,M-C,gen9championsvgc2026regmcbo3,1500,Rillaboom,Floette-Mega,18.285
2026-09-30,M-C,gen9championsvgc2026regmcbo3,1500,Rillaboom,Volcarona,14.385
2026-09-30,M-C,gen9championsvgc2026regmcbo3,1500,Rillaboom,Basculegion,14.005
2026-09-30,M-C,gen9championsvgc2026regmcbo3,1500,Sneasler,Rillaboom,48.111
2026-09-30,M-C,gen9championsvgc2026regmcbo3,1500,Sneasler,Salamence-Mega,37.146
2026-09-30,M-C,gen9championsvgc2026regmcbo3,1500,Sneasler,Incineroar,32.427
2026-09-30,M-C,gen9championsvgc2026regmcbo3,1500,Sneasler,Kingambit,30.52
2026-09-30,M-C,gen9championsvgc2026regmcbo3,1500,Sneasler,Gholdengo,22.171
2026-09-30,M-C,gen9championsvgc2026regmcbo3,1500,Sneasler,Floette-Mega,21.321
2026-09-30,M-C,gen9championsvgc2026regmcbo3,1500,Sneasler,Basculegion,17.269
2026-09-30,M-C,gen9championsvgc2026regmcbo3,1500,Sneasler,Indeedee-F,16.589
2026-09-30,M-C,gen9championsvgc2026regmcbo3,1500,Sneasler,Arcanine-Hisui,15.405
2026-09-30,M-C,gen9championsvgc2026regmcbo3,1500,Sneasler,Raichu-Mega-Y,12.604
2026-09-30,M-C,gen9championsvgc2026regmcbo3,1500,Incineroar,Rillaboom,62.817
2026-09-30,M-C,gen9championsvgc2026regmcbo3,1500,Incineroar,Sneasler,37.112
2026-09-30,M-C,gen9championsvgc2026regmcbo3,1500,Incineroar,Floette-Mega,26.796
2026-09-30,M-C,gen9championsvgc2026regmcbo3,1500,Incineroar,Gholdengo,26.316
2026-09-30,M-C,gen9championsvgc2026regmcbo3,1500,Incineroar,Kingambit,17.12
2026-09-30,M-C,gen9championsvgc2026regmcbo3,1500,Incineroar,Salamence-Mega,16.842
2026-09-30,M-C,gen9championsvgc2026regmcbo3,1500,Incineroar,Raichu-Mega-Y,16.672
2026-09-30,M-C,gen9championsvgc2026regmcbo3,1500,Incineroar,Garchomp-Mega-Z,16.173
2026-09-30,M-C,gen9championsvgc2026regmcbo3,1500,Incineroar,Gengar-Mega,13.444
2026-09-30,M-C,gen9championsvgc2026regmcbo3,1500,Incineroar,Farigiraf,13.347
2026-09-30,M-C,gen9championsvgc2026regmcbo3,1500,Salamence-Mega,Rillaboom,59.841
2026-09-30,M-C,gen9championsvgc2026regmcbo3,1500,Salamence-Mega,Sneasler,57.096
2026-09-30,M-C,gen9championsvgc2026regmcbo3,1500,Salamence-Mega,Gholdengo,31.507
2026-09-30,M-C,gen9championsvgc2026regmcbo3,1500,Salamence-Mega,Kingambit,30.528
2026-09-30,M-C,gen9championsvgc2026regmcbo3,1500,Salamence-Mega,Arcanine-Hisui,24.471
2026-09-30,M-C,gen9championsvgc2026regmcbo3,1500,Salamence-Mega,Incineroar,22.619
2026-09-30,M-C,gen9championsvgc2026regmcbo3,1500,Salamence-Mega,Basculegion,18.292
2026-09-30,M-C,gen9championsvgc2026regmcbo3,1500,Salamence-Mega,Milotic,15.446
2026-09-30,M-C,gen9championsvgc2026regmcbo3,1500,Salamence-Mega,Raichu-Mega-Y,15.406
2026-09-30,M-C,gen9championsvgc2026regmcbo3,1500,Salamence-Mega,Floette-Mega,15.304
2026-09-30,M-C,gen9championsvgc2026regmcbo3,1500,Kingambit,Sneasler,47.316
2026-09-30,M-C,gen9championsvgc2026regmcbo3,1500,Kingambit,Rillaboom,46.692
2026-09-30,M-C,gen9championsvgc2026regmcbo3,1500,Kingambit,Salamence-Mega,30.791
2026-09-30,M-C,gen9championsvgc2026regmcbo3,1500,Kingambit,Incineroar,23.19
2026-09-30,M-C,gen9championsvgc2026regmcbo3,1500,Kingambit,Basculegion,22.124
2026-09-30,M-C,gen9championsvgc2026regmcbo3,1500,Kingambit,Farigiraf,17.714
2026-09-30,M-C,gen9championsvgc2026regmcbo3,1500,Kingambit,Floette-Mega,16.758
2026-09-30,M-C,gen9championsvgc2026regmcbo3,1500,Kingambit,Arcanine-Hisui,15.527
2026-09-30,M-C,gen9championsvgc2026regmcbo3,1500,Kingambit,Charizard-Mega-Y,14.889
2026-09-30,M-C,gen9championsvgc2026regmcbo3,1500,Kingambit,Indeedee-F,13.5
2026-09-30,M-C,gen9championsvgc2026regmcbo3,1500,Gholdengo,Rillaboom,74.689
2026-09-30,M-C,gen9championsvgc2026regmcbo3,1500,Gholdengo,Raichu-Mega-Y,45.193
2026-09-30,M-C,gen9championsvgc2026regmcbo3,1500,Gholdengo,Incineroar,38.325
2026-09-30,M-C,gen9championsvgc2026regmcbo3,1500,Gholdengo,Sneasler,36.953
2026-09-30,M-C,gen9championsvgc2026regmcbo3,1500,Gholdengo,Salamence-Mega,34.165
2026-09-30,M-C,gen9championsvgc2026regmcbo3,1500,Gholdengo,Arcanine-Hisui,27.574
2026-09-30,M-C,gen9championsvgc2026regmcbo3,1500,Gholdengo,Staraptor-Mega,19.622
2026-09-30,M-C,gen9championsvgc2026regmcbo3,1500,Gholdengo,Floette-Mega,19.292
2026-09-30,M-C,gen9championsvgc2026regmcbo3,1500,Gholdengo,Milotic,15.367
2026-09-30,M-C,gen9championsvgc2026regmcbo3,1500,Gholdengo,Sylveon,14.064
2026-09-30,M-C,gen9championsvgc2026regmcbo3,1500,Raichu-Mega-Y,Rillaboom,77.06
2026-09-30,M-C,gen9championsvgc2026regmcbo3,1500,Raichu-Mega-Y,Gholdengo,56.997
2026-09-30,M-C,gen9championsvgc2026regmcbo3,1500,Raichu-Mega-Y,Arcanine-Hisui,37.33
2026-09-30,M-C,gen9championsvgc2026regmcbo3,1500,Raichu-Mega-Y,Incineroar,30.621
2026-09-30,M-C,gen9championsvgc2026regmcbo3,1500,Raichu-Mega-Y,Sneasler,26.494
2026-09-30,M-C,gen9championsvgc2026regmcbo3,1500,Raichu-Mega-Y,Staraptor-Mega,24.446
2026-09-30,M-C,gen9championsvgc2026regmcbo3,1500,Raichu-Mega-Y,Salamence-Mega,21.069
2026-09-30,M-C,gen9championsvgc2026regmcbo3,1500,Raichu-Mega-Y,Sylveon,21.037
2026-09-30,M-C,gen9championsvgc2026regmcbo3,1500,Raichu-Mega-Y,Kingambit,17.24
2026-09-30,M-C,gen9championsvgc2026regmcbo3,1500,Raichu-Mega-Y,Volcarona,16.351
2026-09-30,M-C,gen9championsvgc2026regmcbo3,1500,Basculegion,Rillaboom,42.736
2026-09-30,M-C,gen9championsvgc2026regmcbo3,1500,Basculegion,Sneasler,40.98
2026-09-30,M-C,gen9championsvgc2026regmcbo3,1500,Basculegion,Kingambit,33.865
2026-09-30,M-C,gen9championsvgc2026regmcbo3,1500,Basculegion,Salamence-Mega,28.24
2026-09-30,M-C,gen9championsvgc2026regmcbo3,1500,Basculegion,Incineroar,26.525
2026-09-30,M-C,gen9championsvgc2026regmcbo3,1500,Basculegion,Floette-Mega,18.795
2026-09-30,M-C,gen9championsvgc2026regmcbo3,1500,Basculegion,Indeedee-F,17.352
2026-09-30,M-C,gen9championsvgc2026regmcbo3,1500,Basculegion,Whimsicott,15.559
2026-09-30,M-C,gen9championsvgc2026regmcbo3,1500,Basculegion,Gardevoir-Mega,13.36
2026-09-30,M-C,gen9championsvgc2026regmcbo3,1500,Basculegion,Pelipper,13.065
2026-09-30,M-C,gen9championsvgc2026regmcbo3,1500,Indeedee-F,Sneasler,40.719
2026-09-30,M-C,gen9championsvgc2026regmcbo3,1500,Indeedee-F,Gardevoir-Mega,34.736
2026-09-30,M-C,gen9championsvgc2026regmcbo3,1500,Indeedee-F,Armarouge,22.446
2026-09-30,M-C,gen9championsvgc2026regmcbo3,1500,Indeedee-F,Kingambit,21.374
2026-09-30,M-C,gen9championsvgc2026regmcbo3,1500,Indeedee-F,Incineroar,18.28
2026-09-30,M-C,gen9championsvgc2026regmcbo3,1500,Indeedee-F,Basculegion,17.948
2026-09-30,M-C,gen9championsvgc2026regmcbo3,1500,Indeedee-F,Golisopod-Mega,15.063
2026-09-30,M-C,gen9championsvgc2026regmcbo3,1500,Indeedee-F,Salamence-Mega,12.168
2026-09-30,M-C,gen9championsvgc2026regmcbo3,1500,Indeedee-F,Torkoal,11.206
2026-09-30,M-C,gen9championsvgc2026regmcbo3,1500,Indeedee-F,Pelipper,10.611
2026-09-30,M-C,gen9championsvgc2026regmcbo3,1500,Arcanine-Hisui,Rillaboom,70.237
2026-09-30,M-C,gen9championsvgc2026regmcbo3,1500,Arcanine-Hisui,Raichu-Mega-Y,47.774
2026-09-30,M-C,gen9championsvgc2026regmcbo3,1500,Arcanine-Hisui,Gholdengo,44.506
2026-09-30,M-C,gen9championsvgc2026regmcbo3,1500,Arcanine-Hisui,Salamence-Mega,42.83
2026-09-30,M-C,gen9championsvgc2026regmcbo3,1500,Arcanine-Hisui,Sneasler,41.444
2026-09-30,M-C,gen9championsvgc2026regmcbo3,1500,Arcanine-Hisui,Kingambit,26.943
2026-09-30,M-C,gen9championsvgc2026regmcbo3,1500,Arcanine-Hisui,Sylveon,25.711
2026-09-30,M-C,gen9championsvgc2026regmcbo3,1500,Arcanine-Hisui,Staraptor-Mega,24.121
2026-09-30,M-C,gen9championsvgc2026regmcbo3,1500,Arcanine-Hisui,Milotic,14.448
2026-09-30,M-C,gen9championsvgc2026regmcbo3,1500,Arcanine-Hisui,Basculegion,12.016
2026-09-30,M-C,gen9championsvgc2026regmcbo3,1500,Farigiraf,Rillaboom,32.599
2026-09-30,M-C,gen9championsvgc2026regmcbo3,1500,Farigiraf,Incineroar,31.213
2026-09-30,M-C,gen9championsvgc2026regmcbo3,1500,Farigiraf,Kingambit,30.582
2026-09-30,M-C,gen9championsvgc2026regmcbo3,1500,Farigiraf,Golisopod-Mega,26.57
2026-09-30,M-C,gen9championsvgc2026regmcbo3,1500,Farigiraf,Sylveon,24.544
2026-09-30,M-C,gen9championsvgc2026regmcbo3,1500,Farigiraf,Charizard-Mega-Y,24.201
2026-09-30,M-C,gen9championsvgc2026regmcbo3,1500,Farigiraf,Sneasler,15.33
2026-09-30,M-C,gen9championsvgc2026regmcbo3,1500,Farigiraf,Archaludon,14.998
2026-09-30,M-C,gen9championsvgc2026regmcbo3,1500,Farigiraf,Garchomp-Mega-Z,14.045
2026-09-30,M-C,gen9championsvgc2026regmcbo3,1500,Farigiraf,Salamence-Mega,12.667
2026-09-30,M-C,gen9championsvgc2026regmcbo3,1500,Floette-Mega,Rillaboom,67.119
2026-09-30,M-C,gen9championsvgc2026regmcbo3,1500,Floette-Mega,Incineroar,66.835
2026-09-30,M-C,gen9championsvgc2026regmcbo3,1500,Floette-Mega,Sneasler,60.864
2026-09-30,M-C,gen9championsvgc2026regmcbo3,1500,Floette-Mega,Gholdengo,33.041
2026-09-30,M-C,gen9championsvgc2026regmcbo3,1500,Floette-Mega,Kingambit,30.858
2026-09-30,M-C,gen9championsvgc2026regmcbo3,1500,Floette-Mega,Salamence-Mega,28.422
2026-09-30,M-C,gen9championsvgc2026regmcbo3,1500,Floette-Mega,Basculegion,22.609
2026-09-30,M-C,gen9championsvgc2026regmcbo3,1500,Floette-Mega,Dragonite-Mega,10.884
2026-09-30,M-C,gen9championsvgc2026regmcbo3,1500,Floette-Mega,Garchomp,10.265
2026-09-30,M-C,gen9championsvgc2026regmcbo3,1500,Floette-Mega,Whimsicott,9.962
2026-09-30,M-C,gen9championsvgc2026regmcbo3,1500,Charizard-Mega-Y,Garchomp,31.258
2026-09-30,M-C,gen9championsvgc2026regmcbo3,1500,Charizard-Mega-Y,Kingambit,30.63
2026-09-30,M-C,gen9championsvgc2026regmcbo3,1500,Charizard-Mega-Y,Farigiraf,28.838
2026-09-30,M-C,gen9championsvgc2026regmcbo3,1500,Charizard-Mega-Y,Incineroar,25.427
2026-09-30,M-C,gen9championsvgc2026regmcbo3,1500,Charizard-Mega-Y,Sylveon,24.043
2026-09-30,M-C,gen9championsvgc2026regmcbo3,1500,Charizard-Mega-Y,Rillaboom,23.636
2026-09-30,M-C,gen9championsvgc2026regmcbo3,1500,Charizard-Mega-Y,Venusaur,22.183
2026-09-30,M-C,gen9championsvgc2026regmcbo3,1500,Charizard-Mega-Y,Sneasler,22.077
2026-09-30,M-C,gen9championsvgc2026regmcbo3,1500,Charizard-Mega-Y,Archaludon,22.058
2026-09-30,M-C,gen9championsvgc2026regmcbo3,1500,Charizard-Mega-Y,Grimmsnarl,19.423
2026-09-30,M-C,gen9championsvgc2026regmcbo3,1500,Sylveon,Rillaboom,52.646
2026-09-30,M-C,gen9championsvgc2026regmcbo3,1500,Sylveon,Raichu-Mega-Y,34.897
2026-09-30,M-C,gen9championsvgc2026regmcbo3,1500,Sylveon,Arcanine-Hisui,33.327
2026-09-30,M-C,gen9championsvgc2026regmcbo3,1500,Sylveon,Farigiraf,31.975
2026-09-30,M-C,gen9championsvgc2026regmcbo3,1500,Sylveon,Kingambit,29.929
2026-09-30,M-C,gen9championsvgc2026regmcbo3,1500,Sylveon,Gholdengo,29.423
2026-09-30,M-C,gen9championsvgc2026regmcbo3,1500,Sylveon,Charizard-Mega-Y,26.287
2026-09-30,M-C,gen9championsvgc2026regmcbo3,1500,Sylveon,Salamence-Mega,25.254
2026-09-30,M-C,gen9championsvgc2026regmcbo3,1500,Sylveon,Staraptor-Mega,24.819
2026-09-30,M-C,gen9championsvgc2026regmcbo3,1500,Sylveon,Incineroar,22.22
2026-09-30,M-C,gen9championsvgc2026regmcbo3,1500,Archaludon,Pelipper,54.719
2026-09-30,M-C,gen9championsvgc2026regmcbo3,1500,Archaludon,Golisopod-Mega,37.835
2026-09-30,M-C,gen9championsvgc2026regmcbo3,1500,Archaludon,Rillaboom,32.708
2026-09-30,M-C,gen9championsvgc2026regmcbo3,1500,Archaludon,Politoed,31.34
2026-09-30,M-C,gen9championsvgc2026regmcbo3,1500,Archaludon,Grimmsnarl,29.991
2026-09-30,M-C,gen9championsvgc2026regmcbo3,1500,Archaludon,Incineroar,25.648
2026-09-30,M-C,gen9championsvgc2026regmcbo3,1500,Archaludon,Charizard-Mega-Y,24.447
2026-09-30,M-C,gen9championsvgc2026regmcbo3,1500,Archaludon,Swampert-Mega,21.942
2026-09-30,M-C,gen9championsvgc2026regmcbo3,1500,Archaludon,Gengar-Mega,20.86
2026-09-30,M-C,gen9championsvgc2026regmcbo3,1500,Archaludon,Farigiraf,19.808
2026-09-30,M-C,gen9championsvgc2026regmcbo3,1500,Milotic,Rillaboom,51.626
2026-09-30,M-C,gen9championsvgc2026regmcbo3,1500,Milotic,Salamence-Mega,35.666
2026-09-30,M-C,gen9championsvgc2026regmcbo3,1500,Milotic,Gholdengo,32.724
2026-09-30,M-C,gen9championsvgc2026regmcbo3,1500,Milotic,Sneasler,30.956
2026-09-30,M-C,gen9championsvgc2026regmcbo3,1500,Milotic,Raichu-Mega-Y,21.725
2026-09-30,M-C,gen9championsvgc2026regmcbo3,1500,Milotic,Incineroar,20.158
2026-09-30,M-C,gen9championsvgc2026regmcbo3,1500,Milotic,Arcanine-Hisui,19.061
2026-09-30,M-C,gen9championsvgc2026regmcbo3,1500,Milotic,Staraptor-Mega,17.307
2026-09-30,M-C,gen9championsvgc2026regmcbo3,1500,Milotic,Tyranitar-Mega,15.849
2026-09-30,M-C,gen9championsvgc2026regmcbo3,1500,Milotic,Indeedee-F,15.289
2026-09-30,M-C,gen9championsvgc2026regmcbo3,1500,Golisopod-Mega,Archaludon,40.599
2026-09-30,M-C,gen9championsvgc2026regmcbo3,1500,Golisopod-Mega,Pelipper,39.848
2026-09-30,M-C,gen9championsvgc2026regmcbo3,1500,Golisopod-Mega,Farigiraf,37.653
2026-09-30,M-C,gen9championsvgc2026regmcbo3,1500,Golisopod-Mega,Rillaboom,25.286
2026-09-30,M-C,gen9championsvgc2026regmcbo3,1500,Golisopod-Mega,Indeedee-F,23.278
2026-09-30,M-C,gen9championsvgc2026regmcbo3,1500,Golisopod-Mega,Incineroar,22.378
2026-09-30,M-C,gen9championsvgc2026regmcbo3,1500,Golisopod-Mega,Sneasler,20.679
2026-09-30,M-C,gen9championsvgc2026regmcbo3,1500,Golisopod-Mega,Basculegion,19.221
2026-09-30,M-C,gen9championsvgc2026regmcbo3,1500,Golisopod-Mega,Grimmsnarl,18.902
2026-09-30,M-C,gen9championsvgc2026regmcbo3,1500,Golisopod-Mega,Politoed,16.699
2026-09-30,M-C,gen9championsvgc2026regmcbo3,1500,Garchomp-Mega-Z,Rillaboom,64.053
2026-09-30,M-C,gen9championsvgc2026regmcbo3,1500,Garchomp-Mega-Z,Incineroar,58.931
2026-09-30,M-C,gen9championsvgc2026regmcbo3,1500,Garchomp-Mega-Z,Volcarona,33.629
2026-09-30,M-C,gen9championsvgc2026regmcbo3,1500,Garchomp-Mega-Z,Sneasler,33.24
2026-09-30,M-C,gen9championsvgc2026regmcbo3,1500,Garchomp-Mega-Z,Gholdengo,30.261
2026-09-30,M-C,gen9championsvgc2026regmcbo3,1500,Garchomp-Mega-Z,Raichu-Mega-Y,24.517
2026-09-30,M-C,gen9championsvgc2026regmcbo3,1500,Garchomp-Mega-Z,Farigiraf,21.883
2026-09-30,M-C,gen9championsvgc2026regmcbo3,1500,Garchomp-Mega-Z,Kingambit,14.746
2026-09-30,M-C,gen9championsvgc2026regmcbo3,1500,Garchomp-Mega-Z,Basculegion,14.615
2026-09-30,M-C,gen9championsvgc2026regmcbo3,1500,Garchomp-Mega-Z,Charizard-Mega-Y,12.707
2026-09-30,M-C,gen9championsvgc2026regmcbo3,1500,Volcarona,Rillaboom,77.97
2026-09-30,M-C,gen9championsvgc2026regmcbo3,1500,Volcarona,Incineroar,42.716
2026-09-30,M-C,gen9championsvgc2026regmcbo3,1500,Volcarona,Garchomp-Mega-Z,33.992
2026-09-30,M-C,gen9championsvgc2026regmcbo3,1500,Volcarona,Raichu-Mega-Y,32.788
2026-09-30,M-C,gen9championsvgc2026regmcbo3,1500,Volcarona,Gholdengo,27.926
2026-09-30,M-C,gen9championsvgc2026regmcbo3,1500,Volcarona,Sneasler,25.12
2026-09-30,M-C,gen9championsvgc2026regmcbo3,1500,Volcarona,Basculegion,22.074
2026-09-30,M-C,gen9championsvgc2026regmcbo3,1500,Volcarona,Salamence-Mega,21.171
2026-09-30,M-C,gen9championsvgc2026regmcbo3,1500,Volcarona,Kingambit,18.939
2026-09-30,M-C,gen9championsvgc2026regmcbo3,1500,Volcarona,Floette-Mega,11.154
2026-09-30,M-C,gen9championsvgc2026regmcbo3,1500,Pelipper,Archaludon,66.587
2026-09-30,M-C,gen9championsvgc2026regmcbo3,1500,Pelipper,Golisopod-Mega,45.189
2026-09-30,M-C,gen9championsvgc2026regmcbo3,1500,Pelipper,Grimmsnarl,27.319
2026-09-30,M-C,gen9championsvgc2026regmcbo3,1500,Pelipper,Swampert-Mega,27.23
2026-09-30,M-C,gen9championsvgc2026regmcbo3,1500,Pelipper,Basculegion,23.682
2026-09-30,M-C,gen9championsvgc2026regmcbo3,1500,Pelipper,Sneasler,22.351
2026-09-30,M-C,gen9championsvgc2026regmcbo3,1500,Pelipper,Rillaboom,20.774
2026-09-30,M-C,gen9championsvgc2026regmcbo3,1500,Pelipper,Charizard-Mega-Y,20.291
2026-09-30,M-C,gen9championsvgc2026regmcbo3,1500,Pelipper,Indeedee-F,18.596
2026-09-30,M-C,gen9championsvgc2026regmcbo3,1500,Pelipper,Farigiraf,17.743
2026-09-30,M-C,gen9championsvgc2026regmcbo3,1500,Staraptor-Mega,Rillaboom,58.561
2026-09-30,M-C,gen9championsvgc2026regmcbo3,1500,Staraptor-Mega,Gholdengo,55.327
2026-09-30,M-C,gen9championsvgc2026regmcbo3,1500,Staraptor-Mega,Raichu-Mega-Y,54.653
2026-09-30,M-C,gen9championsvgc2026regmcbo3,1500,Staraptor-Mega,Arcanine-Hisui,42.138
2026-09-30,M-C,gen9championsvgc2026regmcbo3,1500,Staraptor-Mega,Sylveon,33.449
2026-09-30,M-C,gen9championsvgc2026regmcbo3,1500,Staraptor-Mega,Milotic,22.916
2026-09-30,M-C,gen9championsvgc2026regmcbo3,1500,Staraptor-Mega,Indeedee-F,16.522
2026-09-30,M-C,gen9championsvgc2026regmcbo3,1500,Staraptor-Mega,Kingambit,14.541
2026-09-30,M-C,gen9championsvgc2026regmcbo3,1500,Staraptor-Mega,Armarouge,11.466
2026-09-30,M-C,gen9championsvgc2026regmcbo3,1500,Staraptor-Mega,Whimsicott,9.596
2026-09-30,M-C,gen9championsvgc2026regmcbo3,1500,Garchomp,Charizard-Mega-Y,46.871
2026-09-30,M-C,gen9championsvgc2026regmcbo3,1500,Garchomp,Kingambit,37.334
2026-09-30,M-C,gen9championsvgc2026regmcbo3,1500,Garchomp,Incineroar,32.507
2026-09-30,M-C,gen9championsvgc2026regmcbo3,1500,Garchomp,Rillaboom,24.928
2026-09-30,M-C,gen9championsvgc2026regmcbo3,1500,Garchomp,Sylveon,23.91
2026-09-30,M-C,gen9championsvgc2026regmcbo3,1500,Garchomp,Farigiraf,20.919
2026-09-30,M-C,gen9championsvgc2026regmcbo3,1500,Garchomp,Whimsicott,19.251
2026-09-30,M-C,gen9championsvgc2026regmcbo3,1500,Garchomp,Sneasler,18.681
2026-09-30,M-C,gen9championsvgc2026regmcbo3,1500,Garchomp,Floette-Mega,17.197
2026-09-30,M-C,gen9championsvgc2026regmcbo3,1500,Garchomp,Basculegion,15.688
2026-09-30,M-C,gen9championsvgc2026regmcbo3,1500,Whimsicott,Basculegion,38.67
2026-09-30,M-C,gen9championsvgc2026regmcbo3,1500,Whimsicott,Charizard-Mega-Y,33.675
2026-09-30,M-C,gen9championsvgc2026regmcbo3,1500,Whimsicott,Kingambit,29.915
2026-09-30,M-C,gen9championsvgc2026regmcbo3,1500,Whimsicott,Garchomp,23.741
2026-09-30,M-C,gen9championsvgc2026regmcbo3,1500,Whimsicott,Incineroar,22.639
2026-09-30,M-C,gen9championsvgc2026regmcbo3,1500,Whimsicott,Sneasler,22.5
2026-09-30,M-C,gen9championsvgc2026regmcbo3,1500,Whimsicott,Indeedee-F,21.831
2026-09-30,M-C,gen9championsvgc2026regmcbo3,1500,Whimsicott,Floette-Mega,20.581
2026-09-30,M-C,gen9championsvgc2026regmcbo3,1500,Whimsicott,Gholdengo,14.812
2026-09-30,M-C,gen9championsvgc2026regmcbo3,1500,Whimsicott,Gardevoir-Mega,14.331
2026-09-30,M-C,gen9championsvgc2026regmcbo3,1500,Gardevoir-Mega,Indeedee-F,83.045
2026-09-30,M-C,gen9championsvgc2026regmcbo3,1500,Gardevoir-Mega,Sneasler,54.644
2026-09-30,M-C,gen9championsvgc2026regmcbo3,1500,Gardevoir-Mega,Basculegion,33.039
2026-09-30,M-C,gen9championsvgc2026regmcbo3,1500,Gardevoir-Mega,Kingambit,18.063
2026-09-30,M-C,gen9championsvgc2026regmcbo3,1500,Gardevoir-Mega,Incineroar,15.767
2026-09-30,M-C,gen9championsvgc2026regmcbo3,1500,Gardevoir-Mega,Whimsicott,14.259
2026-09-30,M-C,gen9championsvgc2026regmcbo3,1500,Gardevoir-Mega,Armarouge,13.328
2026-09-30,M-C,gen9championsvgc2026regmcbo3,1500,Gardevoir-Mega,Pelipper,13.0
2026-09-30,M-C,gen9championsvgc2026regmcbo3,1500,Gardevoir-Mega,Golisopod-Mega,12.888
2026-09-30,M-C,gen9championsvgc2026regmcbo3,1500,Gardevoir-Mega,Kommo-o,12.306
2026-09-30,M-C,gen9championsvgc2026regmcbo3,1500,Gengar-Mega,Incineroar,75.159
2026-09-30,M-C,gen9championsvgc2026regmcbo3,1500,Gengar-Mega,Rillaboom,73.482
2026-09-30,M-C,gen9championsvgc2026regmcbo3,1500,Gengar-Mega,Politoed,48.249
2026-09-30,M-C,gen9championsvgc2026regmcbo3,1500,Gengar-Mega,Archaludon,37.759
2026-09-30,M-C,gen9championsvgc2026regmcbo3,1500,Gengar-Mega,Kommo-o,19.824
2026-09-30,M-C,gen9championsvgc2026regmcbo3,1500,Gengar-Mega,Kingambit,15.121
2026-09-30,M-C,gen9championsvgc2026regmcbo3,1500,Gengar-Mega,Vivillon,14.965
2026-09-30,M-C,gen9championsvgc2026regmcbo3,1500,Gengar-Mega,Sneasler,13.73
2026-09-30,M-C,gen9championsvgc2026regmcbo3,1500,Gengar-Mega,Froslass-Mega,7.884
2026-09-30,M-C,gen9championsvgc2026regmcbo3,1500,Gengar-Mega,Milotic,7.881
2026-09-30,M-C,gen9championsvgc2026regmcbo3,1500,Tyranitar-Mega,Excadrill,73.075
2026-09-30,M-C,gen9championsvgc2026regmcbo3,1500,Tyranitar-Mega,Salamence-Mega,58.223
2026-09-30,M-C,gen9championsvgc2026regmcbo3,1500,Tyranitar-Mega,Sneasler,52.367
2026-09-30,M-C,gen9championsvgc2026regmcbo3,1500,Tyranitar-Mega,Indeedee,37.421
2026-09-30,M-C,gen9championsvgc2026regmcbo3,1500,Tyranitar-Mega,Rillaboom,30.494
2026-09-30,M-C,gen9championsvgc2026regmcbo3,1500,Tyranitar-Mega,Milotic,28.849
2026-09-30,M-C,gen9championsvgc2026regmcbo3,1500,Tyranitar-Mega,Gholdengo,27.709
2026-09-30,M-C,gen9championsvgc2026regmcbo3,1500,Tyranitar-Mega,Corviknight,25.972
2026-09-30,M-C,gen9championsvgc2026regmcbo3,1500,Tyranitar-Mega,Indeedee-F,8.714
2026-09-30,M-C,gen9championsvgc2026regmcbo3,1500,Tyranitar-Mega,Volcarona,8.636
2026-09-30,M-C,gen9championsvgc2026regmcbo3,1500,Indeedee,Sneasler,78.315
2026-09-30,M-C,gen9championsvgc2026regmcbo3,1500,Indeedee,Salamence-Mega,51.369
2026-09-30,M-C,gen9championsvgc2026regmcbo3,1500,Indeedee,Excadrill,37.996
2026-09-30,M-C,gen9championsvgc2026regmcbo3,1500,Indeedee,Tyranitar-Mega,37.949
2026-09-30,M-C,gen9championsvgc2026regmcbo3,1500,Indeedee,Corviknight,24.153
2026-09-30,M-C,gen9championsvgc2026regmcbo3,1500,Indeedee,Milotic,23.851
2026-09-30,M-C,gen9championsvgc2026regmcbo3,1500,Indeedee,Metagross-Mega,17.153
2026-09-30,M-C,gen9championsvgc2026regmcbo3,1500,Indeedee,Arcanine-Hisui,14.678
2026-09-30,M-C,gen9championsvgc2026regmcbo3,1500,Indeedee,Charizard-Mega-Y,11.162
2026-09-30,M-C,gen9championsvgc2026regmcbo3,1500,Indeedee,Kingambit,11.027
2026-09-30,M-C,gen9championsvgc2026regmcbo3,1500,Froslass-Mega,Rillaboom,67.419
2026-09-30,M-C,gen9championsvgc2026regmcbo3,1500,Froslass-Mega,Sneasler,56.834
2026-09-30,M-C,gen9championsvgc2026regmcbo3,1500,Froslass-Mega,Kingambit,52.039
2026-09-30,M-C,gen9championsvgc2026regmcbo3,1500,Froslass-Mega,Arcanine-Hisui,27.968
2026-09-30,M-C,gen9championsvgc2026regmcbo3,1500,Froslass-Mega,Basculegion,24.182
2026-09-30,M-C,gen9championsvgc2026regmcbo3,1500,Froslass-Mega,Incineroar,23.784
2026-09-30,M-C,gen9championsvgc2026regmcbo3,1500,Froslass-Mega,Raichu-Mega-Y,18.622
2026-09-30,M-C,gen9championsvgc2026regmcbo3,1500,Froslass-Mega,Salamence-Mega,14.665
2026-09-30,M-C,gen9championsvgc2026regmcbo3,1500,Froslass-Mega,Volcarona,14.452
2026-09-30,M-C,gen9championsvgc2026regmcbo3,1500,Froslass-Mega,Archaludon,10.404
2026-09-30,M-C,gen9championsvgc2026regmcbo3,1500,Excadrill,Tyranitar-Mega,79.578
2026-09-30,M-C,gen9championsvgc2026regmcbo3,1500,Excadrill,Salamence-Mega,64.148
2026-09-30,M-C,gen9championsvgc2026regmcbo3,1500,Excadrill,Sneasler,52.528
2026-09-30,M-C,gen9championsvgc2026regmcbo3,1500,Excadrill,Indeedee,40.801
2026-09-30,M-C,gen9championsvgc2026regmcbo3,1500,Excadrill,Milotic,29.651
2026-09-30,M-C,gen9championsvgc2026regmcbo3,1500,Excadrill,Rillaboom,27.602
2026-09-30,M-C,gen9championsvgc2026regmcbo3,1500,Excadrill,Corviknight,26.762
2026-09-30,M-C,gen9championsvgc2026regmcbo3,1500,Excadrill,Gholdengo,25.226
2026-09-30,M-C,gen9championsvgc2026regmcbo3,1500,Excadrill,Indeedee-F,9.221
2026-09-30,M-C,gen9championsvgc2026regmcbo3,1500,Excadrill,Tyranitar,8.44
2026-09-30,M-C,gen9championsvgc2026regmcbo3,1500,Politoed,Archaludon,64.425
2026-09-30,M-C,gen9championsvgc2026regmcbo3,1500,Politoed,Rillaboom,57.275
2026-09-30,M-C,gen9championsvgc2026regmcbo3,1500,Politoed,Incineroar,56.879
2026-09-30,M-C,gen9championsvgc2026regmcbo3,1500,Politoed,Gengar-Mega,54.796
2026-09-30,M-C,gen9championsvgc2026regmcbo3,1500,Politoed,Golisopod-Mega,31.992
2026-09-30,M-C,gen9championsvgc2026regmcbo3,1500,Politoed,Farigiraf,23.499
2026-09-30,M-C,gen9championsvgc2026regmcbo3,1500,Politoed,Charizard-Mega-Y,17.538
2026-09-30,M-C,gen9championsvgc2026regmcbo3,1500,Politoed,Grimmsnarl,17.107
2026-09-30,M-C,gen9championsvgc2026regmcbo3,1500,Politoed,Vivillon,15.3
2026-09-30,M-C,gen9championsvgc2026regmcbo3,1500,Politoed,Kommo-o,11.508
2026-09-30,M-C,gen9championsvgc2026regmcbo3,1500,Sinistcha,Incineroar,49.595
2026-09-30,M-C,gen9championsvgc2026regmcbo3,1500,Sinistcha,Sneasler,40.452
2026-09-30,M-C,gen9championsvgc2026regmcbo3,1500,Sinistcha,Delphox-Mega,37.532
2026-09-30,M-C,gen9championsvgc2026regmcbo3,1500,Sinistcha,Kingambit,29.325
2026-09-30,M-C,gen9championsvgc2026regmcbo3,1500,Sinistcha,Floette-Mega,22.304
2026-09-30,M-C,gen9championsvgc2026regmcbo3,1500,Sinistcha,Indeedee-F,17.838
2026-09-30,M-C,gen9championsvgc2026regmcbo3,1500,Sinistcha,Blastoise-Mega,15.653
2026-09-30,M-C,gen9championsvgc2026regmcbo3,1500,Sinistcha,Golisopod-Mega,14.635
2026-09-30,M-C,gen9championsvgc2026regmcbo3,1500,Sinistcha,Pelipper,13.86
2026-09-30,M-C,gen9championsvgc2026regmcbo3,1500,Sinistcha,Archaludon,12.906
2026-09-30,M-C,gen9championsvgc2026regmcbo3,1500,Metagross-Mega,Sneasler,49.559
2026-09-30,M-C,gen9championsvgc2026regmcbo3,1500,Metagross-Mega,Rillaboom,37.641
2026-09-30,M-C,gen9championsvgc2026regmcbo3,1500,Metagross-Mega,Milotic,31.224
2026-09-30,M-C,gen9championsvgc2026regmcbo3,1500,Metagross-Mega,Arcanine-Hisui,28.291
2026-09-30,M-C,gen9championsvgc2026regmcbo3,1500,Metagross-Mega,Incineroar,25.98
2026-09-30,M-C,gen9championsvgc2026regmcbo3,1500,Metagross-Mega,Salamence-Mega,25.74
2026-09-30,M-C,gen9championsvgc2026regmcbo3,1500,Metagross-Mega,Indeedee-F,24.169
2026-09-30,M-C,gen9championsvgc2026regmcbo3,1500,Metagross-Mega,Indeedee,22.023
2026-09-30,M-C,gen9championsvgc2026regmcbo3,1500,Metagross-Mega,Volcarona,15.673
2026-09-30,M-C,gen9championsvgc2026regmcbo3,1500,Metagross-Mega,Garchomp-Mega-Z,15.578
2026-09-30,M-C,gen9championsvgc2026regmcbo3,1500,Grimmsnarl,Archaludon,72.877
2026-09-30,M-C,gen9championsvgc2026regmcbo3,1500,Grimmsnarl,Pelipper,54.553
2026-09-30,M-C,gen9championsvgc2026regmcbo3,1500,Grimmsnarl,Charizard-Mega-Y,52.31
2026-09-30,M-C,gen9championsvgc2026regmcbo3,1500,Grimmsnarl,Golisopod-Mega,42.805
2026-09-30,M-C,gen9championsvgc2026regmcbo3,1500,Grimmsnarl,Venusaur,29.4
2026-09-30,M-C,gen9championsvgc2026regmcbo3,1500,Grimmsnarl,Swampert-Mega,27.682
2026-09-30,M-C,gen9championsvgc2026regmcbo3,1500,Grimmsnarl,Farigiraf,23.954
2026-09-30,M-C,gen9championsvgc2026regmcbo3,1500,Grimmsnarl,Politoed,20.221
2026-09-30,M-C,gen9championsvgc2026regmcbo3,1500,Grimmsnarl,Rillaboom,11.353
2026-09-30,M-C,gen9championsvgc2026regmcbo3,1500,Grimmsnarl,Garchomp-Mega-Z,9.9
2026-09-30,M-C,gen9championsvgc2026regmcbo3,1500,Kommo-o,Rillaboom,44.096
2026-09-30,M-C,gen9championsvgc2026regmcbo3,1500,Kommo-o,Incineroar,41.785
2026-09-30,M-C,gen9championsvgc2026regmcbo3,1500,Kommo-o,Kingambit,29.27
2026-09-30,M-C,gen9championsvgc2026regmcbo3,1500,Kommo-o,Gengar-Mega,26.754
2026-09-30,M-C,gen9championsvgc2026regmcbo3,1500,Kommo-o,Indeedee-F,23.012
2026-09-30,M-C,gen9championsvgc2026regmcbo3,1500,Kommo-o,Whimsicott,20.487
2026-09-30,M-C,gen9championsvgc2026regmcbo3,1500,Kommo-o,Basculegion,18.886
2026-09-30,M-C,gen9championsvgc2026regmcbo3,1500,Kommo-o,Gardevoir-Mega,18.108
2026-09-30,M-C,gen9championsvgc2026regmcbo3,1500,Kommo-o,Sneasler,16.741
2026-09-30,M-C,gen9championsvgc2026regmcbo3,1500,Kommo-o,Charizard-Mega-Y,15.779
2026-09-30,M-C,gen9championsvgc2026regmcbo3,1500,Armarouge,Indeedee-F,82.345
2026-09-30,M-C,gen9championsvgc2026regmcbo3,1500,Armarouge,Sneasler,39.359
2026-09-30,M-C,gen9championsvgc2026regmcbo3,1500,Armarouge,Kingambit,24.162
2026-09-30,M-C,gen9championsvgc2026regmcbo3,1500,Armarouge,Staraptor-Mega,21.97
2026-09-30,M-C,gen9championsvgc2026regmcbo3,1500,Armarouge,Gardevoir-Mega,20.451
2026-09-30,M-C,gen9championsvgc2026regmcbo3,1500,Armarouge,Milotic,18.755
2026-09-30,M-C,gen9championsvgc2026regmcbo3,1500,Armarouge,Golisopod-Mega,18.22
2026-09-30,M-C,gen9championsvgc2026regmcbo3,1500,Armarouge,Torkoal,17.495
2026-09-30,M-C,gen9championsvgc2026regmcbo3,1500,Armarouge,Salamence-Mega,16.321
2026-09-30,M-C,gen9championsvgc2026regmcbo3,1500,Armarouge,Dragapult,12.058
2026-09-30,M-C,gen9championsvgc2026regmcbo3,1500,Delphox-Mega,Sneasler,58.814
2026-09-30,M-C,gen9championsvgc2026regmcbo3,1500,Delphox-Mega,Incineroar,55.725
2026-09-30,M-C,gen9championsvgc2026regmcbo3,1500,Delphox-Mega,Sinistcha,49.124
2026-09-30,M-C,gen9championsvgc2026regmcbo3,1500,Delphox-Mega,Kingambit,48.809
2026-09-30,M-C,gen9championsvgc2026regmcbo3,1500,Delphox-Mega,Rillaboom,28.356
2026-09-30,M-C,gen9championsvgc2026regmcbo3,1500,Delphox-Mega,Floette-Mega,26.739
2026-09-30,M-C,gen9championsvgc2026regmcbo3,1500,Delphox-Mega,Indeedee-F,19.55
2026-09-30,M-C,gen9championsvgc2026regmcbo3,1500,Delphox-Mega,Blastoise-Mega,17.224
2026-09-30,M-C,gen9championsvgc2026regmcbo3,1500,Delphox-Mega,Maushold,13.208
2026-09-30,M-C,gen9championsvgc2026regmcbo3,1500,Delphox-Mega,Garchomp,11.321
2026-09-30,M-C,gen9championsvgc2026regmcbo3,1500,Dragonite-Mega,Sneasler,66.273
2026-09-30,M-C,gen9championsvgc2026regmcbo3,1500,Dragonite-Mega,Rillaboom,64.764
2026-09-30,M-C,gen9championsvgc2026regmcbo3,1500,Dragonite-Mega,Incineroar,59.372
2026-09-30,M-C,gen9championsvgc2026regmcbo3,1500,Dragonite-Mega,Gholdengo,51.379
2026-09-30,M-C,gen9championsvgc2026regmcbo3,1500,Dragonite-Mega,Floette-Mega,43.229
2026-09-30,M-C,gen9championsvgc2026regmcbo3,1500,Dragonite-Mega,Basculegion,17.672
2026-09-30,M-C,gen9championsvgc2026regmcbo3,1500,Dragonite-Mega,Kingambit,16.977
2026-09-30,M-C,gen9championsvgc2026regmcbo3,1500,Dragonite-Mega,Raichu-Mega-Y,9.858
2026-09-30,M-C,gen9championsvgc2026regmcbo3,1500,Dragonite-Mega,Farigiraf,9.85
2026-09-30,M-C,gen9championsvgc2026regmcbo3,1500,Dragonite-Mega,Arcanine-Hisui,7.405
2026-09-30,M-C,gen9championsvgc2026regmcbo3,1500,Venusaur,Charizard-Mega-Y,83.623
2026-09-30,M-C,gen9championsvgc2026regmcbo3,1500,Venusaur,Archaludon,45.031
2026-09-30,M-C,gen9championsvgc2026regmcbo3,1500,Venusaur,Pelipper,44.157
2026-09-30,M-C,gen9championsvgc2026regmcbo3,1500,Venusaur,Grimmsnarl,41.152
2026-09-30,M-C,gen9championsvgc2026regmcbo3,1500,Venusaur,Incineroar,23.261
2026-09-30,M-C,gen9championsvgc2026regmcbo3,1500,Venusaur,Swampert-Mega,22.658
2026-09-30,M-C,gen9championsvgc2026regmcbo3,1500,Venusaur,Garchomp,19.293
2026-09-30,M-C,gen9championsvgc2026regmcbo3,1500,Venusaur,Sylveon,15.06
2026-09-30,M-C,gen9championsvgc2026regmcbo3,1500,Venusaur,Farigiraf,12.463
2026-09-30,M-C,gen9championsvgc2026regmcbo3,1500,Venusaur,Indeedee-F,11.981
2026-09-30,M-C,gen9championsvgc2026regmcbo3,1500,Torkoal,Indeedee-F,53.205
2026-09-30,M-C,gen9championsvgc2026regmcbo3,1500,Torkoal,Farigiraf,41.813
2026-09-30,M-C,gen9championsvgc2026regmcbo3,1500,Torkoal,Kingambit,26.23
2026-09-30,M-C,gen9championsvgc2026regmcbo3,1500,Torkoal,Sneasler,25.774
2026-09-30,M-C,gen9championsvgc2026regmcbo3,1500,Torkoal,Incineroar,23.354
2026-09-30,M-C,gen9championsvgc2026regmcbo3,1500,Torkoal,Armarouge,22.643
2026-09-30,M-C,gen9championsvgc2026regmcbo3,1500,Torkoal,Gardevoir-Mega,20.634
2026-09-30,M-C,gen9championsvgc2026regmcbo3,1500,Torkoal,Hatterene,19.242
2026-09-30,M-C,gen9championsvgc2026regmcbo3,1500,Torkoal,Sylveon,12.825
2026-09-30,M-C,gen9championsvgc2026regmcbo3,1500,Torkoal,Golisopod-Mega,11.886
2026-09-30,M-C,gen9championsvgc2026regmcbo3,1500,Swampert-Mega,Pelipper,76.27
2026-09-30,M-C,gen9championsvgc2026regmcbo3,1500,Swampert-Mega,Archaludon,74.79
2026-09-30,M-C,gen9championsvgc2026regmcbo3,1500,Swampert-Mega,Grimmsnarl,38.83
2026-09-30,M-C,gen9championsvgc2026regmcbo3,1500,Swampert-Mega,Golisopod-Mega,26.602
2026-09-30,M-C,gen9championsvgc2026regmcbo3,1500,Swampert-Mega,Charizard-Mega-Y,23.721
2026-09-30,M-C,gen9championsvgc2026regmcbo3,1500,Swampert-Mega,Venusaur,22.706
2026-09-30,M-C,gen9championsvgc2026regmcbo3,1500,Swampert-Mega,Rillaboom,20.437
2026-09-30,M-C,gen9championsvgc2026regmcbo3,1500,Swampert-Mega,Incineroar,17.449
2026-09-30,M-C,gen9championsvgc2026regmcbo3,1500,Swampert-Mega,Farigiraf,15.013
2026-09-30,M-C,gen9championsvgc2026regmcbo3,1500,Swampert-Mega,Sneasler,14.508
2026-09-30,M-C,gen9championsvgc2026regmcbo3,1500,Primarina,Rillaboom,63.74
2026-09-30,M-C,gen9championsvgc2026regmcbo3,1500,Primarina,Raichu-Mega-Y,35.197
2026-09-30,M-C,gen9championsvgc2026regmcbo3,1500,Primarina,Gholdengo,32.108
2026-09-30,M-C,gen9championsvgc2026regmcbo3,1500,Primarina,Salamence-Mega,28.288
2026-09-30,M-C,gen9championsvgc2026regmcbo3,1500,Primarina,Incineroar,28.028
2026-09-30,M-C,gen9championsvgc2026regmcbo3,1500,Primarina,Sneasler,23.146
2026-09-30,M-C,gen9championsvgc2026regmcbo3,1500,Primarina,Arcanine-Hisui,22.216
2026-09-30,M-C,gen9championsvgc2026regmcbo3,1500,Primarina,Kingambit,17.212
2026-09-30,M-C,gen9championsvgc2026regmcbo3,1500,Primarina,Farigiraf,16.943
2026-09-30,M-C,gen9championsvgc2026regmcbo3,1500,Primarina,Staraptor-Mega,15.439
2026-09-30,M-C,gen9championsvgc2026regmcbo3,1500,Lucario-Mega-Z,Rillaboom,63.825
2026-09-30,M-C,gen9championsvgc2026regmcbo3,1500,Lucario-Mega-Z,Incineroar,49.538
2026-09-30,M-C,gen9championsvgc2026regmcbo3,1500,Lucario-Mega-Z,Basculegion,33.574
2026-09-30,M-C,gen9championsvgc2026regmcbo3,1500,Lucario-Mega-Z,Salamence-Mega,30.701
2026-09-30,M-C,gen9championsvgc2026regmcbo3,1500,Lucario-Mega-Z,Sneasler,20.858
2026-09-30,M-C,gen9championsvgc2026regmcbo3,1500,Lucario-Mega-Z,Indeedee-F,13.889
2026-09-30,M-C,gen9championsvgc2026regmcbo3,1500,Lucario-Mega-Z,Kingambit,12.608
2026-09-30,M-C,gen9championsvgc2026regmcbo3,1500,Lucario-Mega-Z,Sylveon,11.643
2026-09-30,M-C,gen9championsvgc2026regmcbo3,1500,Lucario-Mega-Z,Arcanine-Hisui,11.319
2026-09-30,M-C,gen9championsvgc2026regmcbo3,1500,Lucario-Mega-Z,Volcarona,9.372
2026-09-30,M-C,gen9championsvgc2026regmcbo3,1500,Glimmora-Mega,Rillaboom,48.442
2026-09-30,M-C,gen9championsvgc2026regmcbo3,1500,Glimmora-Mega,Kingambit,39.228
2026-09-30,M-C,gen9championsvgc2026regmcbo3,1500,Glimmora-Mega,Volcarona,36.655
2026-09-30,M-C,gen9championsvgc2026regmcbo3,1500,Glimmora-Mega,Basculegion,35.922
2026-09-30,M-C,gen9championsvgc2026regmcbo3,1500,Glimmora-Mega,Whimsicott,23.235
2026-09-30,M-C,gen9championsvgc2026regmcbo3,1500,Glimmora-Mega,Salamence-Mega,23.076
2026-09-30,M-C,gen9championsvgc2026regmcbo3,1500,Glimmora-Mega,Incineroar,18.876
2026-09-30,M-C,gen9championsvgc2026regmcbo3,1500,Glimmora-Mega,Kommo-o,14.695
2026-09-30,M-C,gen9championsvgc2026regmcbo3,1500,Glimmora-Mega,Charizard-Mega-Y,13.895
2026-09-30,M-C,gen9championsvgc2026regmcbo3,1500,Glimmora-Mega,Garchomp,12.279
2026-09-30,M-C,gen9championsvgc2026regmcbo3,1500,Annihilape,Rillaboom,38.591
2026-09-30,M-C,gen9championsvgc2026regmcbo3,1500,Annihilape,Incineroar,21.918
2026-09-30,M-C,gen9championsvgc2026regmcbo3,1500,Annihilape,Indeedee-F,21.891
2026-09-30,M-C,gen9championsvgc2026regmcbo3,1500,Annihilape,Salamence-Mega,18.874
2026-09-30,M-C,gen9championsvgc2026regmcbo3,1500,Annihilape,Gholdengo,15.646
2026-09-30,M-C,gen9championsvgc2026regmcbo3,1500,Annihilape,Raichu-Mega-Y,14.883
2026-09-30,M-C,gen9championsvgc2026regmcbo3,1500,Annihilape,Golisopod-Mega,14.788
2026-09-30,M-C,gen9championsvgc2026regmcbo3,1500,Annihilape,Arcanine-Hisui,13.683
2026-09-30,M-C,gen9championsvgc2026regmcbo3,1500,Annihilape,Sneasler,13.456
2026-09-30,M-C,gen9championsvgc2026regmcbo3,1500,Annihilape,Farigiraf,12.812
2026-09-30,M-C,gen9championsvgc2026regmcbo3,1500,Aerodactyl-Mega,Kingambit,58.102
2026-09-30,M-C,gen9championsvgc2026regmcbo3,1500,Aerodactyl-Mega,Charizard-Mega-Y,54.146
2026-09-30,M-C,gen9championsvgc2026regmcbo3,1500,Aerodactyl-Mega,Sylveon,52.529
2026-09-30,M-C,gen9championsvgc2026regmcbo3,1500,Aerodactyl-Mega,Garchomp,49.139
2026-09-30,M-C,gen9championsvgc2026regmcbo3,1500,Aerodactyl-Mega,Farigiraf,47.696
2026-09-30,M-C,gen9championsvgc2026regmcbo3,1500,Aerodactyl-Mega,Rillaboom,28.679
2026-09-30,M-C,gen9championsvgc2026regmcbo3,1500,Aerodactyl-Mega,Incineroar,24.365
2026-09-30,M-C,gen9championsvgc2026regmcbo3,1500,Aerodactyl-Mega,Sneasler,15.919
2026-09-30,M-C,gen9championsvgc2026regmcbo3,1500,Aerodactyl-Mega,Gholdengo,11.391
2026-09-30,M-C,gen9championsvgc2026regmcbo3,1500,Aerodactyl-Mega,Basculegion,7.57
2026-09-30,M-C,gen9championsvgc2026regmcbo3,1500,Corviknight,Sneasler,65.759
2026-09-30,M-C,gen9championsvgc2026regmcbo3,1500,Corviknight,Tyranitar-Mega,65.504
2026-09-30,M-C,gen9championsvgc2026regmcbo3,1500,Corviknight,Excadrill,61.981
2026-09-30,M-C,gen9championsvgc2026regmcbo3,1500,Corviknight,Indeedee,60.067
2026-09-30,M-C,gen9championsvgc2026regmcbo3,1500,Corviknight,Salamence-Mega,52.579
2026-09-30,M-C,gen9championsvgc2026regmcbo3,1500,Corviknight,Indeedee-F,10.165
2026-09-30,M-C,gen9championsvgc2026regmcbo3,1500,Corviknight,Incineroar,7.13
2026-09-30,M-C,gen9championsvgc2026regmcbo3,1500,Corviknight,Rillaboom,7.108
2026-09-30,M-C,gen9championsvgc2026regmcbo3,1500,Corviknight,Garchomp,6.294
2026-09-30,M-C,gen9championsvgc2026regmcbo3,1500,Corviknight,Gardevoir-Mega,5.94
2026-09-30,M-C,gen9championsvgc2026regmcbo3,1500,Dragapult,Indeedee-F,46.666
2026-09-30,M-C,gen9championsvgc2026regmcbo3,1500,Dragapult,Milotic,34.942
2026-09-30,M-C,gen9championsvgc2026regmcbo3,1500,Dragapult,Staraptor-Mega,28.919
2026-09-30,M-C,gen9championsvgc2026regmcbo3,1500,Dragapult,Rillaboom,24.318
2026-09-30,M-C,gen9championsvgc2026regmcbo3,1500,Dragapult,Armarouge,24.098
2026-09-30,M-C,gen9championsvgc2026regmcbo3,1500,Dragapult,Sneasler,22.91
2026-09-30,M-C,gen9championsvgc2026regmcbo3,1500,Dragapult,Kingambit,16.283
2026-09-30,M-C,gen9championsvgc2026regmcbo3,1500,Dragapult,Metagross-Mega,15.584
2026-09-30,M-C,gen9championsvgc2026regmcbo3,1500,Dragapult,Arcanine-Hisui,15.057
2026-09-30,M-C,gen9championsvgc2026regmcbo3,1500,Dragapult,Volcarona,14.321
2026-09-30,M-C,gen9championsvgc2026regmcbo3,1500,Camerupt-Mega,Farigiraf,69.225
2026-09-30,M-C,gen9championsvgc2026regmcbo3,1500,Camerupt-Mega,Indeedee-F,57.299
2026-09-30,M-C,gen9championsvgc2026regmcbo3,1500,Camerupt-Mega,Kingambit,48.553
2026-09-30,M-C,gen9championsvgc2026regmcbo3,1500,Camerupt-Mega,Incineroar,44.026
2026-09-30,M-C,gen9championsvgc2026regmcbo3,1500,Camerupt-Mega,Hatterene,39.59
2026-09-30,M-C,gen9championsvgc2026regmcbo3,1500,Camerupt-Mega,Rillaboom,16.727
2026-09-30,M-C,gen9championsvgc2026regmcbo3,1500,Camerupt-Mega,Sylveon,13.205
2026-09-30,M-C,gen9championsvgc2026regmcbo3,1500,Camerupt-Mega,Gallade,8.705
2026-09-30,M-C,gen9championsvgc2026regmcbo3,1500,Camerupt-Mega,Sneasler,8.677
2026-09-30,M-C,gen9championsvgc2026regmcbo3,1500,Camerupt-Mega,Golisopod-Mega,8.521
2026-09-30,M-C,gen9championsvgc2026regmcbo3,1500,Ninetales-Alola,Rillaboom,53.463
2026-09-30,M-C,gen9championsvgc2026regmcbo3,1500,Ninetales-Alola,Incineroar,40.48
2026-09-30,M-C,gen9championsvgc2026regmcbo3,1500,Ninetales-Alola,Sneasler,29.768
2026-09-30,M-C,gen9championsvgc2026regmcbo3,1500,Ninetales-Alola,Baxcalibur-Mega,23.175
2026-09-30,M-C,gen9championsvgc2026regmcbo3,1500,Ninetales-Alola,Kingambit,21.537
2026-09-30,M-C,gen9championsvgc2026regmcbo3,1500,Ninetales-Alola,Gholdengo,17.776
2026-09-30,M-C,gen9championsvgc2026regmcbo3,1500,Ninetales-Alola,Salamence-Mega,17.309
2026-09-30,M-C,gen9championsvgc2026regmcbo3,1500,Ninetales-Alola,Raichu-Mega-Y,14.53
2026-09-30,M-C,gen9championsvgc2026regmcbo3,1500,Ninetales-Alola,Basculegion,14.199
2026-09-30,M-C,gen9championsvgc2026regmcbo3,1500,Ninetales-Alola,Gengar-Mega,12.945
2026-09-30,M-C,gen9championsvgc2026regmcbo3,1500,Pawmot,Rillaboom,38.361
2026-09-30,M-C,gen9championsvgc2026regmcbo3,1500,Pawmot,Incineroar,35.023
2026-09-30,M-C,gen9championsvgc2026regmcbo3,1500,Pawmot,Kingambit,24.383
2026-09-30,M-C,gen9championsvgc2026regmcbo3,1500,Pawmot,Basculegion,20.651
2026-09-30,M-C,gen9championsvgc2026regmcbo3,1500,Pawmot,Farigiraf,19.203
2026-09-30,M-C,gen9championsvgc2026regmcbo3,1500,Pawmot,Golisopod-Mega,18.508
2026-09-30,M-C,gen9championsvgc2026regmcbo3,1500,Pawmot,Salamence-Mega,18.238
2026-09-30,M-C,gen9championsvgc2026regmcbo3,1500,Pawmot,Indeedee-F,15.556
2026-09-30,M-C,gen9championsvgc2026regmcbo3,1500,Pawmot,Froslass-Mega,14.437
2026-09-30,M-C,gen9championsvgc2026regmcbo3,1500,Pawmot,Gholdengo,12.647
2026-09-30,M-C,gen9championsvgc2026regmcbo3,1500,Ceruledge,Rillaboom,70.432
2026-09-30,M-C,gen9championsvgc2026regmcbo3,1500,Ceruledge,Raichu-Mega-Y,55.627
2026-09-30,M-C,gen9championsvgc2026regmcbo3,1500,Ceruledge,Milotic,53.121
2026-09-30,M-C,gen9championsvgc2026regmcbo3,1500,Ceruledge,Gholdengo,43.357
2026-09-30,M-C,gen9championsvgc2026regmcbo3,1500,Ceruledge,Staraptor-Mega,35.665
2026-09-30,M-C,gen9championsvgc2026regmcbo3,1500,Ceruledge,Salamence-Mega,21.263
2026-09-30,M-C,gen9championsvgc2026regmcbo3,1500,Ceruledge,Sneasler,18.459
2026-09-30,M-C,gen9championsvgc2026regmcbo3,1500,Ceruledge,Kingambit,15.26
2026-09-30,M-C,gen9championsvgc2026regmcbo3,1500,Ceruledge,Indeedee-F,10.82
2026-09-30,M-C,gen9championsvgc2026regmcbo3,1500,Ceruledge,Gardevoir-Mega,8.353
2026-09-30,M-C,gen9championsvgc2026regmcbo3,1500,Baxcalibur-Mega,Rillaboom,54.293
2026-09-30,M-C,gen9championsvgc2026regmcbo3,1500,Baxcalibur-Mega,Sneasler,48.266
2026-09-30,M-C,gen9championsvgc2026regmcbo3,1500,Baxcalibur-Mega,Incineroar,39.137
2026-09-30,M-C,gen9championsvgc2026regmcbo3,1500,Baxcalibur-Mega,Ninetales-Alola,24.526
2026-09-30,M-C,gen9championsvgc2026regmcbo3,1500,Baxcalibur-Mega,Basculegion,23.838
2026-09-30,M-C,gen9championsvgc2026regmcbo3,1500,Baxcalibur-Mega,Kingambit,21.451
2026-09-30,M-C,gen9championsvgc2026regmcbo3,1500,Baxcalibur-Mega,Volcarona,19.758
2026-09-30,M-C,gen9championsvgc2026regmcbo3,1500,Baxcalibur-Mega,Gholdengo,19.038
2026-09-30,M-C,gen9championsvgc2026regmcbo3,1500,Baxcalibur-Mega,Milotic,16.818
2026-09-30,M-C,gen9championsvgc2026regmcbo3,1500,Baxcalibur-Mega,Raichu-Mega-Y,10.338
2026-09-30,M-C,gen9championsvgc2026regmcbo3,1500,Hatterene,Indeedee-F,80.705
2026-09-30,M-C,gen9championsvgc2026regmcbo3,1500,Hatterene,Farigiraf,45.856
2026-09-30,M-C,gen9championsvgc2026regmcbo3,1500,Hatterene,Camerupt-Mega,42.179
2026-09-30,M-C,gen9championsvgc2026regmcbo3,1500,Hatterene,Kingambit,39.642
2026-09-30,M-C,gen9championsvgc2026regmcbo3,1500,Hatterene,Incineroar,39.118
2026-09-30,M-C,gen9championsvgc2026regmcbo3,1500,Hatterene,Torkoal,32.329
2026-09-30,M-C,gen9championsvgc2026regmcbo3,1500,Hatterene,Golisopod-Mega,19.093
2026-09-30,M-C,gen9championsvgc2026regmcbo3,1500,Hatterene,Armarouge,11.445
2026-09-30,M-C,gen9championsvgc2026regmcbo3,1500,Hatterene,Gallade,9.962
2026-09-30,M-C,gen9championsvgc2026regmcbo3,1500,Hatterene,Sneasler,7.74
2026-09-30,M-C,gen9championsvgc2026regmcbo3,1500,Blastoise-Mega,Indeedee-F,56.007
2026-09-30,M-C,gen9championsvgc2026regmcbo3,1500,Blastoise-Mega,Sneasler,54.694
2026-09-30,M-C,gen9championsvgc2026regmcbo3,1500,Blastoise-Mega,Incineroar,45.796
2026-09-30,M-C,gen9championsvgc2026regmcbo3,1500,Blastoise-Mega,Sinistcha,43.006
2026-09-30,M-C,gen9championsvgc2026regmcbo3,1500,Blastoise-Mega,Delphox-Mega,36.155
2026-09-30,M-C,gen9championsvgc2026regmcbo3,1500,Blastoise-Mega,Rillaboom,28.13
2026-09-30,M-C,gen9championsvgc2026regmcbo3,1500,Blastoise-Mega,Maushold,20.351
2026-09-30,M-C,gen9championsvgc2026regmcbo3,1500,Blastoise-Mega,Kingambit,17.546
2026-09-30,M-C,gen9championsvgc2026regmcbo3,1500,Blastoise-Mega,Farigiraf,11.619
2026-09-30,M-C,gen9championsvgc2026regmcbo3,1500,Blastoise-Mega,Floette-Mega,9.687
2026-09-30,M-C,gen9championsvgc2026regmcbo3,1500,Maushold,Rillaboom,35.919
2026-09-30,M-C,gen9championsvgc2026regmcbo3,1500,Maushold,Incineroar,34.091
2026-09-30,M-C,gen9championsvgc2026regmcbo3,1500,Maushold,Sneasler,33.013
2026-09-30,M-C,gen9championsvgc2026regmcbo3,1500,Maushold,Delphox-Mega,29.79
2026-09-30,M-C,gen9championsvgc2026regmcbo3,1500,Maushold,Sinistcha,25.592
2026-09-30,M-C,gen9championsvgc2026regmcbo3,1500,Maushold,Indeedee-F,22.974
2026-09-30,M-C,gen9championsvgc2026regmcbo3,1500,Maushold,Blastoise-Mega,21.867
2026-09-30,M-C,gen9championsvgc2026regmcbo3,1500,Maushold,Gengar-Mega,13.17
2026-09-30,M-C,gen9championsvgc2026regmcbo3,1500,Maushold,Gholdengo,10.574
2026-09-30,M-C,gen9championsvgc2026regmcbo3,1500,Maushold,Salamence-Mega,10.424
2026-09-30,M-C,gen9championsvgc2026regmcbo3,1500,Talonflame,Sneasler,41.018
2026-09-30,M-C,gen9championsvgc2026regmcbo3,1500,Talonflame,Indeedee-F,34.089
2026-09-30,M-C,gen9championsvgc2026regmcbo3,1500,Talonflame,Gardevoir-Mega,32.281
2026-09-30,M-C,gen9championsvgc2026regmcbo3,1500,Talonflame,Basculegion,26.104
2026-09-30,M-C,gen9championsvgc2026regmcbo3,1500,Talonflame,Kingambit,23.09
2026-09-30,M-C,gen9championsvgc2026regmcbo3,1500,Talonflame,Rillaboom,18.466
2026-09-30,M-C,gen9championsvgc2026regmcbo3,1500,Talonflame,Kommo-o,15.023
2026-09-30,M-C,gen9championsvgc2026regmcbo3,1500,Talonflame,Garchomp,13.664
2026-09-30,M-C,gen9championsvgc2026regmcbo3,1500,Talonflame,Armarouge,13.556
2026-09-30,M-C,gen9championsvgc2026regmcbo3,1500,Talonflame,Froslass-Mega,12.929
2026-09-30,M-C,gen9championsvgc2026regmcbo3,1500,Vivillon,Incineroar,69.286
2026-09-30,M-C,gen9championsvgc2026regmcbo3,1500,Vivillon,Rillaboom,65.943
2026-09-30,M-C,gen9championsvgc2026regmcbo3,1500,Vivillon,Gengar-Mega,64.065
2026-09-30,M-C,gen9championsvgc2026regmcbo3,1500,Vivillon,Politoed,57.674
2026-09-30,M-C,gen9championsvgc2026regmcbo3,1500,Vivillon,Archaludon,45.27
2026-09-30,M-C,gen9championsvgc2026regmcbo3,1500,Vivillon,Kommo-o,14.935
2026-09-30,M-C,gen9championsvgc2026regmcbo3,1500,Vivillon,Farigiraf,14.363
2026-09-30,M-C,gen9championsvgc2026regmcbo3,1500,Vivillon,Kingambit,11.229
2026-09-30,M-C,gen9championsvgc2026regmcbo3,1500,Vivillon,Camerupt-Mega,8.723
2026-09-30,M-C,gen9championsvgc2026regmcbo3,1500,Vivillon,Sylveon,6.891
2026-09-30,M-C,gen9championsvgc2026regmcbo3,1500,Glimmora,Rillaboom,44.477
2026-09-30,M-C,gen9championsvgc2026regmcbo3,1500,Glimmora,Kingambit,31.161
2026-09-30,M-C,gen9championsvgc2026regmcbo3,1500,Glimmora,Incineroar,26.204
2026-09-30,M-C,gen9championsvgc2026regmcbo3,1500,Glimmora,Salamence-Mega,22.396
2026-09-30,M-C,gen9championsvgc2026regmcbo3,1500,Glimmora,Staraptor-Mega,21.594
2026-09-30,M-C,gen9championsvgc2026regmcbo3,1500,Glimmora,Indeedee-F,18.949
2026-09-30,M-C,gen9championsvgc2026regmcbo3,1500,Glimmora,Whimsicott,18.002
2026-09-30,M-C,gen9championsvgc2026regmcbo3,1500,Glimmora,Basculegion,14.046
2026-09-30,M-C,gen9championsvgc2026regmcbo3,1500,Glimmora,Farigiraf,13.28
2026-09-30,M-C,gen9championsvgc2026regmcbo3,1500,Glimmora,Volcarona,12.838
2026-09-30,M-C,gen9championsvgc2026regmcbo3,1500,Tyranitar,Salamence-Mega,45.141
2026-09-30,M-C,gen9championsvgc2026regmcbo3,1500,Tyranitar,Sneasler,40.257
2026-09-30,M-C,gen9championsvgc2026regmcbo3,1500,Tyranitar,Excadrill,39.425
2026-09-30,M-C,gen9championsvgc2026regmcbo3,1500,Tyranitar,Rillaboom,27.199
2026-09-30,M-C,gen9championsvgc2026regmcbo3,1500,Tyranitar,Indeedee-F,21.617
2026-09-30,M-C,gen9championsvgc2026regmcbo3,1500,Tyranitar,Gholdengo,17.678
2026-09-30,M-C,gen9championsvgc2026regmcbo3,1500,Tyranitar,Milotic,16.847
2026-09-30,M-C,gen9championsvgc2026regmcbo3,1500,Tyranitar,Indeedee,14.749
2026-09-30,M-C,gen9championsvgc2026regmcbo3,1500,Tyranitar,Farigiraf,14.099
2026-09-30,M-C,gen9championsvgc2026regmcbo3,1500,Tyranitar,Incineroar,12.398
2026-09-30,M-C,gen9championsvgc2026regmcbo3,1500,Hydreigon,Rillaboom,33.268
2026-09-30,M-C,gen9championsvgc2026regmcbo3,1500,Hydreigon,Sneasler,26.874
2026-09-30,M-C,gen9championsvgc2026regmcbo3,1500,Hydreigon,Indeedee-F,22.216
2026-09-30,M-C,gen9championsvgc2026regmcbo3,1500,Hydreigon,Metagross-Mega,20.5
2026-09-30,M-C,gen9championsvgc2026regmcbo3,1500,Hydreigon,Incineroar,17.999
2026-09-30,M-C,gen9championsvgc2026regmcbo3,1500,Hydreigon,Charizard-Mega-Y,17.013
2026-09-30,M-C,gen9championsvgc2026regmcbo3,1500,Hydreigon,Milotic,13.668
2026-09-30,M-C,gen9championsvgc2026regmcbo3,1500,Hydreigon,Raichu-Mega-Y,13.429
2026-09-30,M-C,gen9championsvgc2026regmcbo3,1500,Hydreigon,Golisopod-Mega,12.471
2026-09-30,M-C,gen9championsvgc2026regmcbo3,1500,Hydreigon,Basculegion,11.429
2026-09-30,M-C,gen9championsvgc2026regmcbo3,1500,Blaziken-Mega,Rillaboom,57.127
2026-09-30,M-C,gen9championsvgc2026regmcbo3,1500,Blaziken-Mega,Kingambit,54.057
2026-09-30,M-C,gen9championsvgc2026regmcbo3,1500,Blaziken-Mega,Basculegion,21.643
2026-09-30,M-C,gen9championsvgc2026regmcbo3,1500,Blaziken-Mega,Farigiraf,19.706
2026-09-30,M-C,gen9championsvgc2026regmcbo3,1500,Blaziken-Mega,Milotic,19.478
2026-09-30,M-C,gen9championsvgc2026regmcbo3,1500,Blaziken-Mega,Indeedee-F,18.757
2026-09-30,M-C,gen9championsvgc2026regmcbo3,1500,Blaziken-Mega,Sneasler,18.706
2026-09-30,M-C,gen9championsvgc2026regmcbo3,1500,Blaziken-Mega,Froslass-Mega,17.795
2026-09-30,M-C,gen9championsvgc2026regmcbo3,1500,Blaziken-Mega,Salamence-Mega,17.687
2026-09-30,M-C,gen9championsvgc2026regmcbo3,1500,Blaziken-Mega,Gholdengo,16.494
2026-09-30,M-C,gen9championsvgc2026regmcbo3,1500,Absol-Mega-Z,Sneasler,42.119
2026-09-30,M-C,gen9championsvgc2026regmcbo3,1500,Absol-Mega-Z,Rillaboom,37.003
2026-09-30,M-C,gen9championsvgc2026regmcbo3,1500,Absol-Mega-Z,Incineroar,27.729
2026-09-30,M-C,gen9championsvgc2026regmcbo3,1500,Absol-Mega-Z,Indeedee-F,23.846
2026-09-30,M-C,gen9championsvgc2026regmcbo3,1500,Absol-Mega-Z,Gholdengo,13.742
2026-09-30,M-C,gen9championsvgc2026regmcbo3,1500,Absol-Mega-Z,Salamence-Mega,12.38
2026-09-30,M-C,gen9championsvgc2026regmcbo3,1500,Absol-Mega-Z,Whimsicott,12.075
2026-09-30,M-C,gen9championsvgc2026regmcbo3,1500,Absol-Mega-Z,Armarouge,11.573
2026-09-30,M-C,gen9championsvgc2026regmcbo3,1500,Absol-Mega-Z,Milotic,10.784
2026-09-30,M-C,gen9championsvgc2026regmcbo3,1500,Absol-Mega-Z,Farigiraf,10.384
2026-09-30,M-C,gen9championsvgc2026regmcbo3,1500,Toxapex,Incineroar,60.978
2026-09-30,M-C,gen9championsvgc2026regmcbo3,1500,Toxapex,Charizard-Mega-Y,47.713
2026-09-30,M-C,gen9championsvgc2026regmcbo3,1500,Toxapex,Garchomp,39.988
2026-09-30,M-C,gen9championsvgc2026regmcbo3,1500,Toxapex,Rillaboom,34.426
2026-09-30,M-C,gen9championsvgc2026regmcbo3,1500,Toxapex,Venusaur,28.363
2026-09-30,M-C,gen9championsvgc2026regmcbo3,1500,Toxapex,Sylveon,28.027
2026-09-30,M-C,gen9championsvgc2026regmcbo3,1500,Toxapex,Kingambit,18.639
2026-09-30,M-C,gen9championsvgc2026regmcbo3,1500,Toxapex,Salamence-Mega,13.94
2026-09-30,M-C,gen9championsvgc2026regmcbo3,1500,Toxapex,Sneasler,10.921
2026-09-30,M-C,gen9championsvgc2026regmcbo3,1500,Toxapex,Floette-Mega,10.214
2026-09-30,M-C,gen9championsvgc2026regmcbo3,1500,Scovillain-Mega,Sneasler,49.963
2026-09-30,M-C,gen9championsvgc2026regmcbo3,1500,Scovillain-Mega,Kingambit,43.851
2026-09-30,M-C,gen9championsvgc2026regmcbo3,1500,Scovillain-Mega,Basculegion,39.746
2026-09-30,M-C,gen9championsvgc2026regmcbo3,1500,Scovillain-Mega,Froslass-Mega,32.153
2026-09-30,M-C,gen9championsvgc2026regmcbo3,1500,Scovillain-Mega,Rillaboom,24.389
2026-09-30,M-C,gen9championsvgc2026regmcbo3,1500,Scovillain-Mega,Lycanroc-Dusk,23.35
2026-09-30,M-C,gen9championsvgc2026regmcbo3,1500,Scovillain-Mega,Salamence-Mega,17.284
2026-09-30,M-C,gen9championsvgc2026regmcbo3,1500,Scovillain-Mega,Incineroar,14.139
2026-09-30,M-C,gen9championsvgc2026regmcbo3,1500,Scovillain-Mega,Archaludon,12.78
2026-09-30,M-C,gen9championsvgc2026regmcbo3,1500,Scovillain-Mega,Gholdengo,11.759
2026-09-30,M-C,gen9championsvgc2026regmcbo3,1500,Aerodactyl,Rillaboom,34.577
2026-09-30,M-C,gen9championsvgc2026regmcbo3,1500,Aerodactyl,Incineroar,33.245
2026-09-30,M-C,gen9championsvgc2026regmcbo3,1500,Aerodactyl,Charizard-Mega-Y,32.335
2026-09-30,M-C,gen9championsvgc2026regmcbo3,1500,Aerodactyl,Sneasler,24.463
2026-09-30,M-C,gen9championsvgc2026regmcbo3,1500,Aerodactyl,Garchomp,24.087
2026-09-30,M-C,gen9championsvgc2026regmcbo3,1500,Aerodactyl,Kingambit,24.061
2026-09-30,M-C,gen9championsvgc2026regmcbo3,1500,Aerodactyl,Indeedee-F,19.571
2026-09-30,M-C,gen9championsvgc2026regmcbo3,1500,Aerodactyl,Sylveon,18.449
2026-09-30,M-C,gen9championsvgc2026regmcbo3,1500,Aerodactyl,Basculegion,16.838
2026-09-30,M-C,gen9championsvgc2026regmcbo3,1500,Aerodactyl,Gardevoir-Mega,15.938
2026-09-30,M-C,gen9championsvgc2026regmcbo3,1500,Aegislash,Rillaboom,33.426
2026-09-30,M-C,gen9championsvgc2026regmcbo3,1500,Aegislash,Incineroar,28.89
2026-09-30,M-C,gen9championsvgc2026regmcbo3,1500,Aegislash,Salamence-Mega,19.477
2026-09-30,M-C,gen9championsvgc2026regmcbo3,1500,Aegislash,Charizard-Mega-Y,19.434
2026-09-30,M-C,gen9championsvgc2026regmcbo3,1500,Aegislash,Sneasler,18.978
2026-09-30,M-C,gen9championsvgc2026regmcbo3,1500,Aegislash,Garchomp,13.615
2026-09-30,M-C,gen9championsvgc2026regmcbo3,1500,Aegislash,Garchomp-Mega-Z,13.472
2026-09-30,M-C,gen9championsvgc2026regmcbo3,1500,Aegislash,Tyranitar-Mega,13.184
2026-09-30,M-C,gen9championsvgc2026regmcbo3,1500,Aegislash,Floette-Mega,12.992
2026-09-30,M-C,gen9championsvgc2026regmcbo3,1500,Aegislash,Whimsicott,12.846
2026-09-30,M-C,gen9championsvgc2026regmcbo3,1500,Mawile-Mega,Farigiraf,61.933
2026-09-30,M-C,gen9championsvgc2026regmcbo3,1500,Mawile-Mega,Incineroar,32.027
2026-09-30,M-C,gen9championsvgc2026regmcbo3,1500,Mawile-Mega,Rillaboom,26.358
2026-09-30,M-C,gen9championsvgc2026regmcbo3,1500,Mawile-Mega,Torkoal,25.974
2026-09-30,M-C,gen9championsvgc2026regmcbo3,1500,Mawile-Mega,Indeedee-F,23.279
2026-09-30,M-C,gen9championsvgc2026regmcbo3,1500,Mawile-Mega,Sneasler,19.109
2026-09-30,M-C,gen9championsvgc2026regmcbo3,1500,Mawile-Mega,Salamence-Mega,17.417
2026-09-30,M-C,gen9championsvgc2026regmcbo3,1500,Mawile-Mega,Basculegion,13.222
2026-09-30,M-C,gen9championsvgc2026regmcbo3,1500,Mawile-Mega,Pelipper,11.975
2026-09-30,M-C,gen9championsvgc2026regmcbo3,1500,Mawile-Mega,Hatterene,10.609
2026-09-30,M-C,gen9championsvgc2026regmcbo3,1500,Dragonite,Rillaboom,40.505
2026-09-30,M-C,gen9championsvgc2026regmcbo3,1500,Dragonite,Sneasler,37.796
2026-09-30,M-C,gen9championsvgc2026regmcbo3,1500,Dragonite,Incineroar,32.615
2026-09-30,M-C,gen9championsvgc2026regmcbo3,1500,Dragonite,Indeedee-F,31.514
2026-09-30,M-C,gen9championsvgc2026regmcbo3,1500,Dragonite,Gengar-Mega,28.542
2026-09-30,M-C,gen9championsvgc2026regmcbo3,1500,Dragonite,Gardevoir-Mega,22.444
2026-09-30,M-C,gen9championsvgc2026regmcbo3,1500,Dragonite,Lopunny-Mega,21.88
2026-09-30,M-C,gen9championsvgc2026regmcbo3,1500,Dragonite,Kingambit,18.646
2026-09-30,M-C,gen9championsvgc2026regmcbo3,1500,Dragonite,Ceruledge,16.471
2026-09-30,M-C,gen9championsvgc2026regmcbo3,1500,Dragonite,Snorlax,13.749
2026-09-30,M-C,gen9championsvgc2026regmcbo3,1500,Espathra,Indeedee-F,37.614
2026-09-30,M-C,gen9championsvgc2026regmcbo3,1500,Espathra,Rillaboom,32.6
2026-09-30,M-C,gen9championsvgc2026regmcbo3,1500,Espathra,Incineroar,28.781
2026-09-30,M-C,gen9championsvgc2026regmcbo3,1500,Espathra,Archaludon,25.348
2026-09-30,M-C,gen9championsvgc2026regmcbo3,1500,Espathra,Kingambit,25.299
2026-09-30,M-C,gen9championsvgc2026regmcbo3,1500,Espathra,Staraptor-Mega,19.88
2026-09-30,M-C,gen9championsvgc2026regmcbo3,1500,Espathra,Floette-Mega,19.259
2026-09-30,M-C,gen9championsvgc2026regmcbo3,1500,Espathra,Sneasler,16.935
2026-09-30,M-C,gen9championsvgc2026regmcbo3,1500,Espathra,Pyroar-Mega,16.318
2026-09-30,M-C,gen9championsvgc2026regmcbo3,1500,Espathra,Glimmora,16.083
2026-09-30,M-C,gen9championsvgc2026regmcbo3,1500,Pyroar-Mega,Indeedee-F,55.831
2026-09-30,M-C,gen9championsvgc2026regmcbo3,1500,Pyroar-Mega,Whimsicott,46.38
2026-09-30,M-C,gen9championsvgc2026regmcbo3,1500,Pyroar-Mega,Basculegion,39.872
2026-09-30,M-C,gen9championsvgc2026regmcbo3,1500,Pyroar-Mega,Gardevoir-Mega,30.675
2026-09-30,M-C,gen9championsvgc2026regmcbo3,1500,Pyroar-Mega,Kingambit,25.448
2026-09-30,M-C,gen9championsvgc2026regmcbo3,1500,Pyroar-Mega,Kommo-o,21.991
2026-09-30,M-C,gen9championsvgc2026regmcbo3,1500,Pyroar-Mega,Espathra,17.453
2026-09-30,M-C,gen9championsvgc2026regmcbo3,1500,Pyroar-Mega,Farigiraf,17.247
2026-09-30,M-C,gen9championsvgc2026regmcbo3,1500,Pyroar-Mega,Staraptor-Mega,16.174
2026-09-30,M-C,gen9championsvgc2026regmcbo3,1500,Pyroar-Mega,Glimmora,15.592
2026-09-30,M-C,gen9championsvgc2026regmcbo3,1500,Lycanroc-Dusk,Kingambit,51.234
2026-09-30,M-C,gen9championsvgc2026regmcbo3,1500,Lycanroc-Dusk,Froslass-Mega,48.74
2026-09-30,M-C,gen9championsvgc2026regmcbo3,1500,Lycanroc-Dusk,Sneasler,47.692
2026-09-30,M-C,gen9championsvgc2026regmcbo3,1500,Lycanroc-Dusk,Rillaboom,44.149
2026-09-30,M-C,gen9championsvgc2026regmcbo3,1500,Lycanroc-Dusk,Basculegion,41.424
2026-09-30,M-C,gen9championsvgc2026regmcbo3,1500,Lycanroc-Dusk,Scovillain-Mega,29.697
2026-09-30,M-C,gen9championsvgc2026regmcbo3,1500,Lycanroc-Dusk,Incineroar,21.295
2026-09-30,M-C,gen9championsvgc2026regmcbo3,1500,Lycanroc-Dusk,Salamence-Mega,15.85
2026-09-30,M-C,gen9championsvgc2026regmcbo3,1500,Lycanroc-Dusk,Golisopod-Mega,10.464
2026-09-30,M-C,gen9championsvgc2026regmcbo3,1500,Lycanroc-Dusk,Lucario-Mega-Z,9.743
2026-09-30,M-C,gen9championsvgc2026regmcbo3,1500,Typhlosion-Hisui,Sneasler,39.219
2026-09-30,M-C,gen9championsvgc2026regmcbo3,1500,Typhlosion-Hisui,Indeedee-F,37.901
2026-09-30,M-C,gen9championsvgc2026regmcbo3,1500,Typhlosion-Hisui,Whimsicott,29.688
2026-09-30,M-C,gen9championsvgc2026regmcbo3,1500,Typhlosion-Hisui,Salamence-Mega,28.293
2026-09-30,M-C,gen9championsvgc2026regmcbo3,1500,Typhlosion-Hisui,Gardevoir-Mega,27.411
2026-09-30,M-C,gen9championsvgc2026regmcbo3,1500,Typhlosion-Hisui,Kingambit,24.684
2026-09-30,M-C,gen9championsvgc2026regmcbo3,1500,Typhlosion-Hisui,Farigiraf,17.292
2026-09-30,M-C,gen9championsvgc2026regmcbo3,1500,Typhlosion-Hisui,Milotic,17.244
2026-09-30,M-C,gen9championsvgc2026regmcbo3,1500,Typhlosion-Hisui,Rillaboom,15.375
2026-09-30,M-C,gen9championsvgc2026regmcbo3,1500,Typhlosion-Hisui,Torkoal,13.679
2026-09-30,M-C,gen9championsvgc2026regmcbo3,1500,Sableye,Archaludon,43.725
2026-09-30,M-C,gen9championsvgc2026regmcbo3,1500,Sableye,Pelipper,34.119
2026-09-30,M-C,gen9championsvgc2026regmcbo3,1500,Sableye,Golisopod-Mega,32.843
2026-09-30,M-C,gen9championsvgc2026regmcbo3,1500,Sableye,Rillaboom,24.377
2026-09-30,M-C,gen9championsvgc2026regmcbo3,1500,Sableye,Sneasler,19.906
2026-09-30,M-C,gen9championsvgc2026regmcbo3,1500,Sableye,Incineroar,15.001
2026-09-30,M-C,gen9championsvgc2026regmcbo3,1500,Sableye,Kingambit,14.502
2026-09-30,M-C,gen9championsvgc2026regmcbo3,1500,Sableye,Sinistcha,13.55
2026-09-30,M-C,gen9championsvgc2026regmcbo3,1500,Sableye,Basculegion,12.982
2026-09-30,M-C,gen9championsvgc2026regmcbo3,1500,Sableye,Swampert-Mega,12.476
2026-09-30,M-C,gen9championsvgc2026regmcbo3,1500,Rotom-Wash,Incineroar,27.631
2026-09-30,M-C,gen9championsvgc2026regmcbo3,1500,Rotom-Wash,Rillaboom,22.536
2026-09-30,M-C,gen9championsvgc2026regmcbo3,1500,Rotom-Wash,Sneasler,21.266
2026-09-30,M-C,gen9championsvgc2026regmcbo3,1500,Rotom-Wash,Salamence-Mega,20.08
2026-09-30,M-C,gen9championsvgc2026regmcbo3,1500,Rotom-Wash,Kingambit,16.609
2026-09-30,M-C,gen9championsvgc2026regmcbo3,1500,Rotom-Wash,Garchomp,16.322
2026-09-30,M-C,gen9championsvgc2026regmcbo3,1500,Rotom-Wash,Tyranitar-Mega,16.054
2026-09-30,M-C,gen9championsvgc2026regmcbo3,1500,Rotom-Wash,Indeedee-F,14.423
2026-09-30,M-C,gen9championsvgc2026regmcbo3,1500,Rotom-Wash,Excadrill,13.45
2026-09-30,M-C,gen9championsvgc2026regmcbo3,1500,Rotom-Wash,Gholdengo,12.536
2026-09-30,M-C,gen9championsvgc2026regmcbo3,1500,Lopunny-Mega,Indeedee-F,48.989
2026-09-30,M-C,gen9championsvgc2026regmcbo3,1500,Lopunny-Mega,Sneasler,45.472
2026-09-30,M-C,gen9championsvgc2026regmcbo3,1500,Lopunny-Mega,Gardevoir-Mega,38.916
2026-09-30,M-C,gen9championsvgc2026regmcbo3,1500,Lopunny-Mega,Dragonite,32.701
2026-09-30,M-C,gen9championsvgc2026regmcbo3,1500,Lopunny-Mega,Ceruledge,31.98
2026-09-30,M-C,gen9championsvgc2026regmcbo3,1500,Lopunny-Mega,Rillaboom,26.355
2026-09-30,M-C,gen9championsvgc2026regmcbo3,1500,Lopunny-Mega,Gholdengo,17.474
2026-09-30,M-C,gen9championsvgc2026regmcbo3,1500,Lopunny-Mega,Incineroar,16.371
2026-09-30,M-C,gen9championsvgc2026regmcbo3,1500,Lopunny-Mega,Salamence-Mega,10.218
2026-09-30,M-C,gen9championsvgc2026regmcbo3,1500,Lopunny-Mega,Basculegion,9.075
2026-09-30,M-C,gen9championsvgc2026regmcbo3,1500,Mamoswine,Rillaboom,39.503
2026-09-30,M-C,gen9championsvgc2026regmcbo3,1500,Mamoswine,Salamence-Mega,31.094
2026-09-30,M-C,gen9championsvgc2026regmcbo3,1500,Mamoswine,Incineroar,30.549
2026-09-30,M-C,gen9championsvgc2026regmcbo3,1500,Mamoswine,Sneasler,23.208
2026-09-30,M-C,gen9championsvgc2026regmcbo3,1500,Mamoswine,Farigiraf,17.811
2026-09-30,M-C,gen9championsvgc2026regmcbo3,1500,Mamoswine,Charizard-Mega-Y,17.795
2026-09-30,M-C,gen9championsvgc2026regmcbo3,1500,Mamoswine,Whimsicott,15.002
2026-09-30,M-C,gen9championsvgc2026regmcbo3,1500,Mamoswine,Gholdengo,13.193
2026-09-30,M-C,gen9championsvgc2026regmcbo3,1500,Mamoswine,Kingambit,13.073
2026-09-30,M-C,gen9championsvgc2026regmcbo3,1500,Mamoswine,Gengar-Mega,10.896
2026-09-30,M-C,gen9championsvgc2026regmcbo3,1500,Raichu-Mega-X,Archaludon,34.976
2026-09-30,M-C,gen9championsvgc2026regmcbo3,1500,Raichu-Mega-X,Kingambit,21.755
2026-09-30,M-C,gen9championsvgc2026regmcbo3,1500,Raichu-Mega-X,Basculegion,21.592
2026-09-30,M-C,gen9championsvgc2026regmcbo3,1500,Raichu-Mega-X,Incineroar,19.862
2026-09-30,M-C,gen9championsvgc2026regmcbo3,1500,Raichu-Mega-X,Politoed,18.318
2026-09-30,M-C,gen9championsvgc2026regmcbo3,1500,Raichu-Mega-X,Espathra,17.95
2026-09-30,M-C,gen9championsvgc2026regmcbo3,1500,Raichu-Mega-X,Volcarona,17.553
2026-09-30,M-C,gen9championsvgc2026regmcbo3,1500,Raichu-Mega-X,Pelipper,17.477
2026-09-30,M-C,gen9championsvgc2026regmcbo3,1500,Raichu-Mega-X,Sneasler,15.466
2026-09-30,M-C,gen9championsvgc2026regmcbo3,1500,Raichu-Mega-X,Staraptor-Mega,15.133
2026-09-30,M-C,gen9championsvgc2026regmcbo3,1500,Gallade,Indeedee-F,66.695
2026-09-30,M-C,gen9championsvgc2026regmcbo3,1500,Gallade,Hatterene,42.183
2026-09-30,M-C,gen9championsvgc2026regmcbo3,1500,Gallade,Camerupt-Mega,39.271
2026-09-30,M-C,gen9championsvgc2026regmcbo3,1500,Gallade,Armarouge,32.74
2026-09-30,M-C,gen9championsvgc2026regmcbo3,1500,Gallade,Torkoal,25.58
2026-09-30,M-C,gen9championsvgc2026regmcbo3,1500,Gallade,Kingambit,20.498
2026-09-30,M-C,gen9championsvgc2026regmcbo3,1500,Gallade,Farigiraf,19.356
2026-09-30,M-C,gen9championsvgc2026regmcbo3,1500,Gallade,Incineroar,15.202
2026-09-30,M-C,gen9championsvgc2026regmcbo3,1500,Gallade,Crabominable-Mega,14.717
2026-09-30,M-C,gen9championsvgc2026regmcbo3,1500,Gallade,Golisopod-Mega,13.566
2026-09-30,M-C,gen9championsvgc2026regmcbo3,1500,Clefable,Rillaboom,51.247
2026-09-30,M-C,gen9championsvgc2026regmcbo3,1500,Clefable,Incineroar,32.345
2026-09-30,M-C,gen9championsvgc2026regmcbo3,1500,Clefable,Kingambit,23.653
2026-09-30,M-C,gen9championsvgc2026regmcbo3,1500,Clefable,Basculegion,21.656
2026-09-30,M-C,gen9championsvgc2026regmcbo3,1500,Clefable,Sneasler,20.29
2026-09-30,M-C,gen9championsvgc2026regmcbo3,1500,Clefable,Delphox-Mega,20.052
2026-09-30,M-C,gen9championsvgc2026regmcbo3,1500,Clefable,Salamence-Mega,17.379
2026-09-30,M-C,gen9championsvgc2026regmcbo3,1500,Clefable,Lucario-Mega-Z,14.457
2026-09-30,M-C,gen9championsvgc2026regmcbo3,1500,Clefable,Garchomp-Mega-Z,12.578
2026-09-30,M-C,gen9championsvgc2026regmcbo3,1500,Clefable,Garchomp,12.546
2026-09-30,M-C,gen9championsvgc2026regmcbo3,1500,Meowstic-F-Mega,Sneasler,71.904
2026-09-30,M-C,gen9championsvgc2026regmcbo3,1500,Meowstic-F-Mega,Indeedee,62.89
2026-09-30,M-C,gen9championsvgc2026regmcbo3,1500,Meowstic-F-Mega,Kingambit,60.401
2026-09-30,M-C,gen9championsvgc2026regmcbo3,1500,Meowstic-F-Mega,Kommo-o,59.301
2026-09-30,M-C,gen9championsvgc2026regmcbo3,1500,Meowstic-F-Mega,Charizard-Mega-Y,57.891
2026-09-30,M-C,gen9championsvgc2026regmcbo3,1500,Meowstic-F-Mega,Indeedee-F,21.197
2026-09-30,M-C,gen9championsvgc2026regmcbo3,1500,Meowstic-F-Mega,Blaziken-Mega,7.292
2026-09-30,M-C,gen9championsvgc2026regmcbo3,1500,Meowstic-F-Mega,Incineroar,6.157
2026-09-30,M-C,gen9championsvgc2026regmcbo3,1500,Meowstic-F-Mega,Gholdengo,4.767
2026-09-30,M-C,gen9championsvgc2026regmcbo3,1500,Meowstic-F-Mega,Pyroar-Mega,4.023
2026-09-30,M-C,gen9championsvgc2026regmcbo3,1500,Garchomp-Mega,Sneasler,64.275
2026-09-30,M-C,gen9championsvgc2026regmcbo3,1500,Garchomp-Mega,Incineroar,56.515
2026-09-30,M-C,gen9championsvgc2026regmcbo3,1500,Garchomp-Mega,Kingambit,51.129
2026-09-30,M-C,gen9championsvgc2026regmcbo3,1500,Garchomp-Mega,Floette-Mega,49.301
2026-09-30,M-C,gen9championsvgc2026regmcbo3,1500,Garchomp-Mega,Rillaboom,48.764
2026-09-30,M-C,gen9championsvgc2026regmcbo3,1500,Garchomp-Mega,Tyranitar,15.148
2026-09-30,M-C,gen9championsvgc2026regmcbo3,1500,Garchomp-Mega,Sinistcha,13.783
2026-09-30,M-C,gen9championsvgc2026regmcbo3,1500,Garchomp-Mega,Indeedee-F,9.764
2026-09-30,M-C,gen9championsvgc2026regmcbo3,1500,Garchomp-Mega,Gholdengo,8.734
2026-09-30,M-C,gen9championsvgc2026regmcbo3,1500,Garchomp-Mega,Tyranitar-Mega,8.547
2026-09-30,M-C,gen9championsvgc2026regmcbo3,1500,Tsareena,Excadrill,23.229
2026-09-30,M-C,gen9championsvgc2026regmcbo3,1500,Tsareena,Tyranitar-Mega,23.142
2026-09-30,M-C,gen9championsvgc2026regmcbo3,1500,Tsareena,Sneasler,19.838
2026-09-30,M-C,gen9championsvgc2026regmcbo3,1500,Tsareena,Salamence-Mega,17.799
2026-09-30,M-C,gen9championsvgc2026regmcbo3,1500,Tsareena,Gholdengo,16.626
2026-09-30,M-C,gen9championsvgc2026regmcbo3,1500,Tsareena,Aegislash,16.225
2026-09-30,M-C,gen9championsvgc2026regmcbo3,1500,Tsareena,Kingambit,13.704
2026-09-30,M-C,gen9championsvgc2026regmcbo3,1500,Tsareena,Pelipper,13.145
2026-09-30,M-C,gen9championsvgc2026regmcbo3,1500,Tsareena,Incineroar,13.017
2026-09-30,M-C,gen9championsvgc2026regmcbo3,1500,Tsareena,Staraptor-Mega,11.459
2026-09-30,M-C,gen9championsvgc2026regmcbo3,1500,Kleavor,Basculegion,31.365
2026-09-30,M-C,gen9championsvgc2026regmcbo3,1500,Kleavor,Sneasler,31.126
2026-09-30,M-C,gen9championsvgc2026regmcbo3,1500,Kleavor,Rillaboom,31.115
2026-09-30,M-C,gen9championsvgc2026regmcbo3,1500,Kleavor,Kingambit,30.761
2026-09-30,M-C,gen9championsvgc2026regmcbo3,1500,Kleavor,Raichu-Mega-Y,29.002
2026-09-30,M-C,gen9championsvgc2026regmcbo3,1500,Kleavor,Metagross-Mega,27.271
2026-09-30,M-C,gen9championsvgc2026regmcbo3,1500,Kleavor,Whimsicott,22.227
2026-09-30,M-C,gen9championsvgc2026regmcbo3,1500,Kleavor,Salamence-Mega,17.976
2026-09-30,M-C,gen9championsvgc2026regmcbo3,1500,Kleavor,Incineroar,16.89
2026-09-30,M-C,gen9championsvgc2026regmcbo3,1500,Kleavor,Indeedee-F,16.166
2026-09-30,M-C,gen9championsvgc2026regmcbo3,1500,Kangaskhan-Mega,Farigiraf,66.704
2026-09-30,M-C,gen9championsvgc2026regmcbo3,1500,Kangaskhan-Mega,Torkoal,60.133
2026-09-30,M-C,gen9championsvgc2026regmcbo3,1500,Kangaskhan-Mega,Indeedee-F,41.127
2026-09-30,M-C,gen9championsvgc2026regmcbo3,1500,Kangaskhan-Mega,Kingambit,33.804
2026-09-30,M-C,gen9championsvgc2026regmcbo3,1500,Kangaskhan-Mega,Hatterene,26.555
2026-09-30,M-C,gen9championsvgc2026regmcbo3,1500,Kangaskhan-Mega,Venusaur,16.935
2026-09-30,M-C,gen9championsvgc2026regmcbo3,1500,Kangaskhan-Mega,Vivillon,13.728
2026-09-30,M-C,gen9championsvgc2026regmcbo3,1500,Kangaskhan-Mega,Barbaracle-Mega,13.118
2026-09-30,M-C,gen9championsvgc2026regmcbo3,1500,Kangaskhan-Mega,Armarouge,11.02
2026-09-30,M-C,gen9championsvgc2026regmcbo3,1500,Kangaskhan-Mega,Archaludon,10.226
2026-09-30,M-C,gen9championsvgc2026regmcbo3,1500,Blaziken,Rillaboom,43.781
2026-09-30,M-C,gen9championsvgc2026regmcbo3,1500,Blaziken,Metagross-Mega,33.376
2026-09-30,M-C,gen9championsvgc2026regmcbo3,1500,Blaziken,Salamence-Mega,32.527
2026-09-30,M-C,gen9championsvgc2026regmcbo3,1500,Blaziken,Kingambit,27.233
2026-09-30,M-C,gen9championsvgc2026regmcbo3,1500,Blaziken,Indeedee-F,25.52
2026-09-30,M-C,gen9championsvgc2026regmcbo3,1500,Blaziken,Gholdengo,18.53
2026-09-30,M-C,gen9championsvgc2026regmcbo3,1500,Blaziken,Basculegion,16.714
2026-09-30,M-C,gen9championsvgc2026regmcbo3,1500,Blaziken,Tyranitar-Mega,14.349
2026-09-30,M-C,gen9championsvgc2026regmcbo3,1500,Blaziken,Raichu-Mega-Y,11.98
2026-09-30,M-C,gen9championsvgc2026regmcbo3,1500,Blaziken,Froslass-Mega,11.127
2026-09-30,M-C,gen9championsvgc2026regmcbo3,1500,Rotom-Heat,Salamence-Mega,33.732
2026-09-30,M-C,gen9championsvgc2026regmcbo3,1500,Rotom-Heat,Rillaboom,28.954
2026-09-30,M-C,gen9championsvgc2026regmcbo3,1500,Rotom-Heat,Sneasler,27.52
2026-09-30,M-C,gen9championsvgc2026regmcbo3,1500,Rotom-Heat,Tyranitar-Mega,24.091
2026-09-30,M-C,gen9championsvgc2026regmcbo3,1500,Rotom-Heat,Excadrill,23.281
2026-09-30,M-C,gen9championsvgc2026regmcbo3,1500,Rotom-Heat,Kingambit,21.875
2026-09-30,M-C,gen9championsvgc2026regmcbo3,1500,Rotom-Heat,Basculegion,15.569
2026-09-30,M-C,gen9championsvgc2026regmcbo3,1500,Rotom-Heat,Sceptile-Mega,13.249
2026-09-30,M-C,gen9championsvgc2026regmcbo3,1500,Rotom-Heat,Indeedee-F,12.307
2026-09-30,M-C,gen9championsvgc2026regmcbo3,1500,Rotom-Heat,Aegislash,12.182
2026-09-30,M-C,gen9championsvgc2026regmcbo3,1500,Venusaur-Mega,Pelipper,42.182
2026-09-30,M-C,gen9championsvgc2026regmcbo3,1500,Venusaur-Mega,Archaludon,38.175
2026-09-30,M-C,gen9championsvgc2026regmcbo3,1500,Venusaur-Mega,Farigiraf,30.767
2026-09-30,M-C,gen9championsvgc2026regmcbo3,1500,Venusaur-Mega,Sneasler,24.88
2026-09-30,M-C,gen9championsvgc2026regmcbo3,1500,Venusaur-Mega,Incineroar,23.184
2026-09-30,M-C,gen9championsvgc2026regmcbo3,1500,Venusaur-Mega,Swampert-Mega,19.644
2026-09-30,M-C,gen9championsvgc2026regmcbo3,1500,Venusaur-Mega,Grimmsnarl,13.755
2026-09-30,M-C,gen9championsvgc2026regmcbo3,1500,Venusaur-Mega,Basculegion,12.239
2026-09-30,M-C,gen9championsvgc2026regmcbo3,1500,Venusaur-Mega,Indeedee-F,12.192
2026-09-30,M-C,gen9championsvgc2026regmcbo3,1500,Venusaur-Mega,Kingambit,11.038
2026-09-30,M-C,gen9championsvgc2026regmcbo3,1500,Meganium-Mega,Farigiraf,43.449
2026-09-30,M-C,gen9championsvgc2026regmcbo3,1500,Meganium-Mega,Kingambit,38.297
2026-09-30,M-C,gen9championsvgc2026regmcbo3,1500,Meganium-Mega,Garchomp,29.598
2026-09-30,M-C,gen9championsvgc2026regmcbo3,1500,Meganium-Mega,Basculegion,29.105
2026-09-30,M-C,gen9championsvgc2026regmcbo3,1500,Meganium-Mega,Sneasler,26.306
2026-09-30,M-C,gen9championsvgc2026regmcbo3,1500,Meganium-Mega,Staraptor-Mega,22.746
2026-09-30,M-C,gen9championsvgc2026regmcbo3,1500,Meganium-Mega,Pelipper,22.666
2026-09-30,M-C,gen9championsvgc2026regmcbo3,1500,Meganium-Mega,Milotic,17.22
2026-09-30,M-C,gen9championsvgc2026regmcbo3,1500,Meganium-Mega,Archaludon,16.633
2026-09-30,M-C,gen9championsvgc2026regmcbo3,1500,Meganium-Mega,Incineroar,16.396
2026-09-30,M-C,gen9championsvgc2026regmcbo3,1500,Grapploct,Farigiraf,59.877
2026-09-30,M-C,gen9championsvgc2026regmcbo3,1500,Grapploct,Indeedee-F,43.533
2026-09-30,M-C,gen9championsvgc2026regmcbo3,1500,Grapploct,Incineroar,36.322
2026-09-30,M-C,gen9championsvgc2026regmcbo3,1500,Grapploct,Camerupt-Mega,28.143
2026-09-30,M-C,gen9championsvgc2026regmcbo3,1500,Grapploct,Kingambit,19.833
2026-09-30,M-C,gen9championsvgc2026regmcbo3,1500,Grapploct,Hatterene,18.371
2026-09-30,M-C,gen9championsvgc2026regmcbo3,1500,Grapploct,Torkoal,15.95
2026-09-30,M-C,gen9championsvgc2026regmcbo3,1500,Grapploct,Golisopod-Mega,15.38
2026-09-30,M-C,gen9championsvgc2026regmcbo3,1500,Grapploct,Armarouge,14.604
2026-09-30,M-C,gen9championsvgc2026regmcbo3,1500,Grapploct,Archaludon,13.271
2026-09-30,M-C,gen9championsvgc2026regmcbo3,1500,Sirfetch'd,Farigiraf,35.959
2026-09-30,M-C,gen9championsvgc2026regmcbo3,1500,Sirfetch'd,Golisopod-Mega,35.877
2026-09-30,M-C,gen9championsvgc2026regmcbo3,1500,Sirfetch'd,Incineroar,29.723
2026-09-30,M-C,gen9championsvgc2026regmcbo3,1500,Sirfetch'd,Indeedee-F,24.356
2026-09-30,M-C,gen9championsvgc2026regmcbo3,1500,Sirfetch'd,Whimsicott,22.892
2026-09-30,M-C,gen9championsvgc2026regmcbo3,1500,Sirfetch'd,Glimmora-Mega,18.781
2026-09-30,M-C,gen9championsvgc2026regmcbo3,1500,Sirfetch'd,Rillaboom,16.321
2026-09-30,M-C,gen9championsvgc2026regmcbo3,1500,Sirfetch'd,Salamence-Mega,15.504
2026-09-30,M-C,gen9championsvgc2026regmcbo3,1500,Sirfetch'd,Basculegion,13.24
2026-09-30,M-C,gen9championsvgc2026regmcbo3,1500,Sirfetch'd,Gholdengo,12.927
2026-09-30,M-C,gen9championsvgc2026regmcbo3,1500,Empoleon,Rillaboom,43.795
2026-09-30,M-C,gen9championsvgc2026regmcbo3,1500,Empoleon,Sneasler,30.067
2026-09-30,M-C,gen9championsvgc2026regmcbo3,1500,Empoleon,Incineroar,21.18
2026-09-30,M-C,gen9championsvgc2026regmcbo3,1500,Empoleon,Indeedee-F,20.134
2026-09-30,M-C,gen9championsvgc2026regmcbo3,1500,Empoleon,Salamence-Mega,18.459
2026-09-30,M-C,gen9championsvgc2026regmcbo3,1500,Empoleon,Charizard-Mega-Y,12.978
2026-09-30,M-C,gen9championsvgc2026regmcbo3,1500,Empoleon,Farigiraf,12.51
2026-09-30,M-C,gen9championsvgc2026regmcbo3,1500,Empoleon,Indeedee,12.407
2026-09-30,M-C,gen9championsvgc2026regmcbo3,1500,Empoleon,Raichu-Mega-Y,11.779
2026-09-30,M-C,gen9championsvgc2026regmcbo3,1500,Empoleon,Ninetales-Alola,11.465
2026-09-30,M-C,gen9championsvgc2026regmcbo3,1500,Baxcalibur,Rillaboom,46.398
2026-09-30,M-C,gen9championsvgc2026regmcbo3,1500,Baxcalibur,Kingambit,25.834
2026-09-30,M-C,gen9championsvgc2026regmcbo3,1500,Baxcalibur,Incineroar,25.119
2026-09-30,M-C,gen9championsvgc2026regmcbo3,1500,Baxcalibur,Sneasler,22.943
2026-09-30,M-C,gen9championsvgc2026regmcbo3,1500,Baxcalibur,Raichu-Mega-Y,22.757
2026-09-30,M-C,gen9championsvgc2026regmcbo3,1500,Baxcalibur,Basculegion,18.714
2026-09-30,M-C,gen9championsvgc2026regmcbo3,1500,Baxcalibur,Froslass-Mega,17.519
2026-09-30,M-C,gen9championsvgc2026regmcbo3,1500,Baxcalibur,Arcanine-Hisui,13.69
2026-09-30,M-C,gen9championsvgc2026regmcbo3,1500,Baxcalibur,Charizard-Mega-Y,12.707
2026-09-30,M-C,gen9championsvgc2026regmcbo3,1500,Baxcalibur,Sylveon,12.505
2026-09-30,M-C,gen9championsvgc2026regmcbo3,1500,Alakazam-Mega,Indeedee-F,71.82
2026-09-30,M-C,gen9championsvgc2026regmcbo3,1500,Alakazam-Mega,Sneasler,43.689
2026-09-30,M-C,gen9championsvgc2026regmcbo3,1500,Alakazam-Mega,Incineroar,20.419
2026-09-30,M-C,gen9championsvgc2026regmcbo3,1500,Alakazam-Mega,Kingambit,19.916
2026-09-30,M-C,gen9championsvgc2026regmcbo3,1500,Alakazam-Mega,Whimsicott,14.79
2026-09-30,M-C,gen9championsvgc2026regmcbo3,1500,Alakazam-Mega,Basculegion,14.539
2026-09-30,M-C,gen9championsvgc2026regmcbo3,1500,Alakazam-Mega,Torkoal,12.473
2026-09-30,M-C,gen9championsvgc2026regmcbo3,1500,Alakazam-Mega,Golisopod-Mega,8.071
2026-09-30,M-C,gen9championsvgc2026regmcbo3,1500,Alakazam-Mega,Indeedee,7.256
2026-09-30,M-C,gen9championsvgc2026regmcbo3,1500,Alakazam-Mega,Milotic,7.09
2026-09-30,M-C,gen9championsvgc2026regmcbo3,1500,Swampert,Rillaboom,55.322
2026-09-30,M-C,gen9championsvgc2026regmcbo3,1500,Swampert,Incineroar,41.051
2026-09-30,M-C,gen9championsvgc2026regmcbo3,1500,Swampert,Gengar-Mega,34.92
2026-09-30,M-C,gen9championsvgc2026regmcbo3,1500,Swampert,Sneasler,34.691
2026-09-30,M-C,gen9championsvgc2026regmcbo3,1500,Swampert,Salamence-Mega,17.651
2026-09-30,M-C,gen9championsvgc2026regmcbo3,1500,Swampert,Kingambit,16.624
2026-09-30,M-C,gen9championsvgc2026regmcbo3,1500,Swampert,Volcarona,16.289
2026-09-30,M-C,gen9championsvgc2026regmcbo3,1500,Swampert,Garchomp-Mega-Z,13.068
2026-09-30,M-C,gen9championsvgc2026regmcbo3,1500,Swampert,Gholdengo,10.07
2026-09-30,M-C,gen9championsvgc2026regmcbo3,1500,Swampert,Raichu-Mega-Y,9.446
2026-09-30,M-C,gen9championsvgc2026regmcbo3,1500,Klefki,Archaludon,63.563
2026-09-30,M-C,gen9championsvgc2026regmcbo3,1500,Klefki,Volcarona,50.589
2026-09-30,M-C,gen9championsvgc2026regmcbo3,1500,Klefki,Glimmora-Mega,46.386
2026-09-30,M-C,gen9championsvgc2026regmcbo3,1500,Klefki,Salamence-Mega,44.49
2026-09-30,M-C,gen9championsvgc2026regmcbo3,1500,Klefki,Garchomp,42.434
2026-09-30,M-C,gen9championsvgc2026regmcbo3,1500,Klefki,Rillaboom,21.817
2026-09-30,M-C,gen9championsvgc2026regmcbo3,1500,Klefki,Basculegion,12.244
2026-09-30,M-C,gen9championsvgc2026regmcbo3,1500,Klefki,Incineroar,10.942
2026-09-30,M-C,gen9championsvgc2026regmcbo3,1500,Klefki,Golisopod-Mega,10.248
2026-09-30,M-C,gen9championsvgc2026regmcbo3,1500,Klefki,Sinistcha,8.337
2026-09-30,M-C,gen9championsvgc2026regmcbo3,1500,Toxtricity,Rillaboom,29.839
2026-09-30,M-C,gen9championsvgc2026regmcbo3,1500,Toxtricity,Incineroar,23.746
2026-09-30,M-C,gen9championsvgc2026regmcbo3,1500,Toxtricity,Farigiraf,17.504
2026-09-30,M-C,gen9championsvgc2026regmcbo3,1500,Toxtricity,Kingambit,16.802
2026-09-30,M-C,gen9championsvgc2026regmcbo3,1500,Toxtricity,Whimsicott,16.413
2026-09-30,M-C,gen9championsvgc2026regmcbo3,1500,Toxtricity,Froslass-Mega,16.303
2026-09-30,M-C,gen9championsvgc2026regmcbo3,1500,Toxtricity,Garchomp-Mega-Z,14.649
2026-09-30,M-C,gen9championsvgc2026regmcbo3,1500,Toxtricity,Milotic,11.398
2026-09-30,M-C,gen9championsvgc2026regmcbo3,1500,Toxtricity,Indeedee-F,10.855
2026-09-30,M-C,gen9championsvgc2026regmcbo3,1500,Toxtricity,Salamence-Mega,10.772
2026-09-30,M-C,gen9championsvgc2026regmcbo3,1500,Manectric-Mega,Rillaboom,64.823
2026-09-30,M-C,gen9championsvgc2026regmcbo3,1500,Manectric-Mega,Archaludon,53.077
2026-09-30,M-C,gen9championsvgc2026regmcbo3,1500,Manectric-Mega,Sneasler,43.893
2026-09-30,M-C,gen9championsvgc2026regmcbo3,1500,Manectric-Mega,Pelipper,41.451
2026-09-30,M-C,gen9championsvgc2026regmcbo3,1500,Manectric-Mega,Basculegion,25.943
2026-09-30,M-C,gen9championsvgc2026regmcbo3,1500,Manectric-Mega,Incineroar,24.315
2026-09-30,M-C,gen9championsvgc2026regmcbo3,1500,Manectric-Mega,Volcarona,15.137
2026-09-30,M-C,gen9championsvgc2026regmcbo3,1500,Manectric-Mega,Gengar-Mega,14.754
2026-09-30,M-C,gen9championsvgc2026regmcbo3,1500,Manectric-Mega,Froslass-Mega,14.576
2026-09-30,M-C,gen9championsvgc2026regmcbo3,1500,Manectric-Mega,Politoed,12.533
2026-09-30,M-C,gen9championsvgc2026regmcbo3,1500,Altaria,Indeedee-F,66.429
2026-09-30,M-C,gen9championsvgc2026regmcbo3,1500,Altaria,Metagross-Mega,63.704
2026-09-30,M-C,gen9championsvgc2026regmcbo3,1500,Altaria,Milotic,61.094
2026-09-30,M-C,gen9championsvgc2026regmcbo3,1500,Altaria,Arcanine-Hisui,60.574
2026-09-30,M-C,gen9championsvgc2026regmcbo3,1500,Altaria,Dragapult,60.248
2026-09-30,M-C,gen9championsvgc2026regmcbo3,1500,Altaria,Rillaboom,19.401
2026-09-30,M-C,gen9championsvgc2026regmcbo3,1500,Altaria,Incineroar,18.829
2026-09-30,M-C,gen9championsvgc2026regmcbo3,1500,Altaria,Sneasler,14.528
2026-09-30,M-C,gen9championsvgc2026regmcbo3,1500,Altaria,Gengar-Mega,14.088
2026-09-30,M-C,gen9championsvgc2026regmcbo3,1500,Altaria,Kingambit,11.71
2026-09-30,M-C,gen9championsvgc2026regmcbo3,1500,Weavile,Rillaboom,25.67
2026-09-30,M-C,gen9championsvgc2026regmcbo3,1500,Weavile,Golisopod-Mega,23.981
2026-09-30,M-C,gen9championsvgc2026regmcbo3,1500,Weavile,Pelipper,22.983
2026-09-30,M-C,gen9championsvgc2026regmcbo3,1500,Weavile,Salamence-Mega,19.612
2026-09-30,M-C,gen9championsvgc2026regmcbo3,1500,Weavile,Archaludon,19.56
2026-09-30,M-C,gen9championsvgc2026regmcbo3,1500,Weavile,Basculegion,15.841
2026-09-30,M-C,gen9championsvgc2026regmcbo3,1500,Weavile,Garchomp,14.824
2026-09-30,M-C,gen9championsvgc2026regmcbo3,1500,Weavile,Charizard-Mega-Y,14.72
2026-09-30,M-C,gen9championsvgc2026regmcbo3,1500,Weavile,Sneasler,12.985
2026-09-30,M-C,gen9championsvgc2026regmcbo3,1500,Weavile,Primarina,12.701
2026-09-30,M-C,gen9championsvgc2026regmcbo3,1500,Scrafty-Mega,Farigiraf,45.663
2026-09-30,M-C,gen9championsvgc2026regmcbo3,1500,Scrafty-Mega,Rillaboom,34.765
2026-09-30,M-C,gen9championsvgc2026regmcbo3,1500,Scrafty-Mega,Torkoal,24.885
2026-09-30,M-C,gen9championsvgc2026regmcbo3,1500,Scrafty-Mega,Indeedee-F,19.045
2026-09-30,M-C,gen9championsvgc2026regmcbo3,1500,Scrafty-Mega,Hatterene,11.982
2026-09-30,M-C,gen9championsvgc2026regmcbo3,1500,Scrafty-Mega,Sylveon,10.956
2026-09-30,M-C,gen9championsvgc2026regmcbo3,1500,Scrafty-Mega,Gholdengo,10.678
2026-09-30,M-C,gen9championsvgc2026regmcbo3,1500,Scrafty-Mega,Pelipper,9.816
2026-09-30,M-C,gen9championsvgc2026regmcbo3,1500,Scrafty-Mega,Archaludon,9.69
2026-09-30,M-C,gen9championsvgc2026regmcbo3,1500,Scrafty-Mega,Rotom-Wash,8.834
2026-09-30,M-C,gen9championsvgc2026regmcbo3,1500,Snorlax,Rillaboom,65.923
2026-09-30,M-C,gen9championsvgc2026regmcbo3,1500,Snorlax,Incineroar,63.469
2026-09-30,M-C,gen9championsvgc2026regmcbo3,1500,Snorlax,Gengar-Mega,55.004
2026-09-30,M-C,gen9championsvgc2026regmcbo3,1500,Snorlax,Scrafty,42.491
2026-09-30,M-C,gen9championsvgc2026regmcbo3,1500,Snorlax,Dragonite,40.012
2026-09-30,M-C,gen9championsvgc2026regmcbo3,1500,Snorlax,Sneasler,10.944
2026-09-30,M-C,gen9championsvgc2026regmcbo3,1500,Snorlax,Indeedee-F,8.914
2026-09-30,M-C,gen9championsvgc2026regmcbo3,1500,Snorlax,Tinkaton,8.865
2026-09-30,M-C,gen9championsvgc2026regmcbo3,1500,Snorlax,Froslass-Mega,8.05
2026-09-30,M-C,gen9championsvgc2026regmcbo3,1500,Snorlax,Vivillon,5.694
2026-09-30,M-C,gen9championsvgc2026regmcbo3,1500,Palafin,Rillaboom,52.952
2026-09-30,M-C,gen9championsvgc2026regmcbo3,1500,Palafin,Incineroar,45.046
2026-09-30,M-C,gen9championsvgc2026regmcbo3,1500,Palafin,Salamence-Mega,29.363
2026-09-30,M-C,gen9championsvgc2026regmcbo3,1500,Palafin,Sneasler,16.883
2026-09-30,M-C,gen9championsvgc2026regmcbo3,1500,Palafin,Kingambit,16.133
2026-09-30,M-C,gen9championsvgc2026regmcbo3,1500,Palafin,Floette-Mega,14.643
2026-09-30,M-C,gen9championsvgc2026regmcbo3,1500,Palafin,Pelipper,13.031
2026-09-30,M-C,gen9championsvgc2026regmcbo3,1500,Palafin,Gholdengo,12.747
2026-09-30,M-C,gen9championsvgc2026regmcbo3,1500,Palafin,Gengar-Mega,10.44
2026-09-30,M-C,gen9championsvgc2026regmcbo3,1500,Palafin,Golisopod-Mega,9.608
2026-09-30,M-C,gen9championsvgc2026regmcbo3,1500,Vanilluxe,Kingambit,35.697
2026-09-30,M-C,gen9championsvgc2026regmcbo3,1500,Vanilluxe,Sneasler,33.996
2026-09-30,M-C,gen9championsvgc2026regmcbo3,1500,Vanilluxe,Indeedee-F,29.973
2026-09-30,M-C,gen9championsvgc2026regmcbo3,1500,Vanilluxe,Rillaboom,28.548
2026-09-30,M-C,gen9championsvgc2026regmcbo3,1500,Vanilluxe,Farigiraf,22.737
2026-09-30,M-C,gen9championsvgc2026regmcbo3,1500,Vanilluxe,Salamence-Mega,20.546
2026-09-30,M-C,gen9championsvgc2026regmcbo3,1500,Vanilluxe,Armarouge,19.554
2026-09-30,M-C,gen9championsvgc2026regmcbo3,1500,Vanilluxe,Camerupt-Mega,15.27
2026-09-30,M-C,gen9championsvgc2026regmcbo3,1500,Vanilluxe,Raichu-Mega-Y,15.103
2026-09-30,M-C,gen9championsvgc2026regmcbo3,1500,Vanilluxe,Incineroar,13.825
2026-09-30,M-C,gen9championsvgc2026regmcbo3,1500,Starmie-Mega,Pelipper,48.562
2026-09-30,M-C,gen9championsvgc2026regmcbo3,1500,Starmie-Mega,Indeedee-F,47.467
2026-09-30,M-C,gen9championsvgc2026regmcbo3,1500,Starmie-Mega,Archaludon,41.752
2026-09-30,M-C,gen9championsvgc2026regmcbo3,1500,Starmie-Mega,Sneasler,39.558
2026-09-30,M-C,gen9championsvgc2026regmcbo3,1500,Starmie-Mega,Golisopod-Mega,17.708
2026-09-30,M-C,gen9championsvgc2026regmcbo3,1500,Starmie-Mega,Incineroar,17.602
2026-09-30,M-C,gen9championsvgc2026regmcbo3,1500,Starmie-Mega,Dragapult,16.781
2026-09-30,M-C,gen9championsvgc2026regmcbo3,1500,Starmie-Mega,Kingambit,15.405
2026-09-30,M-C,gen9championsvgc2026regmcbo3,1500,Starmie-Mega,Indeedee,13.877
2026-09-30,M-C,gen9championsvgc2026regmcbo3,1500,Starmie-Mega,Gholdengo,7.965
2026-09-30,M-C,gen9championsvgc2026regmcbo3,1500,Staraptor,Farigiraf,59.181
2026-09-30,M-C,gen9championsvgc2026regmcbo3,1500,Staraptor,Golisopod-Mega,46.338
2026-09-30,M-C,gen9championsvgc2026regmcbo3,1500,Staraptor,Kingambit,32.521
2026-09-30,M-C,gen9championsvgc2026regmcbo3,1500,Staraptor,Politoed,29.64
2026-09-30,M-C,gen9championsvgc2026regmcbo3,1500,Staraptor,Pawmot,27.188
2026-09-30,M-C,gen9championsvgc2026regmcbo3,1500,Staraptor,Camerupt-Mega,22.54
2026-09-30,M-C,gen9championsvgc2026regmcbo3,1500,Staraptor,Indeedee-F,20.42
2026-09-30,M-C,gen9championsvgc2026regmcbo3,1500,Staraptor,Torkoal,13.52
2026-09-30,M-C,gen9championsvgc2026regmcbo3,1500,Staraptor,Kangaskhan,9.169
2026-09-30,M-C,gen9championsvgc2026regmcbo3,1500,Staraptor,Rillaboom,8.192
2026-09-30,M-C,gen9championsvgc2026regmcbo3,1500,Charizard-Mega-X,Rillaboom,59.201
2026-09-30,M-C,gen9championsvgc2026regmcbo3,1500,Charizard-Mega-X,Sneasler,45.915
2026-09-30,M-C,gen9championsvgc2026regmcbo3,1500,Charizard-Mega-X,Incineroar,32.365
2026-09-30,M-C,gen9championsvgc2026regmcbo3,1500,Charizard-Mega-X,Kingambit,29.203
2026-09-30,M-C,gen9championsvgc2026regmcbo3,1500,Charizard-Mega-X,Floette-Mega,25.465
2026-09-30,M-C,gen9championsvgc2026regmcbo3,1500,Charizard-Mega-X,Milotic,24.973
2026-09-30,M-C,gen9championsvgc2026regmcbo3,1500,Charizard-Mega-X,Salamence-Mega,14.284
2026-09-30,M-C,gen9championsvgc2026regmcbo3,1500,Charizard-Mega-X,Whimsicott,12.999
2026-09-30,M-C,gen9championsvgc2026regmcbo3,1500,Charizard-Mega-X,Gholdengo,10.449
2026-09-30,M-C,gen9championsvgc2026regmcbo3,1500,Charizard-Mega-X,Sinistcha,10.054
2026-09-30,M-C,gen9championsvgc2026regmcbo3,1500,Kangaskhan,Farigiraf,74.504
2026-09-30,M-C,gen9championsvgc2026regmcbo3,1500,Kangaskhan,Camerupt-Mega,41.555
2026-09-30,M-C,gen9championsvgc2026regmcbo3,1500,Kangaskhan,Torkoal,28.614
2026-09-30,M-C,gen9championsvgc2026regmcbo3,1500,Kangaskhan,Kingambit,21.678
2026-09-30,M-C,gen9championsvgc2026regmcbo3,1500,Kangaskhan,Mawile-Mega,18.091
2026-09-30,M-C,gen9championsvgc2026regmcbo3,1500,Kangaskhan,Vileplume,15.418
2026-09-30,M-C,gen9championsvgc2026regmcbo3,1500,Kangaskhan,Indeedee-F,14.564
2026-09-30,M-C,gen9championsvgc2026regmcbo3,1500,Kangaskhan,Sylveon,12.779
2026-09-30,M-C,gen9championsvgc2026regmcbo3,1500,Kangaskhan,Golisopod-Mega,12.555
2026-09-30,M-C,gen9championsvgc2026regmcbo3,1500,Kangaskhan,Annihilape,10.393
2026-09-30,M-C,gen9championsvgc2026regmcbo3,1500,Zoroark-Hisui,Kingambit,27.791
2026-09-30,M-C,gen9championsvgc2026regmcbo3,1500,Zoroark-Hisui,Garchomp,20.425
2026-09-30,M-C,gen9championsvgc2026regmcbo3,1500,Zoroark-Hisui,Glimmora-Mega,19.512
2026-09-30,M-C,gen9championsvgc2026regmcbo3,1500,Zoroark-Hisui,Sneasler,17.811
2026-09-30,M-C,gen9championsvgc2026regmcbo3,1500,Zoroark-Hisui,Rillaboom,17.755
2026-09-30,M-C,gen9championsvgc2026regmcbo3,1500,Zoroark-Hisui,Whimsicott,17.731
2026-09-30,M-C,gen9championsvgc2026regmcbo3,1500,Zoroark-Hisui,Incineroar,16.318
2026-09-30,M-C,gen9championsvgc2026regmcbo3,1500,Zoroark-Hisui,Indeedee-F,13.262
2026-09-30,M-C,gen9championsvgc2026regmcbo3,1500,Zoroark-Hisui,Floette-Mega,11.025
2026-09-30,M-C,gen9championsvgc2026regmcbo3,1500,Zoroark-Hisui,Gholdengo,11.012
2026-09-30,M-C,gen9championsvgc2026regmcbo3,1500,Meowscarada,Indeedee-F,34.214
2026-09-30,M-C,gen9championsvgc2026regmcbo3,1500,Meowscarada,Sneasler,25.556
2026-09-30,M-C,gen9championsvgc2026regmcbo3,1500,Meowscarada,Salamence-Mega,15.173
2026-09-30,M-C,gen9championsvgc2026regmcbo3,1500,Meowscarada,Armarouge,11.978
2026-09-30,M-C,gen9championsvgc2026regmcbo3,1500,Meowscarada,Gholdengo,11.91
2026-09-30,M-C,gen9championsvgc2026regmcbo3,1500,Meowscarada,Indeedee,10.954
2026-09-30,M-C,gen9championsvgc2026regmcbo3,1500,Meowscarada,Whimsicott,10.68
2026-09-30,M-C,gen9championsvgc2026regmcbo3,1500,Meowscarada,Milotic,9.657
2026-09-30,M-C,gen9championsvgc2026regmcbo3,1500,Meowscarada,Arcanine-Hisui,9.649
2026-09-30,M-C,gen9championsvgc2026regmcbo3,1500,Meowscarada,Gardevoir-Mega,9.596
2026-09-30,M-C,gen9championsvgc2026regmcbo3,1500,Crabominable-Mega,Indeedee-F,65.307
2026-09-30,M-C,gen9championsvgc2026regmcbo3,1500,Crabominable-Mega,Hatterene,53.121
2026-09-30,M-C,gen9championsvgc2026regmcbo3,1500,Crabominable-Mega,Armarouge,44.635
2026-09-30,M-C,gen9championsvgc2026regmcbo3,1500,Crabominable-Mega,Camerupt-Mega,35.115
2026-09-30,M-C,gen9championsvgc2026regmcbo3,1500,Crabominable-Mega,Gallade,31.088
2026-09-30,M-C,gen9championsvgc2026regmcbo3,1500,Crabominable-Mega,Torkoal,25.305
2026-09-30,M-C,gen9championsvgc2026regmcbo3,1500,Crabominable-Mega,Farigiraf,24.627
2026-09-30,M-C,gen9championsvgc2026regmcbo3,1500,Crabominable-Mega,Kingambit,16.71
2026-09-30,M-C,gen9championsvgc2026regmcbo3,1500,Crabominable-Mega,Incineroar,12.059
2026-09-30,M-C,gen9championsvgc2026regmcbo3,1500,Crabominable-Mega,Maushold,8.265
2026-09-30,M-C,gen9championsvgc2026regmcbo3,1500,Goodra-Hisui,Rillaboom,67.964
2026-09-30,M-C,gen9championsvgc2026regmcbo3,1500,Goodra-Hisui,Incineroar,63.883
2026-09-30,M-C,gen9championsvgc2026regmcbo3,1500,Goodra-Hisui,Floette-Mega,50.602
2026-09-30,M-C,gen9championsvgc2026regmcbo3,1500,Goodra-Hisui,Absol-Mega-Z,39.045
2026-09-30,M-C,gen9championsvgc2026regmcbo3,1500,Goodra-Hisui,Espathra,38.797
2026-09-30,M-C,gen9championsvgc2026regmcbo3,1500,Goodra-Hisui,Basculegion,21.993
2026-09-30,M-C,gen9championsvgc2026regmcbo3,1500,Goodra-Hisui,Froslass-Mega,9.191
2026-09-30,M-C,gen9championsvgc2026regmcbo3,1500,Goodra-Hisui,Salamence-Mega,6.197
2026-09-30,M-C,gen9championsvgc2026regmcbo3,1500,Goodra-Hisui,Maushold,5.761
2026-09-30,M-C,gen9championsvgc2026regmcbo3,1500,Goodra-Hisui,Indeedee-F,5.572
2026-09-30,M-C,gen9championsvgc2026regmcbo3,1500,Sceptile-Mega,Sneasler,44.539
2026-09-30,M-C,gen9championsvgc2026regmcbo3,1500,Sceptile-Mega,Indeedee-F,36.921
2026-09-30,M-C,gen9championsvgc2026regmcbo3,1500,Sceptile-Mega,Rotom-Heat,24.599
2026-09-30,M-C,gen9championsvgc2026regmcbo3,1500,Sceptile-Mega,Gholdengo,18.281
2026-09-30,M-C,gen9championsvgc2026regmcbo3,1500,Sceptile-Mega,Incineroar,17.959
2026-09-30,M-C,gen9championsvgc2026regmcbo3,1500,Sceptile-Mega,Basculegion,16.602
2026-09-30,M-C,gen9championsvgc2026regmcbo3,1500,Sceptile-Mega,Milotic,15.555
2026-09-30,M-C,gen9championsvgc2026regmcbo3,1500,Sceptile-Mega,Arcanine-Hisui,14.118
2026-09-30,M-C,gen9championsvgc2026regmcbo3,1500,Sceptile-Mega,Gardevoir-Mega,13.226
2026-09-30,M-C,gen9championsvgc2026regmcbo3,1500,Sceptile-Mega,Armarouge,11.047
2026-09-30,M-C,gen9championsvgc2026regmcbo3,1500,Gyarados-Mega,Sneasler,30.559
2026-09-30,M-C,gen9championsvgc2026regmcbo3,1500,Gyarados-Mega,Rillaboom,26.758
2026-09-30,M-C,gen9championsvgc2026regmcbo3,1500,Gyarados-Mega,Garchomp,21.404
2026-09-30,M-C,gen9championsvgc2026regmcbo3,1500,Gyarados-Mega,Metagross-Mega,19.455
2026-09-30,M-C,gen9championsvgc2026regmcbo3,1500,Gyarados-Mega,Blaziken,17.554
2026-09-30,M-C,gen9championsvgc2026regmcbo3,1500,Gyarados-Mega,Sableye,17.381
2026-09-30,M-C,gen9championsvgc2026regmcbo3,1500,Gyarados-Mega,Kingambit,16.786
2026-09-30,M-C,gen9championsvgc2026regmcbo3,1500,Gyarados-Mega,Indeedee-F,15.697
2026-09-30,M-C,gen9championsvgc2026regmcbo3,1500,Gyarados-Mega,Gholdengo,12.434
2026-09-30,M-C,gen9championsvgc2026regmcbo3,1500,Gyarados-Mega,Sinistcha,12.218
2026-09-30,M-C,gen9championsvgc2026regmcbo3,1500,Tinkaton,Incineroar,62.259
2026-09-30,M-C,gen9championsvgc2026regmcbo3,1500,Tinkaton,Rillaboom,61.021
2026-09-30,M-C,gen9championsvgc2026regmcbo3,1500,Tinkaton,Gengar-Mega,46.337
2026-09-30,M-C,gen9championsvgc2026regmcbo3,1500,Tinkaton,Pawmot,24.282
2026-09-30,M-C,gen9championsvgc2026regmcbo3,1500,Tinkaton,Kommo-o,17.739
2026-09-30,M-C,gen9championsvgc2026regmcbo3,1500,Tinkaton,Sinistcha,13.994
2026-09-30,M-C,gen9championsvgc2026regmcbo3,1500,Tinkaton,Ninetales-Alola,13.981
2026-09-30,M-C,gen9championsvgc2026regmcbo3,1500,Tinkaton,Salamence-Mega,12.605
2026-09-30,M-C,gen9championsvgc2026regmcbo3,1500,Tinkaton,Snorlax,11.732
2026-09-30,M-C,gen9championsvgc2026regmcbo3,1500,Tinkaton,Politoed,8.742
2026-09-30,M-C,gen9championsvgc2026regmcbo3,1500,Hippowdon,Rillaboom,77.191
2026-09-30,M-C,gen9championsvgc2026regmcbo3,1500,Hippowdon,Incineroar,66.147
2026-09-30,M-C,gen9championsvgc2026regmcbo3,1500,Hippowdon,Gengar-Mega,57.795
2026-09-30,M-C,gen9championsvgc2026regmcbo3,1500,Hippowdon,Kingambit,49.159
2026-09-30,M-C,gen9championsvgc2026regmcbo3,1500,Hippowdon,Sneasler,42.046
2026-09-30,M-C,gen9championsvgc2026regmcbo3,1500,Hippowdon,Volcarona,19.84
2026-09-30,M-C,gen9championsvgc2026regmcbo3,1500,Hippowdon,Salamence-Mega,11.204
2026-09-30,M-C,gen9championsvgc2026regmcbo3,1500,Hippowdon,Garchomp-Mega-Z,9.473
2026-09-30,M-C,gen9championsvgc2026regmcbo3,1500,Hippowdon,Glimmora-Mega,9.43
2026-09-30,M-C,gen9championsvgc2026regmcbo3,1500,Hippowdon,Excadrill,5.964
2026-09-30,M-C,gen9championsvgc2026regmcbo3,1500,Samurott-Hisui,Rillaboom,35.919
2026-09-30,M-C,gen9championsvgc2026regmcbo3,1500,Samurott-Hisui,Gholdengo,35.139
2026-09-30,M-C,gen9championsvgc2026regmcbo3,1500,Samurott-Hisui,Salamence-Mega,27.196
2026-09-30,M-C,gen9championsvgc2026regmcbo3,1500,Samurott-Hisui,Whimsicott,24.375
2026-09-30,M-C,gen9championsvgc2026regmcbo3,1500,Samurott-Hisui,Sneasler,23.386
2026-09-30,M-C,gen9championsvgc2026regmcbo3,1500,Samurott-Hisui,Incineroar,20.887
2026-09-30,M-C,gen9championsvgc2026regmcbo3,1500,Samurott-Hisui,Indeedee-F,19.507
2026-09-30,M-C,gen9championsvgc2026regmcbo3,1500,Samurott-Hisui,Raichu-Mega-Y,13.966
2026-09-30,M-C,gen9championsvgc2026regmcbo3,1500,Samurott-Hisui,Delphox-Mega,12.941
2026-09-30,M-C,gen9championsvgc2026regmcbo3,1500,Samurott-Hisui,Metagross-Mega,10.683
2026-09-30,M-C,gen9championsvgc2026regmcbo3,1500,Vileplume,Torkoal,77.38
2026-09-30,M-C,gen9championsvgc2026regmcbo3,1500,Vileplume,Farigiraf,43.86
2026-09-30,M-C,gen9championsvgc2026regmcbo3,1500,Vileplume,Indeedee-F,38.065
2026-09-30,M-C,gen9championsvgc2026regmcbo3,1500,Vileplume,Mawile-Mega,29.159
2026-09-30,M-C,gen9championsvgc2026regmcbo3,1500,Vileplume,Kangaskhan,18.735
2026-09-30,M-C,gen9championsvgc2026regmcbo3,1500,Vileplume,Gardevoir-Mega,16.571
2026-09-30,M-C,gen9championsvgc2026regmcbo3,1500,Vileplume,Hatterene,16.374
2026-09-30,M-C,gen9championsvgc2026regmcbo3,1500,Vileplume,Basculegion,12.566
2026-09-30,M-C,gen9championsvgc2026regmcbo3,1500,Vileplume,Sneasler,11.466
2026-09-30,M-C,gen9championsvgc2026regmcbo3,1500,Vileplume,Incineroar,10.006
2026-09-30,M-C,gen9championsvgc2026regmcbo3,1500,Inteleon,Indeedee-F,38.65
2026-09-30,M-C,gen9championsvgc2026regmcbo3,1500,Inteleon,Sneasler,31.57
2026-09-30,M-C,gen9championsvgc2026regmcbo3,1500,Inteleon,Rillaboom,23.78
2026-09-30,M-C,gen9championsvgc2026regmcbo3,1500,Inteleon,Salamence-Mega,16.776
2026-09-30,M-C,gen9championsvgc2026regmcbo3,1500,Inteleon,Gardevoir-Mega,16.051
2026-09-30,M-C,gen9championsvgc2026regmcbo3,1500,Inteleon,Golisopod-Mega,14.639
2026-09-30,M-C,gen9championsvgc2026regmcbo3,1500,Inteleon,Pelipper,14.564
2026-09-30,M-C,gen9championsvgc2026regmcbo3,1500,Inteleon,Incineroar,12.391
2026-09-30,M-C,gen9championsvgc2026regmcbo3,1500,Inteleon,Gholdengo,11.936
2026-09-30,M-C,gen9championsvgc2026regmcbo3,1500,Inteleon,Farigiraf,10.531
2026-09-30,M-C,gen9championsvgc2026regmcbo3,1500,Scrafty,Gengar-Mega,72.998
2026-09-30,M-C,gen9championsvgc2026regmcbo3,1500,Scrafty,Rillaboom,72.505
2026-09-30,M-C,gen9championsvgc2026regmcbo3,1500,Scrafty,Incineroar,69.206
2026-09-30,M-C,gen9championsvgc2026regmcbo3,1500,Scrafty,Snorlax,62.956
2026-09-30,M-C,gen9championsvgc2026regmcbo3,1500,Scrafty,Dragonite,57.023
2026-09-30,M-C,gen9championsvgc2026regmcbo3,1500,Scrafty,Tinkaton,8.268
2026-09-30,M-C,gen9championsvgc2026regmcbo3,1500,Scrafty,Farigiraf,6.645
2026-09-30,M-C,gen9championsvgc2026regmcbo3,1500,Scrafty,Politoed,5.752
2026-09-30,M-C,gen9championsvgc2026regmcbo3,1500,Scrafty,Archaludon,4.687
2026-09-30,M-C,gen9championsvgc2026regmcbo3,1500,Scrafty,Golisopod-Mega,4.67
2026-09-30,M-C,gen9championsvgc2026regmcbo3,1500,Pincurchin,Indeedee-F,29.175
2026-09-30,M-C,gen9championsvgc2026regmcbo3,1500,Pincurchin,Farigiraf,29.158
2026-09-30,M-C,gen9championsvgc2026regmcbo3,1500,Pincurchin,Raichu-Alola,23.459
2026-09-30,M-C,gen9championsvgc2026regmcbo3,1500,Pincurchin,Sneasler,15.992
2026-09-30,M-C,gen9championsvgc2026regmcbo3,1500,Pincurchin,Incineroar,15.308
2026-09-30,M-C,gen9championsvgc2026regmcbo3,1500,Pincurchin,Rillaboom,14.239
2026-09-30,M-C,gen9championsvgc2026regmcbo3,1500,Pincurchin,Golisopod-Mega,12.775
2026-09-30,M-C,gen9championsvgc2026regmcbo3,1500,Pincurchin,Torkoal,12.072
2026-09-30,M-C,gen9championsvgc2026regmcbo3,1500,Pincurchin,Lucario-Mega-Z,11.771
2026-09-30,M-C,gen9championsvgc2026regmcbo3,1500,Pincurchin,Sinistcha,10.555
2026-09-30,M-C,gen9championsvgc2026regmcbo3,1500,Gliscor,Rillaboom,36.59
2026-09-30,M-C,gen9championsvgc2026regmcbo3,1500,Gliscor,Incineroar,29.687
2026-09-30,M-C,gen9championsvgc2026regmcbo3,1500,Gliscor,Kingambit,27.911
2026-09-30,M-C,gen9championsvgc2026regmcbo3,1500,Gliscor,Sneasler,24.062
2026-09-30,M-C,gen9championsvgc2026regmcbo3,1500,Gliscor,Indeedee-F,21.905
2026-09-30,M-C,gen9championsvgc2026regmcbo3,1500,Gliscor,Charizard-Mega-Y,19.533
2026-09-30,M-C,gen9championsvgc2026regmcbo3,1500,Gliscor,Gholdengo,15.408
2026-09-30,M-C,gen9championsvgc2026regmcbo3,1500,Gliscor,Floette-Mega,15.185
2026-09-30,M-C,gen9championsvgc2026regmcbo3,1500,Gliscor,Indeedee,9.643
2026-09-30,M-C,gen9championsvgc2026regmcbo3,1500,Gliscor,Raichu-Mega-Y,9.23
2026-09-30,M-C,gen9championsvgc2026regmcbo3,1500,Drampa,Kingambit,67.185
2026-09-30,M-C,gen9championsvgc2026regmcbo3,1500,Drampa,Farigiraf,66.124
2026-09-30,M-C,gen9championsvgc2026regmcbo3,1500,Drampa,Camerupt-Mega,58.237
2026-09-30,M-C,gen9championsvgc2026regmcbo3,1500,Drampa,Sylveon,56.905
2026-09-30,M-C,gen9championsvgc2026regmcbo3,1500,Drampa,Vivillon,53.187
2026-09-30,M-C,gen9championsvgc2026regmcbo3,1500,Drampa,Indeedee-F,21.997
2026-09-30,M-C,gen9championsvgc2026regmcbo3,1500,Drampa,Incineroar,11.605
2026-09-30,M-C,gen9championsvgc2026regmcbo3,1500,Drampa,Alakazam-Mega,10.017
2026-09-30,M-C,gen9championsvgc2026regmcbo3,1500,Drampa,Mudsdale,9.69
2026-09-30,M-C,gen9championsvgc2026regmcbo3,1500,Drampa,Sneasler,8.31
2026-09-30,M-C,gen9championsvgc2026regmcbo3,1500,Araquanid,Indeedee-F,27.701
2026-09-30,M-C,gen9championsvgc2026regmcbo3,1500,Araquanid,Rillaboom,20.406
2026-09-30,M-C,gen9championsvgc2026regmcbo3,1500,Araquanid,Golisopod-Mega,17.007
2026-09-30,M-C,gen9championsvgc2026regmcbo3,1500,Araquanid,Sneasler,13.942
2026-09-30,M-C,gen9championsvgc2026regmcbo3,1500,Araquanid,Incineroar,13.666
2026-09-30,M-C,gen9championsvgc2026regmcbo3,1500,Araquanid,Farigiraf,12.032
2026-09-30,M-C,gen9championsvgc2026regmcbo3,1500,Araquanid,Gholdengo,11.128
2026-09-30,M-C,gen9championsvgc2026regmcbo3,1500,Araquanid,Kingambit,10.472
2026-09-30,M-C,gen9championsvgc2026regmcbo3,1500,Araquanid,Gardevoir-Mega,10.16
2026-09-30,M-C,gen9championsvgc2026regmcbo3,1500,Araquanid,Pelipper,10.122
2026-09-30,M-C,gen9championsvgc2026regmcbo3,1500,Mudsdale,Indeedee-F,45.191
2026-09-30,M-C,gen9championsvgc2026regmcbo3,1500,Mudsdale,Incineroar,34.13
2026-09-30,M-C,gen9championsvgc2026regmcbo3,1500,Mudsdale,Farigiraf,31.128
2026-09-30,M-C,gen9championsvgc2026regmcbo3,1500,Mudsdale,Golisopod-Mega,20.071
2026-09-30,M-C,gen9championsvgc2026regmcbo3,1500,Mudsdale,Gardevoir-Mega,19.589
2026-09-30,M-C,gen9championsvgc2026regmcbo3,1500,Mudsdale,Kingambit,18.509
2026-09-30,M-C,gen9championsvgc2026regmcbo3,1500,Mudsdale,Torkoal,17.251
2026-09-30,M-C,gen9championsvgc2026regmcbo3,1500,Mudsdale,Annihilape,15.985
2026-09-30,M-C,gen9championsvgc2026regmcbo3,1500,Mudsdale,Dragonite-Mega,14.743
2026-09-30,M-C,gen9championsvgc2026regmcbo3,1500,Mudsdale,Alakazam-Mega,14.231
2026-09-30,M-C,gen9championsvgc2026regmcbo3,1500,Azumarill,Rillaboom,62.38
2026-09-30,M-C,gen9championsvgc2026regmcbo3,1500,Azumarill,Salamence-Mega,40.258
2026-09-30,M-C,gen9championsvgc2026regmcbo3,1500,Azumarill,Raichu-Mega-Y,39.122
2026-09-30,M-C,gen9championsvgc2026regmcbo3,1500,Azumarill,Arcanine-Hisui,35.297
2026-09-30,M-C,gen9championsvgc2026regmcbo3,1500,Azumarill,Kingambit,27.733
2026-09-30,M-C,gen9championsvgc2026regmcbo3,1500,Azumarill,Farigiraf,25.327
2026-09-30,M-C,gen9championsvgc2026regmcbo3,1500,Azumarill,Gholdengo,22.994
2026-09-30,M-C,gen9championsvgc2026regmcbo3,1500,Azumarill,Incineroar,16.22
2026-09-30,M-C,gen9championsvgc2026regmcbo3,1500,Azumarill,Camerupt-Mega,14.116
2026-09-30,M-C,gen9championsvgc2026regmcbo3,1500,Azumarill,Indeedee-F,11.106
2026-09-30,M-C,gen9championsvgc2026regmcbo3,1500,Pidgeot-Mega,Excadrill,71.322
2026-09-30,M-C,gen9championsvgc2026regmcbo3,1500,Pidgeot-Mega,Kommo-o,71.163
2026-09-30,M-C,gen9championsvgc2026regmcbo3,1500,Pidgeot-Mega,Indeedee-F,43.633
2026-09-30,M-C,gen9championsvgc2026regmcbo3,1500,Pidgeot-Mega,Gardevoir-Mega,41.225
2026-09-30,M-C,gen9championsvgc2026regmcbo3,1500,Pidgeot-Mega,Tyranitar,39.777
2026-09-30,M-C,gen9championsvgc2026regmcbo3,1500,Pidgeot-Mega,Tyranitar-Mega,31.88
2026-09-30,M-C,gen9championsvgc2026regmcbo3,1500,Pidgeot-Mega,Aegislash,29.95
2026-09-30,M-C,gen9championsvgc2026regmcbo3,1500,Pidgeot-Mega,Tsareena,28.721
2026-09-30,M-C,gen9championsvgc2026regmcbo3,1500,Pidgeot-Mega,Rillaboom,8.758
2026-09-30,M-C,gen9championsvgc2026regmcbo3,1500,Pidgeot-Mega,Raichu-Mega-Y,6.52
2026-09-30,M-C,gen9championsvgc2026regmcbo3,1500,Aggron-Mega,Incineroar,51.227
2026-09-30,M-C,gen9championsvgc2026regmcbo3,1500,Aggron-Mega,Rillaboom,49.724
2026-09-30,M-C,gen9championsvgc2026regmcbo3,1500,Aggron-Mega,Hydreigon,26.989
2026-09-30,M-C,gen9championsvgc2026regmcbo3,1500,Aggron-Mega,Sinistcha,26.42
2026-09-30,M-C,gen9championsvgc2026regmcbo3,1500,Aggron-Mega,Farigiraf,21.459
2026-09-30,M-C,gen9championsvgc2026regmcbo3,1500,Aggron-Mega,Basculegion,16.907
2026-09-30,M-C,gen9championsvgc2026regmcbo3,1500,Aggron-Mega,Indeedee-F,14.433
2026-09-30,M-C,gen9championsvgc2026regmcbo3,1500,Aggron-Mega,Pelipper,13.483
2026-09-30,M-C,gen9championsvgc2026regmcbo3,1500,Aggron-Mega,Blaziken-Mega,12.288
2026-09-30,M-C,gen9championsvgc2026regmcbo3,1500,Aggron-Mega,Aerodactyl-Mega,12.259
2026-09-30,M-C,gen9championsvgc2026regmcbo3,1500,Scizor,Rillaboom,29.716
2026-09-30,M-C,gen9championsvgc2026regmcbo3,1500,Scizor,Incineroar,25.432
2026-09-30,M-C,gen9championsvgc2026regmcbo3,1500,Scizor,Basculegion,16.628
2026-09-30,M-C,gen9championsvgc2026regmcbo3,1500,Scizor,Ceruledge,15.549
2026-09-30,M-C,gen9championsvgc2026regmcbo3,1500,Scizor,Rotom-Wash,14.917
2026-09-30,M-C,gen9championsvgc2026regmcbo3,1500,Scizor,Toxapex,14.909
2026-09-30,M-C,gen9championsvgc2026regmcbo3,1500,Scizor,Grimmsnarl,14.565
2026-09-30,M-C,gen9championsvgc2026regmcbo3,1500,Scizor,Scrafty-Mega,14.394
2026-09-30,M-C,gen9championsvgc2026regmcbo3,1500,Scizor,Salamence-Mega,10.989
2026-09-30,M-C,gen9championsvgc2026regmcbo3,1500,Scizor,Annihilape,10.322
2026-09-30,M-C,gen9championsvgc2026regmcbo3,1500,Lucario-Mega,Incineroar,42.291
2026-09-30,M-C,gen9championsvgc2026regmcbo3,1500,Lucario-Mega,Farigiraf,38.458
2026-09-30,M-C,gen9championsvgc2026regmcbo3,1500,Lucario-Mega,Hatterene,32.646
2026-09-30,M-C,gen9championsvgc2026regmcbo3,1500,Lucario-Mega,Torkoal,31.143
2026-09-30,M-C,gen9championsvgc2026regmcbo3,1500,Lucario-Mega,Grapploct,25.872
2026-09-30,M-C,gen9championsvgc2026regmcbo3,1500,Lucario-Mega,Basculegion,16.762
2026-09-30,M-C,gen9championsvgc2026regmcbo3,1500,Lucario-Mega,Indeedee-F,15.947
2026-09-30,M-C,gen9championsvgc2026regmcbo3,1500,Lucario-Mega,Pelipper,15.745
2026-09-30,M-C,gen9championsvgc2026regmcbo3,1500,Lucario-Mega,Rillaboom,13.212
2026-09-30,M-C,gen9championsvgc2026regmcbo3,1500,Lucario-Mega,Gholdengo,10.568
2026-09-30,M-C,gen9championsvgc2026regmcbo3,1500,Rhyperior,Farigiraf,69.416
2026-09-30,M-C,gen9championsvgc2026regmcbo3,1500,Rhyperior,Charizard-Mega-Y,57.393
2026-09-30,M-C,gen9championsvgc2026regmcbo3,1500,Rhyperior,Incineroar,48.442
2026-09-30,M-C,gen9championsvgc2026regmcbo3,1500,Rhyperior,Venusaur,47.372
2026-09-30,M-C,gen9championsvgc2026regmcbo3,1500,Rhyperior,Sylveon,26.397
2026-09-30,M-C,gen9championsvgc2026regmcbo3,1500,Rhyperior,Rillaboom,14.088
2026-09-30,M-C,gen9championsvgc2026regmcbo3,1500,Rhyperior,Sneasler,12.463
2026-09-30,M-C,gen9championsvgc2026regmcbo3,1500,Rhyperior,Golisopod-Mega,12.42
2026-09-30,M-C,gen9championsvgc2026regmcbo3,1500,Rhyperior,Indeedee-F,8.601
2026-09-30,M-C,gen9championsvgc2026regmcbo3,1500,Rhyperior,Pelipper,8.016
2026-09-30,M-C,gen9championsvgc2026regmcbo3,1500,Salamence,Rillaboom,49.361
2026-09-30,M-C,gen9championsvgc2026regmcbo3,1500,Salamence,Sneasler,27.509
2026-09-30,M-C,gen9championsvgc2026regmcbo3,1500,Salamence,Kingambit,25.056
2026-09-30,M-C,gen9championsvgc2026regmcbo3,1500,Salamence,Tyranitar-Mega,24.785
2026-09-30,M-C,gen9championsvgc2026regmcbo3,1500,Salamence,Excadrill,23.062
2026-09-30,M-C,gen9championsvgc2026regmcbo3,1500,Salamence,Gholdengo,22.711
2026-09-30,M-C,gen9championsvgc2026regmcbo3,1500,Salamence,Indeedee-F,15.594
2026-09-30,M-C,gen9championsvgc2026regmcbo3,1500,Salamence,Milotic,14.932
2026-09-30,M-C,gen9championsvgc2026regmcbo3,1500,Salamence,Raichu-Mega-Y,13.346
2026-09-30,M-C,gen9championsvgc2026regmcbo3,1500,Salamence,Floette-Mega,12.735
2026-09-30,M-C,gen9championsvgc2026regmcbo3,1500,Arcanine,Rillaboom,66.477
2026-09-30,M-C,gen9championsvgc2026regmcbo3,1500,Arcanine,Raichu-Mega-Y,53.188
2026-09-30,M-C,gen9championsvgc2026regmcbo3,1500,Arcanine,Sneasler,31.661
2026-09-30,M-C,gen9championsvgc2026regmcbo3,1500,Arcanine,Gholdengo,27.872
2026-09-30,M-C,gen9championsvgc2026regmcbo3,1500,Arcanine,Kingambit,26.344
2026-09-30,M-C,gen9championsvgc2026regmcbo3,1500,Arcanine,Primarina,26.157
2026-09-30,M-C,gen9championsvgc2026regmcbo3,1500,Arcanine,Garchomp-Mega-Z,24.702
2026-09-30,M-C,gen9championsvgc2026regmcbo3,1500,Arcanine,Baxcalibur-Mega,22.37
2026-09-30,M-C,gen9championsvgc2026regmcbo3,1500,Arcanine,Milotic,15.906
2026-09-30,M-C,gen9championsvgc2026regmcbo3,1500,Arcanine,Salamence-Mega,10.162
2026-09-30,M-C,gen9championsvgc2026regmcbo3,1500,Ninetales,Indeedee-F,54.904
2026-09-30,M-C,gen9championsvgc2026regmcbo3,1500,Ninetales,Pyroar-Mega,47.802
2026-09-30,M-C,gen9championsvgc2026regmcbo3,1500,Ninetales,Whimsicott,36.729
2026-09-30,M-C,gen9championsvgc2026regmcbo3,1500,Ninetales,Basculegion,33.748
2026-09-30,M-C,gen9championsvgc2026regmcbo3,1500,Ninetales,Gardevoir-Mega,28.965
2026-09-30,M-C,gen9championsvgc2026regmcbo3,1500,Ninetales,Sneasler,25.591
2026-09-30,M-C,gen9championsvgc2026regmcbo3,1500,Ninetales,Incineroar,12.732
2026-09-30,M-C,gen9championsvgc2026regmcbo3,1500,Ninetales,Floette-Mega,12.116
2026-09-30,M-C,gen9championsvgc2026regmcbo3,1500,Ninetales,Farigiraf,11.895
2026-09-30,M-C,gen9championsvgc2026regmcbo3,1500,Ninetales,Meowstic-F-Mega,11.612
2026-09-30,M-C,gen9championsvgc2026regmcbo3,1500,Steelix-Mega,Tyranitar-Mega,35.521
2026-09-30,M-C,gen9championsvgc2026regmcbo3,1500,Steelix-Mega,Sinistcha,33.242
2026-09-30,M-C,gen9championsvgc2026regmcbo3,1500,Steelix-Mega,Tyranitar,29.339
2026-09-30,M-C,gen9championsvgc2026regmcbo3,1500,Steelix-Mega,Sneasler,28.983
2026-09-30,M-C,gen9championsvgc2026regmcbo3,1500,Steelix-Mega,Farigiraf,28.11
2026-09-30,M-C,gen9championsvgc2026regmcbo3,1500,Steelix-Mega,Incineroar,24.254
2026-09-30,M-C,gen9championsvgc2026regmcbo3,1500,Steelix-Mega,Rillaboom,21.073
2026-09-30,M-C,gen9championsvgc2026regmcbo3,1500,Steelix-Mega,Indeedee-F,20.636
2026-09-30,M-C,gen9championsvgc2026regmcbo3,1500,Steelix-Mega,Milotic,18.696
2026-09-30,M-C,gen9championsvgc2026regmcbo3,1500,Steelix-Mega,Charizard-Mega-Y,11.07
2026-09-30,M-C,gen9championsvgc2026regmcbo3,1500,Abomasnow-Mega,Farigiraf,57.506
2026-09-30,M-C,gen9championsvgc2026regmcbo3,1500,Abomasnow-Mega,Camerupt-Mega,55.303
2026-09-30,M-C,gen9championsvgc2026regmcbo3,1500,Abomasnow-Mega,Indeedee-F,49.561
2026-09-30,M-C,gen9championsvgc2026regmcbo3,1500,Abomasnow-Mega,Incineroar,37.637
2026-09-30,M-C,gen9championsvgc2026regmcbo3,1500,Abomasnow-Mega,Kingambit,23.509
2026-09-30,M-C,gen9championsvgc2026regmcbo3,1500,Abomasnow-Mega,Sneasler,17.842
2026-09-30,M-C,gen9championsvgc2026regmcbo3,1500,Abomasnow-Mega,Hatterene,16.119
2026-09-30,M-C,gen9championsvgc2026regmcbo3,1500,Abomasnow-Mega,Maushold,13.61
2026-09-30,M-C,gen9championsvgc2026regmcbo3,1500,Abomasnow-Mega,Armarouge,13.491
2026-09-30,M-C,gen9championsvgc2026regmcbo3,1500,Abomasnow-Mega,Basculegion,10.148
2026-09-30,M-C,gen9championsvgc2026regmcbo3,1500,Scizor-Mega,Rillaboom,43.438
2026-09-30,M-C,gen9championsvgc2026regmcbo3,1500,Scizor-Mega,Incineroar,32.536
2026-09-30,M-C,gen9championsvgc2026regmcbo3,1500,Scizor-Mega,Pelipper,27.972
2026-09-30,M-C,gen9championsvgc2026regmcbo3,1500,Scizor-Mega,Sneasler,27.415
2026-09-30,M-C,gen9championsvgc2026regmcbo3,1500,Scizor-Mega,Archaludon,26.017
2026-09-30,M-C,gen9championsvgc2026regmcbo3,1500,Scizor-Mega,Salamence-Mega,24.84
2026-09-30,M-C,gen9championsvgc2026regmcbo3,1500,Scizor-Mega,Milotic,12.218
2026-09-30,M-C,gen9championsvgc2026regmcbo3,1500,Scizor-Mega,Ninetales-Alola,11.883
2026-09-30,M-C,gen9championsvgc2026regmcbo3,1500,Scizor-Mega,Farigiraf,10.986
2026-09-30,M-C,gen9championsvgc2026regmcbo3,1500,Scizor-Mega,Sinistcha,9.918
2026-09-30,M-C,gen9championsvgc2026regmcbo3,1500,Cinderace,Whimsicott,37.373
2026-09-30,M-C,gen9championsvgc2026regmcbo3,1500,Cinderace,Gholdengo,37.154
2026-09-30,M-C,gen9championsvgc2026regmcbo3,1500,Cinderace,Floette-Mega,27.396
2026-09-30,M-C,gen9championsvgc2026regmcbo3,1500,Cinderace,Farigiraf,26.095
2026-09-30,M-C,gen9championsvgc2026regmcbo3,1500,Cinderace,Basculegion,24.7
2026-09-30,M-C,gen9championsvgc2026regmcbo3,1500,Cinderace,Rillaboom,24.166
2026-09-30,M-C,gen9championsvgc2026regmcbo3,1500,Cinderace,Salamence-Mega,23.307
2026-09-30,M-C,gen9championsvgc2026regmcbo3,1500,Cinderace,Sneasler,18.4
2026-09-30,M-C,gen9championsvgc2026regmcbo3,1500,Cinderace,Kingambit,13.483
2026-09-30,M-C,gen9championsvgc2026regmcbo3,1500,Cinderace,Garchomp-Mega-Z,12.117
2026-09-30,M-C,gen9championsvgc2026regmcbo3,1500,Mimikyu,Rillaboom,31.338
2026-09-30,M-C,gen9championsvgc2026regmcbo3,1500,Mimikyu,Salamence-Mega,20.879
2026-09-30,M-C,gen9championsvgc2026regmcbo3,1500,Mimikyu,Kingambit,19.81
2026-09-30,M-C,gen9championsvgc2026regmcbo3,1500,Mimikyu,Incineroar,18.665
2026-09-30,M-C,gen9championsvgc2026regmcbo3,1500,Mimikyu,Garchomp-Mega-Z,16.524
2026-09-30,M-C,gen9championsvgc2026regmcbo3,1500,Mimikyu,Golisopod-Mega,13.352
2026-09-30,M-C,gen9championsvgc2026regmcbo3,1500,Mimikyu,Gholdengo,12.464
2026-09-30,M-C,gen9championsvgc2026regmcbo3,1500,Mimikyu,Farigiraf,11.961
2026-09-30,M-C,gen9championsvgc2026regmcbo3,1500,Mimikyu,Tyranitar-Mega,11.548
2026-09-30,M-C,gen9championsvgc2026regmcbo3,1500,Mimikyu,Sneasler,11.295
2026-09-30,M-C,gen9championsvgc2026regmcbo3,1500,Krookodile,Charizard-Mega-Y,36.043
2026-09-30,M-C,gen9championsvgc2026regmcbo3,1500,Krookodile,Sneasler,35.3
2026-09-30,M-C,gen9championsvgc2026regmcbo3,1500,Krookodile,Indeedee,26.512
2026-09-30,M-C,gen9championsvgc2026regmcbo3,1500,Krookodile,Venusaur,26.494
2026-09-30,M-C,gen9championsvgc2026regmcbo3,1500,Krookodile,Whimsicott,26.071
2026-09-30,M-C,gen9championsvgc2026regmcbo3,1500,Krookodile,Empoleon,23.679
2026-09-30,M-C,gen9championsvgc2026regmcbo3,1500,Krookodile,Gholdengo,23.572
2026-09-30,M-C,gen9championsvgc2026regmcbo3,1500,Krookodile,Garchomp-Mega-Z,18.662
2026-09-30,M-C,gen9championsvgc2026regmcbo3,1500,Krookodile,Raichu-Mega-Y,16.926
2026-09-30,M-C,gen9championsvgc2026regmcbo3,1500,Krookodile,Rillaboom,13.323
2026-09-30,M-C,gen9championsvgc2026regmcbo3,1500,Delphox,Indeedee-F,60.96
2026-09-30,M-C,gen9championsvgc2026regmcbo3,1500,Delphox,Sneasler,45.982
2026-09-30,M-C,gen9championsvgc2026regmcbo3,1500,Delphox,Annihilape,21.316
2026-09-30,M-C,gen9championsvgc2026regmcbo3,1500,Delphox,Golisopod-Mega,18.512
2026-09-30,M-C,gen9championsvgc2026regmcbo3,1500,Delphox,Basculegion,17.324
2026-09-30,M-C,gen9championsvgc2026regmcbo3,1500,Delphox,Indeedee,16.929
2026-09-30,M-C,gen9championsvgc2026regmcbo3,1500,Delphox,Incineroar,16.81
2026-09-30,M-C,gen9championsvgc2026regmcbo3,1500,Delphox,Whimsicott,14.489
2026-09-30,M-C,gen9championsvgc2026regmcbo3,1500,Delphox,Salamence-Mega,14.051
2026-09-30,M-C,gen9championsvgc2026regmcbo3,1500,Delphox,Tyranitar-Mega,13.86
2026-09-30,M-C,gen9championsvgc2026regmcbo3,1500,Raichu,Rillaboom,41.919
2026-09-30,M-C,gen9championsvgc2026regmcbo3,1500,Raichu,Incineroar,39.315
2026-09-30,M-C,gen9championsvgc2026regmcbo3,1500,Raichu,Gengar-Mega,30.809
2026-09-30,M-C,gen9championsvgc2026regmcbo3,1500,Raichu,Politoed,25.82
2026-09-30,M-C,gen9championsvgc2026regmcbo3,1500,Raichu,Staraptor-Mega,22.523
2026-09-30,M-C,gen9championsvgc2026regmcbo3,1500,Raichu,Floette-Mega,15.113
2026-09-30,M-C,gen9championsvgc2026regmcbo3,1500,Raichu,Charizard-Mega-Y,12.32
2026-09-30,M-C,gen9championsvgc2026regmcbo3,1500,Raichu,Archaludon,11.354
2026-09-30,M-C,gen9championsvgc2026regmcbo3,1500,Raichu,Kingambit,10.477
2026-09-30,M-C,gen9championsvgc2026regmcbo3,1500,Raichu,Gholdengo,10.422
2026-09-30,M-C,gen9championsvgc2026regmcbo3,1500,Golurk-Mega,Indeedee-F,46.144
2026-09-30,M-C,gen9championsvgc2026regmcbo3,1500,Golurk-Mega,Torkoal,44.391
2026-09-30,M-C,gen9championsvgc2026regmcbo3,1500,Golurk-Mega,Farigiraf,40.59
2026-09-30,M-C,gen9championsvgc2026regmcbo3,1500,Golurk-Mega,Hatterene,27.613
2026-09-30,M-C,gen9championsvgc2026regmcbo3,1500,Golurk-Mega,Incineroar,22.25
2026-09-30,M-C,gen9championsvgc2026regmcbo3,1500,Golurk-Mega,Kingambit,18.262
2026-09-30,M-C,gen9championsvgc2026regmcbo3,1500,Golurk-Mega,Armarouge,15.111
2026-09-30,M-C,gen9championsvgc2026regmcbo3,1500,Golurk-Mega,Golisopod-Mega,14.376
2026-09-30,M-C,gen9championsvgc2026regmcbo3,1500,Golurk-Mega,Maushold,13.113
2026-09-30,M-C,gen9championsvgc2026regmcbo3,1500,Golurk-Mega,Sneasler,10.51
2026-09-30,M-C,gen9championsvgc2026regmcbo3,1500,Greninja-Mega,Sneasler,48.146
2026-09-30,M-C,gen9championsvgc2026regmcbo3,1500,Greninja-Mega,Indeedee,31.412
2026-09-30,M-C,gen9championsvgc2026regmcbo3,1500,Greninja-Mega,Annihilape,28.406
2026-09-30,M-C,gen9championsvgc2026regmcbo3,1500,Greninja-Mega,Charizard-Mega-Y,28.221
2026-09-30,M-C,gen9championsvgc2026regmcbo3,1500,Greninja-Mega,Venusaur,27.911
2026-09-30,M-C,gen9championsvgc2026regmcbo3,1500,Greninja-Mega,Rillaboom,20.601
2026-09-30,M-C,gen9championsvgc2026regmcbo3,1500,Greninja-Mega,Incineroar,13.613
2026-09-30,M-C,gen9championsvgc2026regmcbo3,1500,Greninja-Mega,Pelipper,13.038
2026-09-30,M-C,gen9championsvgc2026regmcbo3,1500,Greninja-Mega,Ninetales-Alola,11.533
2026-09-30,M-C,gen9championsvgc2026regmcbo3,1500,Greninja-Mega,Archaludon,9.632
2026-09-30,M-C,gen9championsvgc2026regmcbo3,1500,Slowbro-Mega,Indeedee-F,57.813
2026-09-30,M-C,gen9championsvgc2026regmcbo3,1500,Slowbro-Mega,Incineroar,28.515
2026-09-30,M-C,gen9championsvgc2026regmcbo3,1500,Slowbro-Mega,Kingambit,26.492
2026-09-30,M-C,gen9championsvgc2026regmcbo3,1500,Slowbro-Mega,Camerupt-Mega,25.615
2026-09-30,M-C,gen9championsvgc2026regmcbo3,1500,Slowbro-Mega,Grapploct,23.664
2026-09-30,M-C,gen9championsvgc2026regmcbo3,1500,Slowbro-Mega,Torkoal,23.489
2026-09-30,M-C,gen9championsvgc2026regmcbo3,1500,Slowbro-Mega,Farigiraf,22.411
2026-09-30,M-C,gen9championsvgc2026regmcbo3,1500,Slowbro-Mega,Rillaboom,14.279
2026-09-30,M-C,gen9championsvgc2026regmcbo3,1500,Slowbro-Mega,Sneasler,14.255
2026-09-30,M-C,gen9championsvgc2026regmcbo3,1500,Slowbro-Mega,Hatterene,13.312
2026-09-30,M-C,gen9championsvgc2026regmcbo3,1500,Altaria-Mega,Rillaboom,60.555
2026-09-30,M-C,gen9championsvgc2026regmcbo3,1500,Altaria-Mega,Kingambit,52.522
2026-09-30,M-C,gen9championsvgc2026regmcbo3,1500,Altaria-Mega,Incineroar,48.754
2026-09-30,M-C,gen9championsvgc2026regmcbo3,1500,Altaria-Mega,Sneasler,41.309
2026-09-30,M-C,gen9championsvgc2026regmcbo3,1500,Altaria-Mega,Gengar-Mega,25.332
2026-09-30,M-C,gen9championsvgc2026regmcbo3,1500,Altaria-Mega,Toxapex,16.202
2026-09-30,M-C,gen9championsvgc2026regmcbo3,1500,Altaria-Mega,Gliscor,11.9
2026-09-30,M-C,gen9championsvgc2026regmcbo3,1500,Altaria-Mega,Volcarona,11.324
2026-09-30,M-C,gen9championsvgc2026regmcbo3,1500,Altaria-Mega,Farigiraf,10.541
2026-09-30,M-C,gen9championsvgc2026regmcbo3,1500,Altaria-Mega,Gholdengo,9.132
2026-09-30,M-C,gen9championsvgc2026regmcbo3,1500,Skarmory-Mega,Rillaboom,33.505
2026-09-30,M-C,gen9championsvgc2026regmcbo3,1500,Skarmory-Mega,Garchomp,32.973
2026-09-30,M-C,gen9championsvgc2026regmcbo3,1500,Skarmory-Mega,Milotic,23.51
2026-09-30,M-C,gen9championsvgc2026regmcbo3,1500,Skarmory-Mega,Sneasler,22.392
2026-09-30,M-C,gen9championsvgc2026regmcbo3,1500,Skarmory-Mega,Tyranitar-Mega,19.91
2026-09-30,M-C,gen9championsvgc2026regmcbo3,1500,Skarmory-Mega,Volcarona,17.964
2026-09-30,M-C,gen9championsvgc2026regmcbo3,1500,Skarmory-Mega,Raichu-Mega-Y,15.433
2026-09-30,M-C,gen9championsvgc2026regmcbo3,1500,Skarmory-Mega,Indeedee,12.405
2026-09-30,M-C,gen9championsvgc2026regmcbo3,1500,Skarmory-Mega,Farigiraf,11.916
2026-09-30,M-C,gen9championsvgc2026regmcbo3,1500,Skarmory-Mega,Charizard-Mega-Y,11.376
2026-09-30,M-C,gen9championsvgc2026regmcbo3,1500,Persian-Alola,Salamence-Mega,25.682
2026-09-30,M-C,gen9championsvgc2026regmcbo3,1500,Persian-Alola,Rillaboom,25.644
2026-09-30,M-C,gen9championsvgc2026regmcbo3,1500,Persian-Alola,Gholdengo,25.474
2026-09-30,M-C,gen9championsvgc2026regmcbo3,1500,Persian-Alola,Sneasler,22.977
2026-09-30,M-C,gen9championsvgc2026regmcbo3,1500,Persian-Alola,Staraptor-Mega,21.419
2026-09-30,M-C,gen9championsvgc2026regmcbo3,1500,Persian-Alola,Milotic,19.705
2026-09-30,M-C,gen9championsvgc2026regmcbo3,1500,Persian-Alola,Volcarona,17.868
2026-09-30,M-C,gen9championsvgc2026regmcbo3,1500,Persian-Alola,Indeedee-F,16.765
2026-09-30,M-C,gen9championsvgc2026regmcbo3,1500,Persian-Alola,Farigiraf,12.941
2026-09-30,M-C,gen9championsvgc2026regmcbo3,1500,Persian-Alola,Tyranitar-Mega,12.576
2026-09-30,M-C,gen9championsvgc2026regmcbo3,1500,Meowstic,Aegislash,24.806
2026-09-30,M-C,gen9championsvgc2026regmcbo3,1500,Meowstic,Floette-Mega,24.11
2026-09-30,M-C,gen9championsvgc2026regmcbo3,1500,Meowstic,Archaludon,23.037
2026-09-30,M-C,gen9championsvgc2026regmcbo3,1500,Meowstic,Garchomp,17.653
2026-09-30,M-C,gen9championsvgc2026regmcbo3,1500,Meowstic,Golisopod-Mega,17.237
2026-09-30,M-C,gen9championsvgc2026regmcbo3,1500,Meowstic,Whimsicott,16.827
2026-09-30,M-C,gen9championsvgc2026regmcbo3,1500,Meowstic,Sneasler,16.639
2026-09-30,M-C,gen9championsvgc2026regmcbo3,1500,Meowstic,Indeedee-F,16.525
2026-09-30,M-C,gen9championsvgc2026regmcbo3,1500,Meowstic,Charizard-Mega-Y,15.956
2026-09-30,M-C,gen9championsvgc2026regmcbo3,1500,Meowstic,Pelipper,15.879
2026-09-30,M-C,gen9championsvgc2026regmcbo3,1500,Overqwil,Pelipper,24.429
2026-09-30,M-C,gen9championsvgc2026regmcbo3,1500,Overqwil,Golisopod-Mega,23.963
2026-09-30,M-C,gen9championsvgc2026regmcbo3,1500,Overqwil,Delphox-Mega,21.496
2026-09-30,M-C,gen9championsvgc2026regmcbo3,1500,Overqwil,Sableye,17.303
2026-09-30,M-C,gen9championsvgc2026regmcbo3,1500,Overqwil,Sneasler,16.125
2026-09-30,M-C,gen9championsvgc2026regmcbo3,1500,Overqwil,Rillaboom,15.31
2026-09-30,M-C,gen9championsvgc2026regmcbo3,1500,Overqwil,Annihilape,15.085
2026-09-30,M-C,gen9championsvgc2026regmcbo3,1500,Overqwil,Politoed,12.662
2026-09-30,M-C,gen9championsvgc2026regmcbo3,1500,Overqwil,Raichu-Mega-Y,12.015
2026-09-30,M-C,gen9championsvgc2026regmcbo3,1500,Overqwil,Indeedee-F,11.999
2026-09-30,M-C,gen9championsvgc2026regmcbo3,1500,Slowking-Galar,Golisopod-Mega,31.369
2026-09-30,M-C,gen9championsvgc2026regmcbo3,1500,Slowking-Galar,Rillaboom,21.442
2026-09-30,M-C,gen9championsvgc2026regmcbo3,1500,Slowking-Galar,Pelipper,21.291
2026-09-30,M-C,gen9championsvgc2026regmcbo3,1500,Slowking-Galar,Archaludon,19.0
2026-09-30,M-C,gen9championsvgc2026regmcbo3,1500,Slowking-Galar,Incineroar,15.71
2026-09-30,M-C,gen9championsvgc2026regmcbo3,1500,Slowking-Galar,Indeedee-F,15.163
2026-09-30,M-C,gen9championsvgc2026regmcbo3,1500,Slowking-Galar,Kingambit,14.141
2026-09-30,M-C,gen9championsvgc2026regmcbo3,1500,Slowking-Galar,Sneasler,11.95
2026-09-30,M-C,gen9championsvgc2026regmcbo3,1500,Slowking-Galar,Toxapex,10.167
2026-09-30,M-C,gen9championsvgc2026regmcbo3,1500,Slowking-Galar,Garchomp-Mega-Z,9.985
2026-09-30,M-C,gen9championsvgc2026regmcbo3,1500,Gyarados,Rillaboom,27.391
2026-09-30,M-C,gen9championsvgc2026regmcbo3,1500,Gyarados,Lucario-Mega-Z,20.171
2026-09-30,M-C,gen9championsvgc2026regmcbo3,1500,Gyarados,Kingambit,18.648
2026-09-30,M-C,gen9championsvgc2026regmcbo3,1500,Gyarados,Garchomp,17.94
2026-09-30,M-C,gen9championsvgc2026regmcbo3,1500,Gyarados,Sneasler,16.71
2026-09-30,M-C,gen9championsvgc2026regmcbo3,1500,Gyarados,Farigiraf,12.395
2026-09-30,M-C,gen9championsvgc2026regmcbo3,1500,Gyarados,Indeedee-F,11.529
2026-09-30,M-C,gen9championsvgc2026regmcbo3,1500,Gyarados,Dragapult,11.101
2026-09-30,M-C,gen9championsvgc2026regmcbo3,1500,Gyarados,Sinistcha,10.993
2026-09-30,M-C,gen9championsvgc2026regmcbo3,1500,Gyarados,Volcarona,10.965
2026-09-30,M-C,gen9championsvgc2026regmcbo3,1500,Drampa-Mega,Farigiraf,45.137
2026-09-30,M-C,gen9championsvgc2026regmcbo3,1500,Drampa-Mega,Sneasler,29.387
2026-09-30,M-C,gen9championsvgc2026regmcbo3,1500,Drampa-Mega,Charizard-Mega-Y,23.217
2026-09-30,M-C,gen9championsvgc2026regmcbo3,1500,Drampa-Mega,Milotic,22.886
2026-09-30,M-C,gen9championsvgc2026regmcbo3,1500,Drampa-Mega,Indeedee-F,22.096
2026-09-30,M-C,gen9championsvgc2026regmcbo3,1500,Drampa-Mega,Incineroar,17.263
2026-09-30,M-C,gen9championsvgc2026regmcbo3,1500,Drampa-Mega,Sinistcha,16.575
2026-09-30,M-C,gen9championsvgc2026regmcbo3,1500,Drampa-Mega,Torkoal,16.175
2026-09-30,M-C,gen9championsvgc2026regmcbo3,1500,Drampa-Mega,Golisopod-Mega,15.911
2026-09-30,M-C,gen9championsvgc2026regmcbo3,1500,Drampa-Mega,Rillaboom,15.615
2026-09-30,M-C,gen9championsvgc2026regmcbo3,1500,Ampharos-Mega,Farigiraf,39.478
2026-09-30,M-C,gen9championsvgc2026regmcbo3,1500,Ampharos-Mega,Rillaboom,34.401
2026-09-30,M-C,gen9championsvgc2026regmcbo3,1500,Ampharos-Mega,Incineroar,34.071
2026-09-30,M-C,gen9championsvgc2026regmcbo3,1500,Ampharos-Mega,Indeedee-F,25.641
2026-09-30,M-C,gen9championsvgc2026regmcbo3,1500,Ampharos-Mega,Sneasler,22.686
2026-09-30,M-C,gen9championsvgc2026regmcbo3,1500,Ampharos-Mega,Torkoal,21.029
2026-09-30,M-C,gen9championsvgc2026regmcbo3,1500,Ampharos-Mega,Armarouge,12.862
2026-09-30,M-C,gen9championsvgc2026regmcbo3,1500,Ampharos-Mega,Hatterene,12.133
2026-09-30,M-C,gen9championsvgc2026regmcbo3,1500,Ampharos-Mega,Kingambit,12.036
2026-09-30,M-C,gen9championsvgc2026regmcbo3,1500,Ampharos-Mega,Golisopod-Mega,11.673
2026-09-30,M-C,gen9championsvgc2026regmcbo3,1500,Ditto,Indeedee-F,27.496
2026-09-30,M-C,gen9championsvgc2026regmcbo3,1500,Ditto,Salamence-Mega,19.177
2026-09-30,M-C,gen9championsvgc2026regmcbo3,1500,Ditto,Golisopod-Mega,18.103
2026-09-30,M-C,gen9championsvgc2026regmcbo3,1500,Ditto,Rillaboom,17.976
2026-09-30,M-C,gen9championsvgc2026regmcbo3,1500,Ditto,Archaludon,16.57
2026-09-30,M-C,gen9championsvgc2026regmcbo3,1500,Ditto,Incineroar,13.948
2026-09-30,M-C,gen9championsvgc2026regmcbo3,1500,Ditto,Pelipper,13.599
2026-09-30,M-C,gen9championsvgc2026regmcbo3,1500,Ditto,Sneasler,11.655
2026-09-30,M-C,gen9championsvgc2026regmcbo3,1500,Ditto,Metagross-Mega,11.002
2026-09-30,M-C,gen9championsvgc2026regmcbo3,1500,Ditto,Swampert-Mega,10.022
2026-09-30,M-C,gen9championsvgc2026regmcbo3,1500,Chesnaught-Mega,Indeedee-F,35.872
2026-09-30,M-C,gen9championsvgc2026regmcbo3,1500,Chesnaught-Mega,Rillaboom,33.928
2026-09-30,M-C,gen9championsvgc2026regmcbo3,1500,Chesnaught-Mega,Incineroar,29.049
2026-09-30,M-C,gen9championsvgc2026regmcbo3,1500,Chesnaught-Mega,Farigiraf,27.56
2026-09-30,M-C,gen9championsvgc2026regmcbo3,1500,Chesnaught-Mega,Kingambit,17.749
2026-09-30,M-C,gen9championsvgc2026regmcbo3,1500,Chesnaught-Mega,Armarouge,17.735
2026-09-30,M-C,gen9championsvgc2026regmcbo3,1500,Chesnaught-Mega,Pelipper,11.853
2026-09-30,M-C,gen9championsvgc2026regmcbo3,1500,Chesnaught-Mega,Delphox-Mega,10.962
2026-09-30,M-C,gen9championsvgc2026regmcbo3,1500,Chesnaught-Mega,Sneasler,10.204
2026-09-30,M-C,gen9championsvgc2026regmcbo3,1500,Chesnaught-Mega,Camerupt-Mega,8.53
2026-09-30,M-C,gen9championsvgc2026regmcbo3,1500,Umbreon,Sneasler,35.749
2026-09-30,M-C,gen9championsvgc2026regmcbo3,1500,Umbreon,Rillaboom,33.979
2026-09-30,M-C,gen9championsvgc2026regmcbo3,1500,Umbreon,Charizard-Mega-Y,32.305
2026-09-30,M-C,gen9championsvgc2026regmcbo3,1500,Umbreon,Salamence-Mega,30.162
2026-09-30,M-C,gen9championsvgc2026regmcbo3,1500,Umbreon,Milotic,22.348
2026-09-30,M-C,gen9championsvgc2026regmcbo3,1500,Umbreon,Whimsicott,22.208
2026-09-30,M-C,gen9championsvgc2026regmcbo3,1500,Umbreon,Incineroar,16.517
2026-09-30,M-C,gen9championsvgc2026regmcbo3,1500,Umbreon,Gengar-Mega,12.594
2026-09-30,M-C,gen9championsvgc2026regmcbo3,1500,Umbreon,Kommo-o,11.123
2026-09-30,M-C,gen9championsvgc2026regmcbo3,1500,Umbreon,Gholdengo,11.084
2026-09-30,M-C,gen9championsvgc2026regmcbo3,1500,Chandelure-Mega,Sneasler,37.509
2026-09-30,M-C,gen9championsvgc2026regmcbo3,1500,Chandelure-Mega,Indeedee-F,37.003
2026-09-30,M-C,gen9championsvgc2026regmcbo3,1500,Chandelure-Mega,Milotic,22.604
2026-09-30,M-C,gen9championsvgc2026regmcbo3,1500,Chandelure-Mega,Whimsicott,22.124
2026-09-30,M-C,gen9championsvgc2026regmcbo3,1500,Chandelure-Mega,Kingambit,21.657
2026-09-30,M-C,gen9championsvgc2026regmcbo3,1500,Chandelure-Mega,Rillaboom,21.206
2026-09-30,M-C,gen9championsvgc2026regmcbo3,1500,Chandelure-Mega,Salamence-Mega,14.738
2026-09-30,M-C,gen9championsvgc2026regmcbo3,1500,Chandelure-Mega,Hydreigon,14.253
2026-09-30,M-C,gen9championsvgc2026regmcbo3,1500,Chandelure-Mega,Incineroar,13.218
2026-09-30,M-C,gen9championsvgc2026regmcbo3,1500,Chandelure-Mega,Basculegion,13.137
2026-09-30,M-C,gen9championsvgc2026regmcbo3,1500,Dragalge-Mega,Incineroar,30.218
2026-09-30,M-C,gen9championsvgc2026regmcbo3,1500,Dragalge-Mega,Rillaboom,29.217
2026-09-30,M-C,gen9championsvgc2026regmcbo3,1500,Dragalge-Mega,Farigiraf,25.437
2026-09-30,M-C,gen9championsvgc2026regmcbo3,1500,Dragalge-Mega,Golisopod-Mega,25.274
2026-09-30,M-C,gen9championsvgc2026regmcbo3,1500,Dragalge-Mega,Indeedee-F,19.8
2026-09-30,M-C,gen9championsvgc2026regmcbo3,1500,Dragalge-Mega,Sinistcha,18.072
2026-09-30,M-C,gen9championsvgc2026regmcbo3,1500,Dragalge-Mega,Torkoal,14.764
2026-09-30,M-C,gen9championsvgc2026regmcbo3,1500,Dragalge-Mega,Kingambit,14.46
2026-09-30,M-C,gen9championsvgc2026regmcbo3,1500,Dragalge-Mega,Primarina,13.213
2026-09-30,M-C,gen9championsvgc2026regmcbo3,1500,Dragalge-Mega,Armarouge,12.213
2026-09-30,M-C,gen9championsvgc2026regmcbo3,1500,Bellibolt,Staraptor-Mega,48.007
2026-09-30,M-C,gen9championsvgc2026regmcbo3,1500,Bellibolt,Raichu-Mega-X,46.556
2026-09-30,M-C,gen9championsvgc2026regmcbo3,1500,Bellibolt,Ninetales-Alola,44.334
2026-09-30,M-C,gen9championsvgc2026regmcbo3,1500,Bellibolt,Grimmsnarl,42.701
2026-09-30,M-C,gen9championsvgc2026regmcbo3,1500,Bellibolt,Volcarona,29.751
2026-09-30,M-C,gen9championsvgc2026regmcbo3,1500,Bellibolt,Rillaboom,19.58
2026-09-30,M-C,gen9championsvgc2026regmcbo3,1500,Bellibolt,Incineroar,14.883
2026-09-30,M-C,gen9championsvgc2026regmcbo3,1500,Bellibolt,Garchomp,11.756
2026-09-30,M-C,gen9championsvgc2026regmcbo3,1500,Bellibolt,Floette-Mega,9.447
2026-09-30,M-C,gen9championsvgc2026regmcbo3,1500,Bellibolt,Ceruledge,9.371
2026-09-30,M-C,gen9championsvgc2026regmcbo3,1500,Basculegion-F,Pelipper,61.303
2026-09-30,M-C,gen9championsvgc2026regmcbo3,1500,Basculegion-F,Golisopod-Mega,47.204
2026-09-30,M-C,gen9championsvgc2026regmcbo3,1500,Basculegion-F,Sneasler,27.238
2026-09-30,M-C,gen9championsvgc2026regmcbo3,1500,Basculegion-F,Archaludon,26.413
2026-09-30,M-C,gen9championsvgc2026regmcbo3,1500,Basculegion-F,Rillaboom,23.394
2026-09-30,M-C,gen9championsvgc2026regmcbo3,1500,Basculegion-F,Charizard-Mega-Y,17.597
2026-09-30,M-C,gen9championsvgc2026regmcbo3,1500,Basculegion-F,Swampert-Mega,16.509
2026-09-30,M-C,gen9championsvgc2026regmcbo3,1500,Basculegion-F,Incineroar,15.103
2026-09-30,M-C,gen9championsvgc2026regmcbo3,1500,Basculegion-F,Tsareena,14.19
2026-09-30,M-C,gen9championsvgc2026regmcbo3,1500,Basculegion-F,Arcanine-Hisui,12.065
2026-09-30,M-C,gen9championsvgc2026regmcbo3,1500,Barbaracle-Mega,Farigiraf,78.317
2026-09-30,M-C,gen9championsvgc2026regmcbo3,1500,Barbaracle-Mega,Torkoal,77.886
2026-09-30,M-C,gen9championsvgc2026regmcbo3,1500,Barbaracle-Mega,Vivillon,76.386
2026-09-30,M-C,gen9championsvgc2026regmcbo3,1500,Barbaracle-Mega,Venusaur,76.11
2026-09-30,M-C,gen9championsvgc2026regmcbo3,1500,Barbaracle-Mega,Kangaskhan-Mega,76.11
2026-09-30,M-C,gen9championsvgc2026regmcbo3,1500,Barbaracle-Mega,Incineroar,5.752
2026-09-30,M-C,gen9championsvgc2026regmcbo3,1500,Barbaracle-Mega,Volcarona,4.779
2026-09-30,M-C,gen9championsvgc2026regmcbo3,1500,Barbaracle-Mega,Rillaboom,4.236
2026-09-30,M-C,gen9championsvgc2026regmcbo3,1500,Barbaracle-Mega,Indeedee-F,3.745
2026-09-30,M-C,gen9championsvgc2026regmcbo3,1500,Barbaracle-Mega,Sneasler,3.12
2026-09-30,M-C,gen9championsvgc2026regmcbo3,1500,Decidueye-Hisui,Indeedee-F,58.16
2026-09-30,M-C,gen9championsvgc2026regmcbo3,1500,Decidueye-Hisui,Incineroar,26.299
2026-09-30,M-C,gen9championsvgc2026regmcbo3,1500,Decidueye-Hisui,Golisopod-Mega,24.75
2026-09-30,M-C,gen9championsvgc2026regmcbo3,1500,Decidueye-Hisui,Tyranitar-Mega,22.472
2026-09-30,M-C,gen9championsvgc2026regmcbo3,1500,Decidueye-Hisui,Armarouge,21.443
2026-09-30,M-C,gen9championsvgc2026regmcbo3,1500,Decidueye-Hisui,Primarina,17.831
2026-09-30,M-C,gen9championsvgc2026regmcbo3,1500,Decidueye-Hisui,Gardevoir-Mega,16.102
2026-09-30,M-C,gen9championsvgc2026regmcbo3,1500,Decidueye-Hisui,Farigiraf,15.911
2026-09-30,M-C,gen9championsvgc2026regmcbo3,1500,Decidueye-Hisui,Raichu-Mega-Y,14.704
2026-09-30,M-C,gen9championsvgc2026regmcbo3,1500,Decidueye-Hisui,Salamence-Mega,13.52
2026-09-30,M-C,gen9championsvgc2026regmcbo3,1500,Feraligatr-Mega,Rillaboom,39.283
2026-09-30,M-C,gen9championsvgc2026regmcbo3,1500,Feraligatr-Mega,Sneasler,35.887
2026-09-30,M-C,gen9championsvgc2026regmcbo3,1500,Feraligatr-Mega,Incineroar,35.202
2026-09-30,M-C,gen9championsvgc2026regmcbo3,1500,Feraligatr-Mega,Kingambit,28.362
2026-09-30,M-C,gen9championsvgc2026regmcbo3,1500,Feraligatr-Mega,Gholdengo,19.206
2026-09-30,M-C,gen9championsvgc2026regmcbo3,1500,Feraligatr-Mega,Floette-Mega,18.622
2026-09-30,M-C,gen9championsvgc2026regmcbo3,1500,Feraligatr-Mega,Whimsicott,17.196
2026-09-30,M-C,gen9championsvgc2026regmcbo3,1500,Feraligatr-Mega,Farigiraf,13.324
2026-09-30,M-C,gen9championsvgc2026regmcbo3,1500,Feraligatr-Mega,Raichu-Mega-Y,12.556
2026-09-30,M-C,gen9championsvgc2026regmcbo3,1500,Feraligatr-Mega,Volcarona,12.312
2026-09-30,M-C,gen9championsvgc2026regmcbo3,1500,Houndoom-Mega,Torkoal,61.943
2026-09-30,M-C,gen9championsvgc2026regmcbo3,1500,Houndoom-Mega,Indeedee-F,43.83
2026-09-30,M-C,gen9championsvgc2026regmcbo3,1500,Houndoom-Mega,Farigiraf,33.655
2026-09-30,M-C,gen9championsvgc2026regmcbo3,1500,Houndoom-Mega,Whimsicott,30.67
2026-09-30,M-C,gen9championsvgc2026regmcbo3,1500,Houndoom-Mega,Mawile-Mega,30.525
2026-09-30,M-C,gen9championsvgc2026regmcbo3,1500,Houndoom-Mega,Sneasler,27.242
2026-09-30,M-C,gen9championsvgc2026regmcbo3,1500,Houndoom-Mega,Vileplume,27.215
2026-09-30,M-C,gen9championsvgc2026regmcbo3,1500,Houndoom-Mega,Gardevoir-Mega,26.164
2026-09-30,M-C,gen9championsvgc2026regmcbo3,1500,Houndoom-Mega,Kangaskhan,25.357
2026-09-30,M-C,gen9championsvgc2026regmcbo3,1500,Houndoom-Mega,Annihilape,18.774
2026-09-30,M-C,gen9championsvgc2026regmcbo3,1500,Skeledirge,Rillaboom,35.566
2026-09-30,M-C,gen9championsvgc2026regmcbo3,1500,Skeledirge,Sneasler,24.231
2026-09-30,M-C,gen9championsvgc2026regmcbo3,1500,Skeledirge,Indeedee-F,18.911
2026-09-30,M-C,gen9championsvgc2026regmcbo3,1500,Skeledirge,Staraptor-Mega,18.691
2026-09-30,M-C,gen9championsvgc2026regmcbo3,1500,Skeledirge,Whimsicott,17.203
2026-09-30,M-C,gen9championsvgc2026regmcbo3,1500,Skeledirge,Golisopod-Mega,15.238
2026-09-30,M-C,gen9championsvgc2026regmcbo3,1500,Skeledirge,Scovillain-Mega,13.92
2026-09-30,M-C,gen9championsvgc2026regmcbo3,1500,Skeledirge,Kingambit,10.99
2026-09-30,M-C,gen9championsvgc2026regmcbo3,1500,Skeledirge,Basculegion,10.864
2026-09-30,M-C,gen9championsvgc2026regmcbo3,1500,Skeledirge,Raichu-Mega-Y,9.287
2026-09-30,M-C,gen9championsvgc2026regmcbo3,1500,Noivern,Incineroar,50.527
2026-09-30,M-C,gen9championsvgc2026regmcbo3,1500,Noivern,Charizard-Mega-Y,46.339
2026-09-30,M-C,gen9championsvgc2026regmcbo3,1500,Noivern,Venusaur,36.672
2026-09-30,M-C,gen9championsvgc2026regmcbo3,1500,Noivern,Garchomp,33.038
2026-09-30,M-C,gen9championsvgc2026regmcbo3,1500,Noivern,Sylveon,25.321
2026-09-30,M-C,gen9championsvgc2026regmcbo3,1500,Noivern,Gholdengo,24.868
2026-09-30,M-C,gen9championsvgc2026regmcbo3,1500,Noivern,Sneasler,16.459
2026-09-30,M-C,gen9championsvgc2026regmcbo3,1500,Noivern,Rillaboom,14.808
2026-09-30,M-C,gen9championsvgc2026regmcbo3,1500,Noivern,Glimmora-Mega,12.632
2026-09-30,M-C,gen9championsvgc2026regmcbo3,1500,Noivern,Kingambit,10.571
2026-09-30,M-C,gen9championsvgc2026regmcbo3,1500,Bastiodon,Rillaboom,88.816
2026-09-30,M-C,gen9championsvgc2026regmcbo3,1500,Bastiodon,Garchomp,83.408
2026-09-30,M-C,gen9championsvgc2026regmcbo3,1500,Bastiodon,Scovillain-Mega,80.787
2026-09-30,M-C,gen9championsvgc2026regmcbo3,1500,Bastiodon,Tyranitar-Mega,79.571
2026-09-30,M-C,gen9championsvgc2026regmcbo3,1500,Bastiodon,Incineroar,49.648
2026-09-30,M-C,gen9championsvgc2026regmcbo3,1500,Bastiodon,Milotic,22.533
2026-09-30,M-C,gen9championsvgc2026regmcbo3,1500,Bastiodon,Hippowdon,8.64
2026-09-30,M-C,gen9championsvgc2026regmcbo3,1500,Bastiodon,Basculegion,7.163
2026-09-30,M-C,gen9championsvgc2026regmcbo3,1500,Bastiodon,Salamence-Mega,6.026
2026-09-30,M-C,gen9championsvgc2026regmcbo3,1500,Bastiodon,Volcarona,4.823
2026-09-30,M-C,gen9championsvgc2026regmcbo3,1500,Perrserker,Indeedee-F,25.994
2026-09-30,M-C,gen9championsvgc2026regmcbo3,1500,Perrserker,Rillaboom,22.889
2026-09-30,M-C,gen9championsvgc2026regmcbo3,1500,Perrserker,Gholdengo,19.317
2026-09-30,M-C,gen9championsvgc2026regmcbo3,1500,Perrserker,Metagross-Mega,16.619
2026-09-30,M-C,gen9championsvgc2026regmcbo3,1500,Perrserker,Lucario-Mega-Z,16.155
2026-09-30,M-C,gen9championsvgc2026regmcbo3,1500,Perrserker,Golisopod-Mega,14.894
2026-09-30,M-C,gen9championsvgc2026regmcbo3,1500,Perrserker,Farigiraf,12.414
2026-09-30,M-C,gen9championsvgc2026regmcbo3,1500,Perrserker,Pelipper,12.282
2026-09-30,M-C,gen9championsvgc2026regmcbo3,1500,Perrserker,Basculegion,11.725
2026-09-30,M-C,gen9championsvgc2026regmcbo3,1500,Perrserker,Salamence-Mega,11.009
2026-09-30,M-C,gen9championsvgc2026regmcbo3,1500,Raichu-Alola,Pincurchin,67.385
2026-09-30,M-C,gen9championsvgc2026regmcbo3,1500,Raichu-Alola,Indeedee-F,41.302
2026-09-30,M-C,gen9championsvgc2026regmcbo3,1500,Raichu-Alola,Kingambit,22.152
2026-09-30,M-C,gen9championsvgc2026regmcbo3,1500,Raichu-Alola,Lucario-Mega-Z,15.8
2026-09-30,M-C,gen9championsvgc2026regmcbo3,1500,Raichu-Alola,Arcanine-Hisui,14.341
2026-09-30,M-C,gen9championsvgc2026regmcbo3,1500,Raichu-Alola,Sneasler,14.256
2026-09-30,M-C,gen9championsvgc2026regmcbo3,1500,Raichu-Alola,Staraptor-Mega,12.688
2026-09-30,M-C,gen9championsvgc2026regmcbo3,1500,Raichu-Alola,Basculegion,12.248
2026-09-30,M-C,gen9championsvgc2026regmcbo3,1500,Raichu-Alola,Rillaboom,11.886
2026-09-30,M-C,gen9championsvgc2026regmcbo3,1500,Raichu-Alola,Sinistcha,11.393
2026-09-30,M-C,gen9championsvgc2026regmcbo3,1500,Chandelure,Rillaboom,36.596
2026-09-30,M-C,gen9championsvgc2026regmcbo3,1500,Chandelure,Kingambit,33.367
2026-09-30,M-C,gen9championsvgc2026regmcbo3,1500,Chandelure,Farigiraf,28.788
2026-09-30,M-C,gen9championsvgc2026regmcbo3,1500,Chandelure,Sneasler,27.656
2026-09-30,M-C,gen9championsvgc2026regmcbo3,1500,Chandelure,Indeedee-F,21.902
2026-09-30,M-C,gen9championsvgc2026regmcbo3,1500,Chandelure,Camerupt-Mega,16.57
2026-09-30,M-C,gen9championsvgc2026regmcbo3,1500,Chandelure,Golisopod-Mega,14.231
2026-09-30,M-C,gen9championsvgc2026regmcbo3,1500,Chandelure,Primarina,14.08
2026-09-30,M-C,gen9championsvgc2026regmcbo3,1500,Chandelure,Salamence-Mega,13.33
2026-09-30,M-C,gen9championsvgc2026regmcbo3,1500,Chandelure,Milotic,9.962
2026-09-30,M-C,gen9championsvgc2026regmcbo3,1500,Oranguru,Kingambit,25.747
2026-09-30,M-C,gen9championsvgc2026regmcbo3,1500,Oranguru,Rillaboom,22.472
2026-09-30,M-C,gen9championsvgc2026regmcbo3,1500,Oranguru,Golisopod-Mega,18.972
2026-09-30,M-C,gen9championsvgc2026regmcbo3,1500,Oranguru,Sneasler,18.765
2026-09-30,M-C,gen9championsvgc2026regmcbo3,1500,Oranguru,Indeedee-F,17.632
2026-09-30,M-C,gen9championsvgc2026regmcbo3,1500,Oranguru,Camerupt-Mega,16.057
2026-09-30,M-C,gen9championsvgc2026regmcbo3,1500,Oranguru,Torkoal,12.567
2026-09-30,M-C,gen9championsvgc2026regmcbo3,1500,Oranguru,Sinistcha,11.148
2026-09-30,M-C,gen9championsvgc2026regmcbo3,1500,Oranguru,Pelipper,10.104
2026-09-30,M-C,gen9championsvgc2026regmcbo3,1500,Oranguru,Basculegion,8.36
2026-09-30,M-C,gen9championsvgc2026regmcbo3,1500,Heliolisk,Farigiraf,24.906
2026-09-30,M-C,gen9championsvgc2026regmcbo3,1500,Heliolisk,Indeedee-F,22.472
2026-09-30,M-C,gen9championsvgc2026regmcbo3,1500,Heliolisk,Torkoal,19.857
2026-09-30,M-C,gen9championsvgc2026regmcbo3,1500,Heliolisk,Sneasler,19.039
2026-09-30,M-C,gen9championsvgc2026regmcbo3,1500,Heliolisk,Gardevoir-Mega,17.441
2026-09-30,M-C,gen9championsvgc2026regmcbo3,1500,Heliolisk,Pelipper,14.573
2026-09-30,M-C,gen9championsvgc2026regmcbo3,1500,Heliolisk,Pyroar-Mega,12.732
2026-09-30,M-C,gen9championsvgc2026regmcbo3,1500,Heliolisk,Sceptile-Mega,11.997
2026-09-30,M-C,gen9championsvgc2026regmcbo3,1500,Heliolisk,Golisopod-Mega,11.267
2026-09-30,M-C,gen9championsvgc2026regmcbo3,1500,Heliolisk,Charizard-Mega-Y,9.915
2026-09-30,M-C,gen9championsvgc2026regmcbo3,1500,Houndstone,Tyranitar-Mega,46.884
2026-09-30,M-C,gen9championsvgc2026regmcbo3,1500,Houndstone,Rillaboom,26.414
2026-09-30,M-C,gen9championsvgc2026regmcbo3,1500,Houndstone,Sneasler,24.992
2026-09-30,M-C,gen9championsvgc2026regmcbo3,1500,Houndstone,Excadrill,22.775
2026-09-30,M-C,gen9championsvgc2026regmcbo3,1500,Houndstone,Incineroar,20.601
2026-09-30,M-C,gen9championsvgc2026regmcbo3,1500,Houndstone,Sinistcha,15.688
2026-09-30,M-C,gen9championsvgc2026regmcbo3,1500,Houndstone,Salamence-Mega,14.035
2026-09-30,M-C,gen9championsvgc2026regmcbo3,1500,Houndstone,Corviknight,12.732
2026-09-30,M-C,gen9championsvgc2026regmcbo3,1500,Houndstone,Tyranitar,12.684
2026-09-30,M-C,gen9championsvgc2026regmcbo3,1500,Houndstone,Kingambit,11.845
2026-09-30,M-C,gen9championsvgc2026regmcbo3,1500,Hawlucha,Incineroar,33.744
2026-09-30,M-C,gen9championsvgc2026regmcbo3,1500,Hawlucha,Raichu-Mega-X,32.885
2026-09-30,M-C,gen9championsvgc2026regmcbo3,1500,Hawlucha,Metagross-Mega,24.664
2026-09-30,M-C,gen9championsvgc2026regmcbo3,1500,Hawlucha,Indeedee-F,21.562
2026-09-30,M-C,gen9championsvgc2026regmcbo3,1500,Hawlucha,Pelipper,19.19
2026-09-30,M-C,gen9championsvgc2026regmcbo3,1500,Hawlucha,Rillaboom,17.101
2026-09-30,M-C,gen9championsvgc2026regmcbo3,1500,Hawlucha,Swampert-Mega,16.407
2026-09-30,M-C,gen9championsvgc2026regmcbo3,1500,Hawlucha,Kingambit,14.856
2026-09-30,M-C,gen9championsvgc2026regmcbo3,1500,Hawlucha,Milotic,13.415
2026-09-30,M-C,gen9championsvgc2026regmcbo3,1500,Hawlucha,Froslass-Mega,13.225
2026-09-30,M-C,gen9championsvgc2026regmcbo3,1500,Malamar-Mega,Indeedee-F,38.216
2026-09-30,M-C,gen9championsvgc2026regmcbo3,1500,Malamar-Mega,Torkoal,29.601
2026-09-30,M-C,gen9championsvgc2026regmcbo3,1500,Malamar-Mega,Armarouge,26.444
2026-09-30,M-C,gen9championsvgc2026regmcbo3,1500,Malamar-Mega,Whimsicott,18.46
2026-09-30,M-C,gen9championsvgc2026regmcbo3,1500,Malamar-Mega,Staraptor-Mega,17.889
2026-09-30,M-C,gen9championsvgc2026regmcbo3,1500,Malamar-Mega,Sinistcha,17.544
2026-09-30,M-C,gen9championsvgc2026regmcbo3,1500,Malamar-Mega,Incineroar,16.515
2026-09-30,M-C,gen9championsvgc2026regmcbo3,1500,Malamar-Mega,Farigiraf,12.153
2026-09-30,M-C,gen9championsvgc2026regmcbo3,1500,Malamar-Mega,Pelipper,10.27
2026-09-30,M-C,gen9championsvgc2026regmcbo3,1500,Malamar-Mega,Sneasler,10.215
2026-09-30,M-C,gen9championsvgc2026regmcbo3,1500,Orthworm,Sneasler,40.394
2026-09-30,M-C,gen9championsvgc2026regmcbo3,1500,Orthworm,Basculegion,40.342
2026-09-30,M-C,gen9championsvgc2026regmcbo3,1500,Orthworm,Salamence-Mega,32.225
2026-09-30,M-C,gen9championsvgc2026regmcbo3,1500,Orthworm,Indeedee,30.622
2026-09-30,M-C,gen9championsvgc2026regmcbo3,1500,Orthworm,Floette-Mega,28.145
2026-09-30,M-C,gen9championsvgc2026regmcbo3,1500,Orthworm,Garchomp,16.322
2026-09-30,M-C,gen9championsvgc2026regmcbo3,1500,Orthworm,Incineroar,14.617
2026-09-30,M-C,gen9championsvgc2026regmcbo3,1500,Orthworm,Indeedee-F,14.008
2026-09-30,M-C,gen9championsvgc2026regmcbo3,1500,Orthworm,Sinistcha,12.645
2026-09-30,M-C,gen9championsvgc2026regmcbo3,1500,Orthworm,Whimsicott,9.386
2026-09-30,M-C,gen9championsvgc2026regmcbo3,1500,Wigglytuff,Rillaboom,41.305
2026-09-30,M-C,gen9championsvgc2026regmcbo3,1500,Wigglytuff,Indeedee-F,25.671
2026-09-30,M-C,gen9championsvgc2026regmcbo3,1500,Wigglytuff,Incineroar,19.184
2026-09-30,M-C,gen9championsvgc2026regmcbo3,1500,Wigglytuff,Farigiraf,15.585
2026-09-30,M-C,gen9championsvgc2026regmcbo3,1500,Wigglytuff,Wyrdeer,14.041
2026-09-30,M-C,gen9championsvgc2026regmcbo3,1500,Wigglytuff,Charizard-Mega-Y,13.454
2026-09-30,M-C,gen9championsvgc2026regmcbo3,1500,Wigglytuff,Aegislash,13.323
2026-09-30,M-C,gen9championsvgc2026regmcbo3,1500,Wigglytuff,Armarouge,12.705
2026-09-30,M-C,gen9championsvgc2026regmcbo3,1500,Wigglytuff,Garchomp-Mega,12.319
2026-09-30,M-C,gen9championsvgc2026regmcbo3,1500,Wigglytuff,Golisopod-Mega,12.182
2026-09-30,M-C,gen9championsvgc2026regmcbo3,1500,Tauros-Paldea-Aqua,Rillaboom,39.574
2026-09-30,M-C,gen9championsvgc2026regmcbo3,1500,Tauros-Paldea-Aqua,Incineroar,23.711
2026-09-30,M-C,gen9championsvgc2026regmcbo3,1500,Tauros-Paldea-Aqua,Salamence-Mega,22.586
2026-09-30,M-C,gen9championsvgc2026regmcbo3,1500,Tauros-Paldea-Aqua,Gholdengo,18.611
2026-09-30,M-C,gen9championsvgc2026regmcbo3,1500,Tauros-Paldea-Aqua,Kingambit,17.346
2026-09-30,M-C,gen9championsvgc2026regmcbo3,1500,Tauros-Paldea-Aqua,Raichu-Mega-Y,15.146
2026-09-30,M-C,gen9championsvgc2026regmcbo3,1500,Tauros-Paldea-Aqua,Floette-Mega,13.131
2026-09-30,M-C,gen9championsvgc2026regmcbo3,1500,Tauros-Paldea-Aqua,Froslass-Mega,12.994
2026-09-30,M-C,gen9championsvgc2026regmcbo3,1500,Tauros-Paldea-Aqua,Delphox-Mega,12.672
2026-09-30,M-C,gen9championsvgc2026regmcbo3,1500,Tauros-Paldea-Aqua,Volcarona,11.509
2026-09-30,M-C,gen9championsvgc2026regmcbo3,1500,Gallade-Mega,Indeedee-F,32.869
2026-09-30,M-C,gen9championsvgc2026regmcbo3,1500,Gallade-Mega,Milotic,19.85
2026-09-30,M-C,gen9championsvgc2026regmcbo3,1500,Gallade-Mega,Gardevoir-Mega,17.164
2026-09-30,M-C,gen9championsvgc2026regmcbo3,1500,Gallade-Mega,Torkoal,15.549
2026-09-30,M-C,gen9championsvgc2026regmcbo3,1500,Gallade-Mega,Rillaboom,14.957
2026-09-30,M-C,gen9championsvgc2026regmcbo3,1500,Gallade-Mega,Kingambit,14.005
2026-09-30,M-C,gen9championsvgc2026regmcbo3,1500,Gallade-Mega,Sneasler,13.87
2026-09-30,M-C,gen9championsvgc2026regmcbo3,1500,Gallade-Mega,Basculegion,13.613
2026-09-30,M-C,gen9championsvgc2026regmcbo3,1500,Gallade-Mega,Armarouge,13.162
2026-09-30,M-C,gen9championsvgc2026regmcbo3,1500,Gallade-Mega,Incineroar,12.723
2026-09-30,M-C,gen9championsvgc2026regmcbo3,1500,Metagross,Salamence-Mega,28.12
2026-09-30,M-C,gen9championsvgc2026regmcbo3,1500,Metagross,Rillaboom,21.688
2026-09-30,M-C,gen9championsvgc2026regmcbo3,1500,Metagross,Sneasler,18.707
2026-09-30,M-C,gen9championsvgc2026regmcbo3,1500,Metagross,Garchomp,17.986
2026-09-30,M-C,gen9championsvgc2026regmcbo3,1500,Metagross,Tyranitar-Mega,17.544
2026-09-30,M-C,gen9championsvgc2026regmcbo3,1500,Metagross,Indeedee-F,13.66
2026-09-30,M-C,gen9championsvgc2026regmcbo3,1500,Metagross,Gardevoir-Mega,10.872
2026-09-30,M-C,gen9championsvgc2026regmcbo3,1500,Metagross,Mamoswine,10.423
2026-09-30,M-C,gen9championsvgc2026regmcbo3,1500,Metagross,Indeedee,9.4
2026-09-30,M-C,gen9championsvgc2026regmcbo3,1500,Metagross,Volcarona,9.366
2026-09-30,M-C,gen9championsvgc2026regmcbo3,1500,Beedrill-Mega,Indeedee-F,31.47
2026-09-30,M-C,gen9championsvgc2026regmcbo3,1500,Beedrill-Mega,Pelipper,29.832
2026-09-30,M-C,gen9championsvgc2026regmcbo3,1500,Beedrill-Mega,Incineroar,23.582
2026-09-30,M-C,gen9championsvgc2026regmcbo3,1500,Beedrill-Mega,Armarouge,21.83
2026-09-30,M-C,gen9championsvgc2026regmcbo3,1500,Beedrill-Mega,Milotic,20.474
2026-09-30,M-C,gen9championsvgc2026regmcbo3,1500,Beedrill-Mega,Basculegion,17.853
2026-09-30,M-C,gen9championsvgc2026regmcbo3,1500,Beedrill-Mega,Hydreigon,17.622
2026-09-30,M-C,gen9championsvgc2026regmcbo3,1500,Beedrill-Mega,Sneasler,17.343
2026-09-30,M-C,gen9championsvgc2026regmcbo3,1500,Beedrill-Mega,Archaludon,16.805
2026-09-30,M-C,gen9championsvgc2026regmcbo3,1500,Beedrill-Mega,Indeedee,13.009
2026-09-30,M-C,gen9championsvgc2026regmcbo3,1500,Squawkabilly,Kingambit,28.342
2026-09-30,M-C,gen9championsvgc2026regmcbo3,1500,Squawkabilly,Rillaboom,23.031
2026-09-30,M-C,gen9championsvgc2026regmcbo3,1500,Squawkabilly,Indeedee-F,22.248
2026-09-30,M-C,gen9championsvgc2026regmcbo3,1500,Squawkabilly,Sneasler,19.773
2026-09-30,M-C,gen9championsvgc2026regmcbo3,1500,Squawkabilly,Farigiraf,19.629
2026-09-30,M-C,gen9championsvgc2026regmcbo3,1500,Squawkabilly,Raichu-Mega-Y,18.816
2026-09-30,M-C,gen9championsvgc2026regmcbo3,1500,Squawkabilly,Swampert,17.133
2026-09-30,M-C,gen9championsvgc2026regmcbo3,1500,Squawkabilly,Camerupt-Mega,16.368
2026-09-30,M-C,gen9championsvgc2026regmcbo3,1500,Squawkabilly,Froslass-Mega,15.666
2026-09-30,M-C,gen9championsvgc2026regmcbo3,1500,Squawkabilly,Annihilape,15.27
2026-09-30,M-C,gen9championsvgc2026regmcbo3,1500,Cofagrigus,Indeedee-F,22.47
2026-09-30,M-C,gen9championsvgc2026regmcbo3,1500,Cofagrigus,Golisopod-Mega,21.796
2026-09-30,M-C,gen9championsvgc2026regmcbo3,1500,Cofagrigus,Sylveon,20.3
2026-09-30,M-C,gen9championsvgc2026regmcbo3,1500,Cofagrigus,Torkoal,19.809
2026-09-30,M-C,gen9championsvgc2026regmcbo3,1500,Cofagrigus,Incineroar,15.595
2026-09-30,M-C,gen9championsvgc2026regmcbo3,1500,Cofagrigus,Farigiraf,14.395
2026-09-30,M-C,gen9championsvgc2026regmcbo3,1500,Cofagrigus,Tyranitar-Mega,13.525
2026-09-30,M-C,gen9championsvgc2026regmcbo3,1500,Cofagrigus,Armarouge,13.097
2026-09-30,M-C,gen9championsvgc2026regmcbo3,1500,Cofagrigus,Rillaboom,13.028
2026-09-30,M-C,gen9championsvgc2026regmcbo3,1500,Cofagrigus,Wigglytuff,12.596
2026-09-30,M-C,gen9championsvgc2026regmcbo3,1500,Reuniclus,Indeedee-F,44.303
2026-09-30,M-C,gen9championsvgc2026regmcbo3,1500,Reuniclus,Golisopod-Mega,33.527
2026-09-30,M-C,gen9championsvgc2026regmcbo3,1500,Reuniclus,Kingambit,21.618
2026-09-30,M-C,gen9championsvgc2026regmcbo3,1500,Reuniclus,Incineroar,19.511
2026-09-30,M-C,gen9championsvgc2026regmcbo3,1500,Reuniclus,Farigiraf,19.432
2026-09-30,M-C,gen9championsvgc2026regmcbo3,1500,Reuniclus,Camerupt-Mega,18.342
2026-09-30,M-C,gen9championsvgc2026regmcbo3,1500,Reuniclus,Archaludon,13.877
2026-09-30,M-C,gen9championsvgc2026regmcbo3,1500,Reuniclus,Sneasler,13.657
2026-09-30,M-C,gen9championsvgc2026regmcbo3,1500,Reuniclus,Pawmot,12.691
2026-09-30,M-C,gen9championsvgc2026regmcbo3,1500,Reuniclus,Pelipper,11.865
2026-09-30,M-C,gen9championsvgc2026regmcbo3,1500,Excadrill-Mega,Incineroar,41.979
2026-09-30,M-C,gen9championsvgc2026regmcbo3,1500,Excadrill-Mega,Rillaboom,39.54
2026-09-30,M-C,gen9championsvgc2026regmcbo3,1500,Excadrill-Mega,Kommo-o,23.876
2026-09-30,M-C,gen9championsvgc2026regmcbo3,1500,Excadrill-Mega,Clefable,19.963
2026-09-30,M-C,gen9championsvgc2026regmcbo3,1500,Excadrill-Mega,Sinistcha,18.572
2026-09-30,M-C,gen9championsvgc2026regmcbo3,1500,Excadrill-Mega,Whimsicott,15.731
2026-09-30,M-C,gen9championsvgc2026regmcbo3,1500,Excadrill-Mega,Salamence-Mega,13.019
2026-09-30,M-C,gen9championsvgc2026regmcbo3,1500,Excadrill-Mega,Sneasler,12.134
2026-09-30,M-C,gen9championsvgc2026regmcbo3,1500,Excadrill-Mega,Tyranitar-Mega,10.86
2026-09-30,M-C,gen9championsvgc2026regmcbo3,1500,Excadrill-Mega,Tyranitar,10.489
2026-09-30,M-C,gen9championsvgc2026regmcbo3,1500,Golisopod,Rillaboom,55.111
2026-09-30,M-C,gen9championsvgc2026regmcbo3,1500,Golisopod,Incineroar,53.179
2026-09-30,M-C,gen9championsvgc2026regmcbo3,1500,Golisopod,Gengar-Mega,30.785
2026-09-30,M-C,gen9championsvgc2026regmcbo3,1500,Golisopod,Maushold,22.469
2026-09-30,M-C,gen9championsvgc2026regmcbo3,1500,Golisopod,Floette-Mega,19.708
2026-09-30,M-C,gen9championsvgc2026regmcbo3,1500,Golisopod,Gholdengo,19.428
2026-09-30,M-C,gen9championsvgc2026regmcbo3,1500,Golisopod,Kommo-o,18.578
2026-09-30,M-C,gen9championsvgc2026regmcbo3,1500,Golisopod,Dragonite-Mega,14.914
2026-09-30,M-C,gen9championsvgc2026regmcbo3,1500,Golisopod,Raichu-Mega-Y,10.508
2026-09-30,M-C,gen9championsvgc2026regmcbo3,1500,Golisopod,Indeedee-F,8.296
2026-09-30,M-C,gen9championsvgc2026regmcbo3,1500,Gardevoir,Indeedee-F,55.148
2026-09-30,M-C,gen9championsvgc2026regmcbo3,1500,Gardevoir,Metagross-Mega,32.397
2026-09-30,M-C,gen9championsvgc2026regmcbo3,1500,Gardevoir,Arcanine-Hisui,28.77
2026-09-30,M-C,gen9championsvgc2026regmcbo3,1500,Gardevoir,Salamence-Mega,22.386
2026-09-30,M-C,gen9championsvgc2026regmcbo3,1500,Gardevoir,Garchomp,22.374
2026-09-30,M-C,gen9championsvgc2026regmcbo3,1500,Gardevoir,Rillaboom,18.881
2026-09-30,M-C,gen9championsvgc2026regmcbo3,1500,Gardevoir,Sneasler,15.314
2026-09-30,M-C,gen9championsvgc2026regmcbo3,1500,Gardevoir,Ditto,11.887
2026-09-30,M-C,gen9championsvgc2026regmcbo3,1500,Gardevoir,Dragonite-Mega,11.235
2026-09-30,M-C,gen9championsvgc2026regmcbo3,1500,Gardevoir,Golisopod-Mega,10.163
2026-09-30,M-C,gen9championsvgc2026regmcbo3,1500,Torterra,Garchomp-Mega-Z,42.283
2026-09-30,M-C,gen9championsvgc2026regmcbo3,1500,Torterra,Kingambit,41.056
2026-09-30,M-C,gen9championsvgc2026regmcbo3,1500,Torterra,Sneasler,39.94
2026-09-30,M-C,gen9championsvgc2026regmcbo3,1500,Torterra,Floette-Mega,29.112
2026-09-30,M-C,gen9championsvgc2026regmcbo3,1500,Torterra,Rotom-Heat,28.411
2026-09-30,M-C,gen9championsvgc2026regmcbo3,1500,Torterra,Farigiraf,21.061
2026-09-30,M-C,gen9championsvgc2026regmcbo3,1500,Torterra,Torkoal,16.495
2026-09-30,M-C,gen9championsvgc2026regmcbo3,1500,Torterra,Indeedee-F,13.457
2026-09-30,M-C,gen9championsvgc2026regmcbo3,1500,Torterra,Pyroar-Mega,13.162
2026-09-30,M-C,gen9championsvgc2026regmcbo3,1500,Torterra,Heliolisk,13.162
2026-09-30,M-C,gen9championsvgc2026regmcbo3,1500,Floette-Eternal,Rillaboom,75.964
2026-09-30,M-C,gen9championsvgc2026regmcbo3,1500,Floette-Eternal,Incineroar,43.708
2026-09-30,M-C,gen9championsvgc2026regmcbo3,1500,Floette-Eternal,Kingambit,31.376
2026-09-30,M-C,gen9championsvgc2026regmcbo3,1500,Floette-Eternal,Metagross-Mega,21.883
2026-09-30,M-C,gen9championsvgc2026regmcbo3,1500,Floette-Eternal,Arcanine-Hisui,21.467
2026-09-30,M-C,gen9championsvgc2026regmcbo3,1500,Floette-Eternal,Scizor-Mega,19.03
2026-09-30,M-C,gen9championsvgc2026regmcbo3,1500,Floette-Eternal,Charizard-Mega-X,18.775
2026-09-30,M-C,gen9championsvgc2026regmcbo3,1500,Floette-Eternal,Ninetales-Alola,18.775
2026-09-30,M-C,gen9championsvgc2026regmcbo3,1500,Floette-Eternal,Salamence-Mega,18.559
2026-09-30,M-C,gen9championsvgc2026regmcbo3,1500,Floette-Eternal,Kommo-o,17.505
2026-09-30,M-C,gen9championsvgc2026regmcbo3,1500,Greninja,Charizard-Mega-Y,27.904
2026-09-30,M-C,gen9championsvgc2026regmcbo3,1500,Greninja,Venusaur,24.58
2026-09-30,M-C,gen9championsvgc2026regmcbo3,1500,Greninja,Incineroar,22.672
2026-09-30,M-C,gen9championsvgc2026regmcbo3,1500,Greninja,Rillaboom,17.602
2026-09-30,M-C,gen9championsvgc2026regmcbo3,1500,Greninja,Farigiraf,16.415
2026-09-30,M-C,gen9championsvgc2026regmcbo3,1500,Greninja,Golisopod-Mega,16.041
2026-09-30,M-C,gen9championsvgc2026regmcbo3,1500,Greninja,Empoleon,13.595
2026-09-30,M-C,gen9championsvgc2026regmcbo3,1500,Greninja,Salamence-Mega,13.497
2026-09-30,M-C,gen9championsvgc2026regmcbo3,1500,Greninja,Swampert,12.066
2026-09-30,M-C,gen9championsvgc2026regmcbo3,1500,Greninja,Clefable,11.036
2026-09-30,M-C,gen9championsvgc2026regmcbo3,1500,Hydrapple,Farigiraf,49.812
2026-09-30,M-C,gen9championsvgc2026regmcbo3,1500,Hydrapple,Indeedee-F,44.724
2026-09-30,M-C,gen9championsvgc2026regmcbo3,1500,Hydrapple,Incineroar,35.751
2026-09-30,M-C,gen9championsvgc2026regmcbo3,1500,Hydrapple,Camerupt-Mega,33.428
2026-09-30,M-C,gen9championsvgc2026regmcbo3,1500,Hydrapple,Kingambit,32.525
2026-09-30,M-C,gen9championsvgc2026regmcbo3,1500,Hydrapple,Golisopod-Mega,14.817
2026-09-30,M-C,gen9championsvgc2026regmcbo3,1500,Hydrapple,Grimmsnarl,14.244
2026-09-30,M-C,gen9championsvgc2026regmcbo3,1500,Hydrapple,Milotic,12.961
2026-09-30,M-C,gen9championsvgc2026regmcbo3,1500,Hydrapple,Mawile-Mega,12.171
2026-09-30,M-C,gen9championsvgc2026regmcbo3,1500,Hydrapple,Volcarona,10.26
2026-09-30,M-C,gen9championsvgc2026regmcbo3,1500,Conkeldurr,Golisopod-Mega,41.067
2026-09-30,M-C,gen9championsvgc2026regmcbo3,1500,Conkeldurr,Incineroar,32.269
2026-09-30,M-C,gen9championsvgc2026regmcbo3,1500,Conkeldurr,Indeedee-F,26.674
2026-09-30,M-C,gen9championsvgc2026regmcbo3,1500,Conkeldurr,Rillaboom,24.513
2026-09-30,M-C,gen9championsvgc2026regmcbo3,1500,Conkeldurr,Hatterene,20.135
2026-09-30,M-C,gen9championsvgc2026regmcbo3,1500,Conkeldurr,Farigiraf,19.245
2026-09-30,M-C,gen9championsvgc2026regmcbo3,1500,Conkeldurr,Kingambit,18.773
2026-09-30,M-C,gen9championsvgc2026regmcbo3,1500,Conkeldurr,Camerupt-Mega,17.938
2026-09-30,M-C,gen9championsvgc2026regmcbo3,1500,Conkeldurr,Pelipper,15.86
2026-09-30,M-C,gen9championsvgc2026regmcbo3,1500,Conkeldurr,Froslass-Mega,13.432
2026-09-30,M-C,gen9championsvgc2026regmcbo3,1500,Clefable-Mega,Incineroar,28.027
2026-09-30,M-C,gen9championsvgc2026regmcbo3,1500,Clefable-Mega,Gholdengo,23.461
2026-09-30,M-C,gen9championsvgc2026regmcbo3,1500,Clefable-Mega,Rillaboom,22.746
2026-09-30,M-C,gen9championsvgc2026regmcbo3,1500,Clefable-Mega,Sneasler,20.721
2026-09-30,M-C,gen9championsvgc2026regmcbo3,1500,Clefable-Mega,Kingambit,14.644
2026-09-30,M-C,gen9championsvgc2026regmcbo3,1500,Clefable-Mega,Sinistcha,13.549
2026-09-30,M-C,gen9championsvgc2026regmcbo3,1500,Clefable-Mega,Raichu-Mega-Y,11.895
2026-09-30,M-C,gen9championsvgc2026regmcbo3,1500,Clefable-Mega,Excadrill,11.845
2026-09-30,M-C,gen9championsvgc2026regmcbo3,1500,Clefable-Mega,Salamence-Mega,10.96
2026-09-30,M-C,gen9championsvgc2026regmcbo3,1500,Clefable-Mega,Indeedee-F,10.536
2026-09-30,M-C,gen9championsvgc2026regmcbo3,1500,Malamar,Incineroar,35.818
2026-09-30,M-C,gen9championsvgc2026regmcbo3,1500,Malamar,Garchomp-Mega-Z,30.842
2026-09-30,M-C,gen9championsvgc2026regmcbo3,1500,Malamar,Rillaboom,19.868
2026-09-30,M-C,gen9championsvgc2026regmcbo3,1500,Malamar,Charizard-Mega-Y,16.223
2026-09-30,M-C,gen9championsvgc2026regmcbo3,1500,Malamar,Venusaur,16.197
2026-09-30,M-C,gen9championsvgc2026regmcbo3,1500,Malamar,Aegislash,12.792
2026-09-30,M-C,gen9championsvgc2026regmcbo3,1500,Malamar,Manectric-Mega,12.459
2026-09-30,M-C,gen9championsvgc2026regmcbo3,1500,Malamar,Sinistcha,11.384
2026-09-30,M-C,gen9championsvgc2026regmcbo3,1500,Malamar,Golisopod-Mega,9.872
2026-09-30,M-C,gen9championsvgc2026regmcbo3,1500,Malamar,Pelipper,9.042
2026-09-30,M-C,gen9championsvgc2026regmcbo3,1500,Jolteon,Sceptile-Mega,29.7
2026-09-30,M-C,gen9championsvgc2026regmcbo3,1500,Jolteon,Raichu-Mega-X,20.907
2026-09-30,M-C,gen9championsvgc2026regmcbo3,1500,Jolteon,Indeedee-F,18.935
2026-09-30,M-C,gen9championsvgc2026regmcbo3,1500,Jolteon,Incineroar,18.068
2026-09-30,M-C,gen9championsvgc2026regmcbo3,1500,Jolteon,Pelipper,13.215
2026-09-30,M-C,gen9championsvgc2026regmcbo3,1500,Jolteon,Blaziken-Mega,12.856
2026-09-30,M-C,gen9championsvgc2026regmcbo3,1500,Jolteon,Sneasler,12.047
2026-09-30,M-C,gen9championsvgc2026regmcbo3,1500,Jolteon,Empoleon,11.159
2026-09-30,M-C,gen9championsvgc2026regmcbo3,1500,Jolteon,Sinistcha,11.044
2026-09-30,M-C,gen9championsvgc2026regmcbo3,1500,Jolteon,Hydreigon,10.44
2026-09-30,M-C,gen9championsvgc2026regmcbo3,1500,Eelektross-Mega,Incineroar,20.109
2026-09-30,M-C,gen9championsvgc2026regmcbo3,1500,Eelektross-Mega,Garchomp,18.669
2026-09-30,M-C,gen9championsvgc2026regmcbo3,1500,Eelektross-Mega,Farigiraf,18.507
2026-09-30,M-C,gen9championsvgc2026regmcbo3,1500,Eelektross-Mega,Basculegion,17.8
2026-09-30,M-C,gen9championsvgc2026regmcbo3,1500,Eelektross-Mega,Pelipper,15.142
2026-09-30,M-C,gen9championsvgc2026regmcbo3,1500,Eelektross-Mega,Golisopod-Mega,14.146
2026-09-30,M-C,gen9championsvgc2026regmcbo3,1500,Eelektross-Mega,Sinistcha,13.726
2026-09-30,M-C,gen9championsvgc2026regmcbo3,1500,Eelektross-Mega,Rillaboom,13.076
2026-09-30,M-C,gen9championsvgc2026regmcbo3,1500,Eelektross-Mega,Indeedee-F,11.626
2026-09-30,M-C,gen9championsvgc2026regmcbo3,1500,Eelektross-Mega,Talonflame,10.729
2026-09-30,M-C,gen9championsvgc2026regmcbo3,1500,Clawitzer,Indeedee-F,35.585
2026-09-30,M-C,gen9championsvgc2026regmcbo3,1500,Clawitzer,Golisopod-Mega,31.487
2026-09-30,M-C,gen9championsvgc2026regmcbo3,1500,Clawitzer,Armarouge,23.56
2026-09-30,M-C,gen9championsvgc2026regmcbo3,1500,Clawitzer,Kingambit,18.521
2026-09-30,M-C,gen9championsvgc2026regmcbo3,1500,Clawitzer,Rillaboom,13.823
2026-09-30,M-C,gen9championsvgc2026regmcbo3,1500,Clawitzer,Incineroar,11.873
2026-09-30,M-C,gen9championsvgc2026regmcbo3,1500,Clawitzer,Sableye,11.043
2026-09-30,M-C,gen9championsvgc2026regmcbo3,1500,Clawitzer,Sinistcha,10.575
2026-09-30,M-C,gen9championsvgc2026regmcbo3,1500,Clawitzer,Golurk-Mega,9.977
2026-09-30,M-C,gen9championsvgc2026regmcbo3,1500,Clawitzer,Farigiraf,9.817
2026-09-30,M-C,gen9championsvgc2026regmcbo3,1500,Rotom-Mow,Sneasler,38.806
2026-09-30,M-C,gen9championsvgc2026regmcbo3,1500,Rotom-Mow,Indeedee-F,35.604
2026-09-30,M-C,gen9championsvgc2026regmcbo3,1500,Rotom-Mow,Armarouge,30.968
2026-09-30,M-C,gen9championsvgc2026regmcbo3,1500,Rotom-Mow,Absol-Mega-Z,29.257
2026-09-30,M-C,gen9championsvgc2026regmcbo3,1500,Rotom-Mow,Empoleon,27.952
2026-09-30,M-C,gen9championsvgc2026regmcbo3,1500,Rotom-Mow,Basculegion,23.7
2026-09-30,M-C,gen9championsvgc2026regmcbo3,1500,Rotom-Mow,Salamence-Mega,18.718
2026-09-30,M-C,gen9championsvgc2026regmcbo3,1500,Rotom-Mow,Incineroar,16.417
2026-09-30,M-C,gen9championsvgc2026regmcbo3,1500,Rotom-Mow,Corviknight,15.738
2026-09-30,M-C,gen9championsvgc2026regmcbo3,1500,Rotom-Mow,Tyranitar-Mega,13.673
2026-09-30,M-C,gen9championsvgc2026regmcbo3,1500,Heracross-Mega,Kingambit,26.916
2026-09-30,M-C,gen9championsvgc2026regmcbo3,1500,Heracross-Mega,Whimsicott,25.959
2026-09-30,M-C,gen9championsvgc2026regmcbo3,1500,Heracross-Mega,Milotic,25.463
2026-09-30,M-C,gen9championsvgc2026regmcbo3,1500,Heracross-Mega,Indeedee-F,20.755
2026-09-30,M-C,gen9championsvgc2026regmcbo3,1500,Heracross-Mega,Glimmora-Mega,19.345
2026-09-30,M-C,gen9championsvgc2026regmcbo3,1500,Heracross-Mega,Sinistcha,18.393
2026-09-30,M-C,gen9championsvgc2026regmcbo3,1500,Heracross-Mega,Talonflame,18.034
2026-09-30,M-C,gen9championsvgc2026regmcbo3,1500,Heracross-Mega,Garchomp,17.484
2026-09-30,M-C,gen9championsvgc2026regmcbo3,1500,Heracross-Mega,Hydreigon,17.344
2026-09-30,M-C,gen9championsvgc2026regmcbo3,1500,Heracross-Mega,Aegislash,16.645
2026-09-30,M-C,gen9championsvgc2026regmcbo3,1500,Quaquaval,Rillaboom,43.008
2026-09-30,M-C,gen9championsvgc2026regmcbo3,1500,Quaquaval,Incineroar,31.829
2026-09-30,M-C,gen9championsvgc2026regmcbo3,1500,Quaquaval,Ninetales-Alola,27.329
2026-09-30,M-C,gen9championsvgc2026regmcbo3,1500,Quaquaval,Baxcalibur-Mega,25.075
2026-09-30,M-C,gen9championsvgc2026regmcbo3,1500,Quaquaval,Gengar-Mega,17.512
2026-09-30,M-C,gen9championsvgc2026regmcbo3,1500,Quaquaval,Farigiraf,14.292
2026-09-30,M-C,gen9championsvgc2026regmcbo3,1500,Quaquaval,Gholdengo,14.06
2026-09-30,M-C,gen9championsvgc2026regmcbo3,1500,Quaquaval,Sinistcha,13.137
2026-09-30,M-C,gen9championsvgc2026regmcbo3,1500,Quaquaval,Indeedee-F,12.462
2026-09-30,M-C,gen9championsvgc2026regmcbo3,1500,Quaquaval,Delphox-Mega,12.357
2026-09-30,M-C,gen9championsvgc2026regmcbo3,1500,Tauros-Paldea-Blaze,Golisopod-Mega,34.267
2026-09-30,M-C,gen9championsvgc2026regmcbo3,1500,Tauros-Paldea-Blaze,Archaludon,31.705
2026-09-30,M-C,gen9championsvgc2026regmcbo3,1500,Tauros-Paldea-Blaze,Raichu-Mega-X,31.162
2026-09-30,M-C,gen9championsvgc2026regmcbo3,1500,Tauros-Paldea-Blaze,Pelipper,31.085
2026-09-30,M-C,gen9championsvgc2026regmcbo3,1500,Tauros-Paldea-Blaze,Rillaboom,24.486
2026-09-30,M-C,gen9championsvgc2026regmcbo3,1500,Tauros-Paldea-Blaze,Milotic,23.251
2026-09-30,M-C,gen9championsvgc2026regmcbo3,1500,Tauros-Paldea-Blaze,Indeedee-F,16.797
2026-09-30,M-C,gen9championsvgc2026regmcbo3,1500,Tauros-Paldea-Blaze,Basculegion,13.49
2026-09-30,M-C,gen9championsvgc2026regmcbo3,1500,Tauros-Paldea-Blaze,Gardevoir-Mega,9.71
2026-09-30,M-C,gen9championsvgc2026regmcbo3,1500,Tauros-Paldea-Blaze,Froslass-Mega,9.046
2026-09-30,M-C,gen9championsvgc2026regmcbo3,1500,Banette-Mega,Rillaboom,26.817
2026-09-30,M-C,gen9championsvgc2026regmcbo3,1500,Banette-Mega,Incineroar,22.66
2026-09-30,M-C,gen9championsvgc2026regmcbo3,1500,Banette-Mega,Pawmot,19.66
2026-09-30,M-C,gen9championsvgc2026regmcbo3,1500,Banette-Mega,Archaludon,17.873
2026-09-30,M-C,gen9championsvgc2026regmcbo3,1500,Banette-Mega,Farigiraf,17.244
2026-09-30,M-C,gen9championsvgc2026regmcbo3,1500,Banette-Mega,Kingambit,15.372
2026-09-30,M-C,gen9championsvgc2026regmcbo3,1500,Banette-Mega,Basculegion,14.555
2026-09-30,M-C,gen9championsvgc2026regmcbo3,1500,Banette-Mega,Sneasler,13.827
2026-09-30,M-C,gen9championsvgc2026regmcbo3,1500,Banette-Mega,Zoroark-Hisui,12.553
2026-09-30,M-C,gen9championsvgc2026regmcbo3,1500,Banette-Mega,Torkoal,12.492
2026-09-30,M-C,gen9championsvgc2026regmcbo3,1500,Alakazam,Indeedee-F,48.881
2026-09-30,M-C,gen9championsvgc2026regmcbo3,1500,Alakazam,Sneasler,28.272
2026-09-30,M-C,gen9championsvgc2026regmcbo3,1500,Alakazam,Charizard-Mega-Y,18.016
2026-09-30,M-C,gen9championsvgc2026regmcbo3,1500,Alakazam,Pelipper,12.86
2026-09-30,M-C,gen9championsvgc2026regmcbo3,1500,Alakazam,Camerupt-Mega,12.634
2026-09-30,M-C,gen9championsvgc2026regmcbo3,1500,Alakazam,Tyranitar-Mega,12.151
2026-09-30,M-C,gen9championsvgc2026regmcbo3,1500,Alakazam,Blastoise-Mega,11.83
2026-09-30,M-C,gen9championsvgc2026regmcbo3,1500,Alakazam,Golisopod-Mega,11.495
2026-09-30,M-C,gen9championsvgc2026regmcbo3,1500,Alakazam,Incineroar,11.473
2026-09-30,M-C,gen9championsvgc2026regmcbo3,1500,Alakazam,Excadrill,10.779
2026-09-30,M-C,gen9championsvgc2026regmcbo3,1500,Serperior,Whimsicott,29.83
2026-09-30,M-C,gen9championsvgc2026regmcbo3,1500,Serperior,Grapploct,20.644
2026-09-30,M-C,gen9championsvgc2026regmcbo3,1500,Serperior,Staraptor-Mega,19.447
2026-09-30,M-C,gen9championsvgc2026regmcbo3,1500,Serperior,Grimmsnarl,17.176
2026-09-30,M-C,gen9championsvgc2026regmcbo3,1500,Serperior,Incineroar,14.722
2026-09-30,M-C,gen9championsvgc2026regmcbo3,1500,Serperior,Skeledirge,14.373
2026-09-30,M-C,gen9championsvgc2026regmcbo3,1500,Serperior,Basculegion,13.996
2026-09-30,M-C,gen9championsvgc2026regmcbo3,1500,Serperior,Garchomp-Mega-Z,13.078
2026-09-30,M-C,gen9championsvgc2026regmcbo3,1500,Serperior,Milotic,12.209
2026-09-30,M-C,gen9championsvgc2026regmcbo3,1500,Serperior,Gholdengo,11.411
2026-09-30,M-C,gen9championsvgc2026regmcbo3,1500,Aurorus,Indeedee-F,35.594
2026-09-30,M-C,gen9championsvgc2026regmcbo3,1500,Aurorus,Salamence-Mega,26.018
2026-09-30,M-C,gen9championsvgc2026regmcbo3,1500,Aurorus,Armarouge,23.689
2026-09-30,M-C,gen9championsvgc2026regmcbo3,1500,Aurorus,Farigiraf,23.112
2026-09-30,M-C,gen9championsvgc2026regmcbo3,1500,Aurorus,Golisopod-Mega,22.532
2026-09-30,M-C,gen9championsvgc2026regmcbo3,1500,Aurorus,Mawile-Mega,22.442
2026-09-30,M-C,gen9championsvgc2026regmcbo3,1500,Aurorus,Basculegion,21.616
2026-09-30,M-C,gen9championsvgc2026regmcbo3,1500,Aurorus,Camerupt-Mega,18.059
2026-09-30,M-C,gen9championsvgc2026regmcbo3,1500,Aurorus,Rillaboom,13.63
2026-09-30,M-C,gen9championsvgc2026regmcbo3,1500,Aurorus,Sneasler,12.011
2026-09-30,M-C,gen9championsvgc2026regmcbo3,1500,Wyrdeer,Rillaboom,43.367
2026-09-30,M-C,gen9championsvgc2026regmcbo3,1500,Wyrdeer,Milotic,29.94
2026-09-30,M-C,gen9championsvgc2026regmcbo3,1500,Wyrdeer,Charizard-Mega-Y,26.636
2026-09-30,M-C,gen9championsvgc2026regmcbo3,1500,Wyrdeer,Wigglytuff,23.935
2026-09-30,M-C,gen9championsvgc2026regmcbo3,1500,Wyrdeer,Garchomp-Mega,20.834
2026-09-30,M-C,gen9championsvgc2026regmcbo3,1500,Wyrdeer,Aegislash,20.834
2026-09-30,M-C,gen9championsvgc2026regmcbo3,1500,Wyrdeer,Froslass-Mega,17.548
2026-09-30,M-C,gen9championsvgc2026regmcbo3,1500,Wyrdeer,Indeedee-F,13.97
2026-09-30,M-C,gen9championsvgc2026regmcbo3,1500,Wyrdeer,Kingambit,13.275
2026-09-30,M-C,gen9championsvgc2026regmcbo3,1500,Wyrdeer,Volcarona,12.335
2026-09-30,M-C,gen9championsvgc2026regmcbo3,1500,Mr. Mime,Rillaboom,42.879
2026-09-30,M-C,gen9championsvgc2026regmcbo3,1500,Mr. Mime,Salamence-Mega,21.149
2026-09-30,M-C,gen9championsvgc2026regmcbo3,1500,Mr. Mime,Gengar-Mega,20.644
2026-09-30,M-C,gen9championsvgc2026regmcbo3,1500,Mr. Mime,Incineroar,18.965
2026-09-30,M-C,gen9championsvgc2026regmcbo3,1500,Mr. Mime,Kingambit,17.489
2026-09-30,M-C,gen9championsvgc2026regmcbo3,1500,Mr. Mime,Basculegion,14.163
2026-09-30,M-C,gen9championsvgc2026regmcbo3,1500,Mr. Mime,Golisopod-Mega,12.533
2026-09-30,M-C,gen9championsvgc2026regmcbo3,1500,Mr. Mime,Archaludon,11.829
2026-09-30,M-C,gen9championsvgc2026regmcbo3,1500,Mr. Mime,Blaziken-Mega,11.198
2026-09-30,M-C,gen9championsvgc2026regmcbo3,1500,Mr. Mime,Sneasler,10.497
2026-09-30,M-C,gen9championsvgc2026regmcbo3,1500,Arboliva,Indeedee-F,26.313
2026-09-30,M-C,gen9championsvgc2026regmcbo3,1500,Arboliva,Farigiraf,17.222
2026-09-30,M-C,gen9championsvgc2026regmcbo3,1500,Arboliva,Golisopod-Mega,15.947
2026-09-30,M-C,gen9championsvgc2026regmcbo3,1500,Arboliva,Armarouge,15.205
2026-09-30,M-C,gen9championsvgc2026regmcbo3,1500,Arboliva,Torkoal,14.654
2026-09-30,M-C,gen9championsvgc2026regmcbo3,1500,Arboliva,Incineroar,12.442
2026-09-30,M-C,gen9championsvgc2026regmcbo3,1500,Arboliva,Garchomp-Mega-Z,9.47
2026-09-30,M-C,gen9championsvgc2026regmcbo3,1500,Arboliva,Grimmsnarl,8.202
2026-09-30,M-C,gen9championsvgc2026regmcbo3,1500,Arboliva,Kingambit,7.87
2026-09-30,M-C,gen9championsvgc2026regmcbo3,1500,Arboliva,Primarina,7.089
2026-09-30,M-C,gen9championsvgc2026regmcbo3,1500,Runerigus,Rillaboom,29.264
2026-09-30,M-C,gen9championsvgc2026regmcbo3,1500,Runerigus,Archaludon,28.858
2026-09-30,M-C,gen9championsvgc2026regmcbo3,1500,Runerigus,Grimmsnarl,27.908
2026-09-30,M-C,gen9championsvgc2026regmcbo3,1500,Runerigus,Golisopod-Mega,26.791
2026-09-30,M-C,gen9championsvgc2026regmcbo3,1500,Runerigus,Politoed,21.445
2026-09-30,M-C,gen9championsvgc2026regmcbo3,1500,Runerigus,Charizard-Mega-Y,13.937
2026-09-30,M-C,gen9championsvgc2026regmcbo3,1500,Runerigus,Pelipper,12.167
2026-09-30,M-C,gen9championsvgc2026regmcbo3,1500,Runerigus,Staraptor-Mega,11.382
2026-09-30,M-C,gen9championsvgc2026regmcbo3,1500,Runerigus,Basculegion,10.524
2026-09-30,M-C,gen9championsvgc2026regmcbo3,1500,Runerigus,Incineroar,10.417
2026-09-30,M-C,gen9championsvgc2026regmcbo3,1500,Slowking,Rillaboom,49.232
2026-09-30,M-C,gen9championsvgc2026regmcbo3,1500,Slowking,Incineroar,46.79
2026-09-30,M-C,gen9championsvgc2026regmcbo3,1500,Slowking,Hydreigon,37.859
2026-09-30,M-C,gen9championsvgc2026regmcbo3,1500,Slowking,Aggron-Mega,37.833
2026-09-30,M-C,gen9championsvgc2026regmcbo3,1500,Slowking,Blaziken-Mega,36.701
2026-09-30,M-C,gen9championsvgc2026regmcbo3,1500,Slowking,Golisopod-Mega,14.67
2026-09-30,M-C,gen9championsvgc2026regmcbo3,1500,Slowking,Baxcalibur-Mega,12.759
2026-09-30,M-C,gen9championsvgc2026regmcbo3,1500,Slowking,Sinistcha,8.664
2026-09-30,M-C,gen9championsvgc2026regmcbo3,1500,Slowking,Ninetales-Alola,7.327
2026-09-30,M-C,gen9championsvgc2026regmcbo3,1500,Slowking,Sneasler,7.293
2026-09-30,M-C,gen9championsvgc2026regmcbo3,1500,Garganacl,Incineroar,28.999
2026-09-30,M-C,gen9championsvgc2026regmcbo3,1500,Garganacl,Rillaboom,28.818
2026-09-30,M-C,gen9championsvgc2026regmcbo3,1500,Garganacl,Indeedee-F,22.132
2026-09-30,M-C,gen9championsvgc2026regmcbo3,1500,Garganacl,Golisopod-Mega,20.163
2026-09-30,M-C,gen9championsvgc2026regmcbo3,1500,Garganacl,Sneasler,18.359
2026-09-30,M-C,gen9championsvgc2026regmcbo3,1500,Garganacl,Sinistcha,15.485
2026-09-30,M-C,gen9championsvgc2026regmcbo3,1500,Garganacl,Milotic,11.655
2026-09-30,M-C,gen9championsvgc2026regmcbo3,1500,Garganacl,Gengar-Mega,10.933
2026-09-30,M-C,gen9championsvgc2026regmcbo3,1500,Garganacl,Kingambit,10.384
2026-09-30,M-C,gen9championsvgc2026regmcbo3,1500,Garganacl,Gardevoir-Mega,9.347
2026-09-30,M-C,gen9championsvgc2026regmcbo3,1500,Musharna,Talonflame,75.451
2026-09-30,M-C,gen9championsvgc2026regmcbo3,1500,Musharna,Gholdengo,74.294
2026-09-30,M-C,gen9championsvgc2026regmcbo3,1500,Musharna,Garchomp-Mega,73.944
2026-09-30,M-C,gen9championsvgc2026regmcbo3,1500,Musharna,Tyranitar-Mega,73.786
2026-09-30,M-C,gen9championsvgc2026regmcbo3,1500,Musharna,Sneasler,73.591
2026-09-30,M-C,gen9championsvgc2026regmcbo3,1500,Musharna,Rillaboom,7.154
2026-09-30,M-C,gen9championsvgc2026regmcbo3,1500,Musharna,Arcanine-Hisui,6.353
2026-09-30,M-C,gen9championsvgc2026regmcbo3,1500,Musharna,Annihilape,6.353
2026-09-30,M-C,gen9championsvgc2026regmcbo3,1500,Musharna,Salamence-Mega,6.353
2026-09-30,M-C,gen9championsvgc2026regmcbo3,1500,Musharna,Mr. Mime,6.353
2026-09-30,M-C,gen9championsvgc2026regmcbo3,1500,Salazzle,Rillaboom,29.941
2026-09-30,M-C,gen9championsvgc2026regmcbo3,1500,Salazzle,Salamence-Mega,28.699
2026-09-30,M-C,gen9championsvgc2026regmcbo3,1500,Salazzle,Kingambit,25.878
2026-09-30,M-C,gen9championsvgc2026regmcbo3,1500,Salazzle,Floette-Mega,16.668
2026-09-30,M-C,gen9championsvgc2026regmcbo3,1500,Salazzle,Milotic,13.554
2026-09-30,M-C,gen9championsvgc2026regmcbo3,1500,Salazzle,Sinistcha,12.401
2026-09-30,M-C,gen9championsvgc2026regmcbo3,1500,Salazzle,Sylveon,11.403
2026-09-30,M-C,gen9championsvgc2026regmcbo3,1500,Salazzle,Aerodactyl-Mega,11.107
2026-09-30,M-C,gen9championsvgc2026regmcbo3,1500,Salazzle,Gholdengo,10.896
2026-09-30,M-C,gen9championsvgc2026regmcbo3,1500,Salazzle,Basculegion,10.274
2026-09-30,M-C,gen9championsvgc2026regmcbo3,1500,Chimecho-Mega,Whimsicott,34.144
2026-09-30,M-C,gen9championsvgc2026regmcbo3,1500,Chimecho-Mega,Milotic,33.15
2026-09-30,M-C,gen9championsvgc2026regmcbo3,1500,Chimecho-Mega,Charizard-Mega-Y,30.543
2026-09-30,M-C,gen9championsvgc2026regmcbo3,1500,Chimecho-Mega,Incineroar,26.692
2026-09-30,M-C,gen9championsvgc2026regmcbo3,1500,Chimecho-Mega,Garchomp,20.982
2026-09-30,M-C,gen9championsvgc2026regmcbo3,1500,Chimecho-Mega,Basculegion,16.91
2026-09-30,M-C,gen9championsvgc2026regmcbo3,1500,Chimecho-Mega,Indeedee-F,15.592
2026-09-30,M-C,gen9championsvgc2026regmcbo3,1500,Chimecho-Mega,Hydreigon,12.826
2026-09-30,M-C,gen9championsvgc2026regmcbo3,1500,Chimecho-Mega,Ceruledge,12.824
2026-09-30,M-C,gen9championsvgc2026regmcbo3,1500,Chimecho-Mega,Sylveon,12.72
2026-09-30,M-C,gen9championsvgc2026regmcbo3,1500,Vaporeon,Rillaboom,52.98
2026-09-30,M-C,gen9championsvgc2026regmcbo3,1500,Vaporeon,Maushold,47.564
2026-09-30,M-C,gen9championsvgc2026regmcbo3,1500,Vaporeon,Klefki,38.24
2026-09-30,M-C,gen9championsvgc2026regmcbo3,1500,Vaporeon,Annihilape,38.186
2026-09-30,M-C,gen9championsvgc2026regmcbo3,1500,Vaporeon,Incineroar,27.634
2026-09-30,M-C,gen9championsvgc2026regmcbo3,1500,Vaporeon,Talonflame,19.7
2026-09-30,M-C,gen9championsvgc2026regmcbo3,1500,Vaporeon,Raichu-Mega-Y,10.61
2026-09-30,M-C,gen9championsvgc2026regmcbo3,1500,Vaporeon,Gholdengo,9.277
2026-09-30,M-C,gen9championsvgc2026regmcbo3,1500,Vaporeon,Heliolisk,8.192
2026-09-30,M-C,gen9championsvgc2026regmcbo3,1500,Vaporeon,Lopunny-Mega,6.917
2026-09-30,M-C,gen9championsvgc2026regmcbo3,1500,Pangoro,Indeedee-F,71.342
2026-09-30,M-C,gen9championsvgc2026regmcbo3,1500,Pangoro,Farigiraf,39.975
2026-09-30,M-C,gen9championsvgc2026regmcbo3,1500,Pangoro,Hatterene,35.439
2026-09-30,M-C,gen9championsvgc2026regmcbo3,1500,Pangoro,Camerupt-Mega,35.215
2026-09-30,M-C,gen9championsvgc2026regmcbo3,1500,Pangoro,Incineroar,22.908
2026-09-30,M-C,gen9championsvgc2026regmcbo3,1500,Pangoro,Gardevoir-Mega,21.647
2026-09-30,M-C,gen9championsvgc2026regmcbo3,1500,Pangoro,Sneasler,15.676
2026-09-30,M-C,gen9championsvgc2026regmcbo3,1500,Pangoro,Armarouge,15.287
2026-09-30,M-C,gen9championsvgc2026regmcbo3,1500,Pangoro,Basculegion,13.675
2026-09-30,M-C,gen9championsvgc2026regmcbo3,1500,Pangoro,Venusaur-Mega,12.589
2026-09-30,M-C,gen9championsvgc2026regmcbo3,1500,Medicham-Mega,Indeedee-F,37.118
2026-09-30,M-C,gen9championsvgc2026regmcbo3,1500,Medicham-Mega,Farigiraf,35.444
2026-09-30,M-C,gen9championsvgc2026regmcbo3,1500,Medicham-Mega,Hatterene,29.618
2026-09-30,M-C,gen9championsvgc2026regmcbo3,1500,Medicham-Mega,Torkoal,28.915
2026-09-30,M-C,gen9championsvgc2026regmcbo3,1500,Medicham-Mega,Golurk-Mega,23.028
2026-09-30,M-C,gen9championsvgc2026regmcbo3,1500,Medicham-Mega,Sneasler,22.818
2026-09-30,M-C,gen9championsvgc2026regmcbo3,1500,Medicham-Mega,Kingambit,22.77
2026-09-30,M-C,gen9championsvgc2026regmcbo3,1500,Medicham-Mega,Pelipper,19.981
2026-09-30,M-C,gen9championsvgc2026regmcbo3,1500,Medicham-Mega,Archaludon,18.591
2026-09-30,M-C,gen9championsvgc2026regmcbo3,1500,Medicham-Mega,Swampert-Mega,18.194
2026-09-30,M-C,gen9championsvgc2026regmcbo3,1500,Hawlucha-Mega,Snorlax,46.039
2026-09-30,M-C,gen9championsvgc2026regmcbo3,1500,Hawlucha-Mega,Incineroar,39.206
2026-09-30,M-C,gen9championsvgc2026regmcbo3,1500,Hawlucha-Mega,Rillaboom,29.376
2026-09-30,M-C,gen9championsvgc2026regmcbo3,1500,Hawlucha-Mega,Kingambit,17.439
2026-09-30,M-C,gen9championsvgc2026regmcbo3,1500,Hawlucha-Mega,Gengar-Mega,17.345
2026-09-30,M-C,gen9championsvgc2026regmcbo3,1500,Hawlucha-Mega,Sinistcha,14.808
2026-09-30,M-C,gen9championsvgc2026regmcbo3,1500,Hawlucha-Mega,Vanilluxe,13.88
2026-09-30,M-C,gen9championsvgc2026regmcbo3,1500,Hawlucha-Mega,Talonflame,13.505
2026-09-30,M-C,gen9championsvgc2026regmcbo3,1500,Hawlucha-Mega,Zoroark-Hisui,12.445
2026-09-30,M-C,gen9championsvgc2026regmcbo3,1500,Hawlucha-Mega,Mudsdale,9.78
2026-09-30,M-C,gen9championsvgc2026regmcbo3,1500,Lycanroc,Tyranitar-Mega,60.291
2026-09-30,M-C,gen9championsvgc2026regmcbo3,1500,Lycanroc,Corviknight,55.157
2026-09-30,M-C,gen9championsvgc2026regmcbo3,1500,Lycanroc,Dragapult,55.024
2026-09-30,M-C,gen9championsvgc2026regmcbo3,1500,Lycanroc,Farigiraf,54.747
2026-09-30,M-C,gen9championsvgc2026regmcbo3,1500,Lycanroc,Sneasler,21.436
2026-09-30,M-C,gen9championsvgc2026regmcbo3,1500,Lycanroc,Rillaboom,11.227
2026-09-30,M-C,gen9championsvgc2026regmcbo3,1500,Lycanroc,Kingambit,8.993
2026-09-30,M-C,gen9championsvgc2026regmcbo3,1500,Lycanroc,Mamoswine,7.581
2026-09-30,M-C,gen9championsvgc2026regmcbo3,1500,Lycanroc,Raichu-Mega-Y,7.004
2026-09-30,M-C,gen9championsvgc2026regmcbo3,1500,Lycanroc,Hippowdon,6.499
2026-09-30,M-C,gen9championsvgc2026regmcbo3,1500,Alcremie,Incineroar,29.121
2026-09-30,M-C,gen9championsvgc2026regmcbo3,1500,Alcremie,Rillaboom,20.264
2026-09-30,M-C,gen9championsvgc2026regmcbo3,1500,Alcremie,Charizard-Mega-Y,16.484
2026-09-30,M-C,gen9championsvgc2026regmcbo3,1500,Alcremie,Farigiraf,12.839
2026-09-30,M-C,gen9championsvgc2026regmcbo3,1500,Alcremie,Corviknight,12.298
2026-09-30,M-C,gen9championsvgc2026regmcbo3,1500,Alcremie,Indeedee-F,11.619
2026-09-30,M-C,gen9championsvgc2026regmcbo3,1500,Alcremie,Absol-Mega-Z,11.254
2026-09-30,M-C,gen9championsvgc2026regmcbo3,1500,Alcremie,Garchomp,10.917
2026-09-30,M-C,gen9championsvgc2026regmcbo3,1500,Alcremie,Salamence-Mega,10.239
2026-09-30,M-C,gen9championsvgc2026regmcbo3,1500,Alcremie,Golisopod-Mega,10.071
2026-09-30,M-C,gen9championsvgc2026regmcbo3,1500,Goodra,Lucario-Mega-Z,48.037
2026-09-30,M-C,gen9championsvgc2026regmcbo3,1500,Goodra,Pelipper,29.186
2026-09-30,M-C,gen9championsvgc2026regmcbo3,1500,Goodra,Incineroar,27.368
2026-09-30,M-C,gen9championsvgc2026regmcbo3,1500,Goodra,Basculegion,27.362
2026-09-30,M-C,gen9championsvgc2026regmcbo3,1500,Goodra,Swampert-Mega,24.593
2026-09-30,M-C,gen9championsvgc2026regmcbo3,1500,Goodra,Sinistcha,22.409
2026-09-30,M-C,gen9championsvgc2026regmcbo3,1500,Goodra,Ninetales-Alola,21.443
2026-09-30,M-C,gen9championsvgc2026regmcbo3,1500,Goodra,Milotic,16.548
2026-09-30,M-C,gen9championsvgc2026regmcbo3,1500,Goodra,Rillaboom,15.799
2026-09-30,M-C,gen9championsvgc2026regmcbo3,1500,Goodra,Arcanine,13.727
2026-09-30,M-C,gen9championsvgc2026regmcbo3,1500,Feraligatr,Rillaboom,53.325
2026-09-30,M-C,gen9championsvgc2026regmcbo3,1500,Feraligatr,Incineroar,36.245
2026-09-30,M-C,gen9championsvgc2026regmcbo3,1500,Feraligatr,Pelipper,22.9
2026-09-30,M-C,gen9championsvgc2026regmcbo3,1500,Feraligatr,Archaludon,22.427
2026-09-30,M-C,gen9championsvgc2026regmcbo3,1500,Feraligatr,Salamence-Mega,21.405
2026-09-30,M-C,gen9championsvgc2026regmcbo3,1500,Feraligatr,Gengar-Mega,21.147
2026-09-30,M-C,gen9championsvgc2026regmcbo3,1500,Feraligatr,Gholdengo,15.628
2026-09-30,M-C,gen9championsvgc2026regmcbo3,1500,Feraligatr,Kingambit,14.989
2026-09-30,M-C,gen9championsvgc2026regmcbo3,1500,Feraligatr,Pawmot,13.906
2026-09-30,M-C,gen9championsvgc2026regmcbo3,1500,Feraligatr,Venusaur-Mega,13.448
2026-09-30,M-C,gen9championsvgc2026regmcbo3,1500,Toxicroak,Pelipper,54.874
2026-09-30,M-C,gen9championsvgc2026regmcbo3,1500,Toxicroak,Archaludon,42.628
2026-09-30,M-C,gen9championsvgc2026regmcbo3,1500,Toxicroak,Salamence-Mega,28.076
2026-09-30,M-C,gen9championsvgc2026regmcbo3,1500,Toxicroak,Volcarona,22.916
2026-09-30,M-C,gen9championsvgc2026regmcbo3,1500,Toxicroak,Basculegion,22.868
2026-09-30,M-C,gen9championsvgc2026regmcbo3,1500,Toxicroak,Politoed,17.749
2026-09-30,M-C,gen9championsvgc2026regmcbo3,1500,Toxicroak,Golisopod-Mega,17.055
2026-09-30,M-C,gen9championsvgc2026regmcbo3,1500,Toxicroak,Incineroar,13.945
2026-09-30,M-C,gen9championsvgc2026regmcbo3,1500,Toxicroak,Aerodactyl-Mega,13.459
2026-09-30,M-C,gen9championsvgc2026regmcbo3,1500,Toxicroak,Venusaur-Mega,12.952
2026-09-30,M-C,gen9championsvgc2026regmcbo3,1500,Gogoat,Rillaboom,37.281
2026-09-30,M-C,gen9championsvgc2026regmcbo3,1500,Gogoat,Salamence-Mega,19.864
2026-09-30,M-C,gen9championsvgc2026regmcbo3,1500,Gogoat,Pelipper,15.01
2026-09-30,M-C,gen9championsvgc2026regmcbo3,1500,Gogoat,Ceruledge,14.725
2026-09-30,M-C,gen9championsvgc2026regmcbo3,1500,Gogoat,Floette-Mega,13.873
2026-09-30,M-C,gen9championsvgc2026regmcbo3,1500,Gogoat,Kingambit,13.846
2026-09-30,M-C,gen9championsvgc2026regmcbo3,1500,Gogoat,Incineroar,12.513
2026-09-30,M-C,gen9championsvgc2026regmcbo3,1500,Gogoat,Baxcalibur-Mega,12.085
2026-09-30,M-C,gen9championsvgc2026regmcbo3,1500,Gogoat,Sneasler,11.569
2026-09-30,M-C,gen9championsvgc2026regmcbo3,1500,Gogoat,Basculegion,11.518
2026-09-30,M-C,gen9championsvgc2026regmcbo3,1500,Scolipede,Pelipper,56.083
2026-09-30,M-C,gen9championsvgc2026regmcbo3,1500,Scolipede,Swampert-Mega,47.91
2026-09-30,M-C,gen9championsvgc2026regmcbo3,1500,Scolipede,Floette-Mega,46.59
2026-09-30,M-C,gen9championsvgc2026regmcbo3,1500,Scolipede,Farigiraf,46.5
2026-09-30,M-C,gen9championsvgc2026regmcbo3,1500,Scolipede,Archaludon,43.725
2026-09-30,M-C,gen9championsvgc2026regmcbo3,1500,Scolipede,Incineroar,13.07
2026-09-30,M-C,gen9championsvgc2026regmcbo3,1500,Scolipede,Indeedee-F,9.142
2026-09-30,M-C,gen9championsvgc2026regmcbo3,1500,Scolipede,Rillaboom,8.859
2026-09-30,M-C,gen9championsvgc2026regmcbo3,1500,Scolipede,Garchomp-Mega-Z,8.216
2026-09-30,M-C,gen9championsvgc2026regmcbo3,1500,Scolipede,Hydreigon,7.833
2026-09-30,M-C,gen9championsvgc2026regmcbo3,1500,Chesnaught,Indeedee-F,41.708
2026-09-30,M-C,gen9championsvgc2026regmcbo3,1500,Chesnaught,Milotic,40.067
2026-09-30,M-C,gen9championsvgc2026regmcbo3,1500,Chesnaught,Incineroar,33.669
2026-09-30,M-C,gen9championsvgc2026regmcbo3,1500,Chesnaught,Rillaboom,22.452
2026-09-30,M-C,gen9championsvgc2026regmcbo3,1500,Chesnaught,Arcanine-Hisui,21.899
2026-09-30,M-C,gen9championsvgc2026regmcbo3,1500,Chesnaught,Dragapult,21.111
2026-09-30,M-C,gen9championsvgc2026regmcbo3,1500,Chesnaught,Metagross-Mega,20.822
2026-09-30,M-C,gen9championsvgc2026regmcbo3,1500,Chesnaught,Golisopod-Mega,18.737
2026-09-30,M-C,gen9championsvgc2026regmcbo3,1500,Chesnaught,Gengar-Mega,18.042
2026-09-30,M-C,gen9championsvgc2026regmcbo3,1500,Chesnaught,Archaludon,18.042
2026-09-30,M-C,gen9championsvgc2026regmcbo3,1500,Victreebel-Mega,Pawmot,37.646
2026-09-30,M-C,gen9championsvgc2026regmcbo3,1500,Victreebel-Mega,Basculegion,34.906
2026-09-30,M-C,gen9championsvgc2026regmcbo3,1500,Victreebel-Mega,Kingambit,21.607
2026-09-30,M-C,gen9championsvgc2026regmcbo3,1500,Victreebel-Mega,Rillaboom,20.991
2026-09-30,M-C,gen9championsvgc2026regmcbo3,1500,Victreebel-Mega,Torkoal,19.45
2026-09-30,M-C,gen9championsvgc2026regmcbo3,1500,Victreebel-Mega,Indeedee-F,17.885
2026-09-30,M-C,gen9championsvgc2026regmcbo3,1500,Victreebel-Mega,Toxapex,17.756
2026-09-30,M-C,gen9championsvgc2026regmcbo3,1500,Victreebel-Mega,Charizard-Mega-Y,16.967
2026-09-30,M-C,gen9championsvgc2026regmcbo3,1500,Victreebel-Mega,Farigiraf,14.714
2026-09-30,M-C,gen9championsvgc2026regmcbo3,1500,Victreebel-Mega,Lucario-Mega-Z,13.466
2026-09-30,M-C,gen9championsvgc2026regmcbo3,1500,Slowbro-Galar,Indeedee-F,27.556
2026-09-30,M-C,gen9championsvgc2026regmcbo3,1500,Slowbro-Galar,Golisopod-Mega,20.016
2026-09-30,M-C,gen9championsvgc2026regmcbo3,1500,Slowbro-Galar,Rillaboom,19.076
2026-09-30,M-C,gen9championsvgc2026regmcbo3,1500,Slowbro-Galar,Incineroar,17.374
2026-09-30,M-C,gen9championsvgc2026regmcbo3,1500,Slowbro-Galar,Archaludon,13.731
2026-09-30,M-C,gen9championsvgc2026regmcbo3,1500,Slowbro-Galar,Pelipper,12.456
2026-09-30,M-C,gen9championsvgc2026regmcbo3,1500,Slowbro-Galar,Tyranitar-Mega,11.695
2026-09-30,M-C,gen9championsvgc2026regmcbo3,1500,Slowbro-Galar,Torkoal,11.156
2026-09-30,M-C,gen9championsvgc2026regmcbo3,1500,Slowbro-Galar,Rotom-Wash,10.885
2026-09-30,M-C,gen9championsvgc2026regmcbo3,1500,Slowbro-Galar,Gardevoir-Mega,8.771
2026-09-30,M-C,gen9championsvgc2026regmcbo3,1500,Spiritomb,Golisopod-Mega,25.713
2026-09-30,M-C,gen9championsvgc2026regmcbo3,1500,Spiritomb,Sneasler,19.912
2026-09-30,M-C,gen9championsvgc2026regmcbo3,1500,Spiritomb,Primarina,15.746
2026-09-30,M-C,gen9championsvgc2026regmcbo3,1500,Spiritomb,Tsareena,14.729
2026-09-30,M-C,gen9championsvgc2026regmcbo3,1500,Spiritomb,Pelipper,14.535
2026-09-30,M-C,gen9championsvgc2026regmcbo3,1500,Spiritomb,Camerupt-Mega,10.709
2026-09-30,M-C,gen9championsvgc2026regmcbo3,1500,Spiritomb,Whimsicott,10.426
2026-09-30,M-C,gen9championsvgc2026regmcbo3,1500,Spiritomb,Metagross-Mega,10.406
2026-09-30,M-C,gen9championsvgc2026regmcbo3,1500,Spiritomb,Garchomp,10.007
2026-09-30,M-C,gen9championsvgc2026regmcbo3,1500,Spiritomb,Talonflame,9.998
2026-09-30,M-C,gen9championsvgc2026regmcbo3,1500,Mr. Rime,Indeedee-F,30.716
2026-09-30,M-C,gen9championsvgc2026regmcbo3,1500,Mr. Rime,Raichu-Mega-Y,24.402
2026-09-30,M-C,gen9championsvgc2026regmcbo3,1500,Mr. Rime,Milotic,20.426
2026-09-30,M-C,gen9championsvgc2026regmcbo3,1500,Mr. Rime,Gholdengo,19.622
2026-09-30,M-C,gen9championsvgc2026regmcbo3,1500,Mr. Rime,Staraptor-Mega,18.697
2026-09-30,M-C,gen9championsvgc2026regmcbo3,1500,Mr. Rime,Kingambit,13.221
2026-09-30,M-C,gen9championsvgc2026regmcbo3,1500,Mr. Rime,Sinistcha,11.748
2026-09-30,M-C,gen9championsvgc2026regmcbo3,1500,Mr. Rime,Incineroar,9.719
2026-09-30,M-C,gen9championsvgc2026regmcbo3,1500,Mr. Rime,Rillaboom,9.533
2026-09-30,M-C,gen9championsvgc2026regmcbo3,1500,Mr. Rime,Farigiraf,9.097
2026-09-30,M-C,gen9championsvgc2026regmcbo3,1500,Gengar,Garchomp,21.372
2026-09-30,M-C,gen9championsvgc2026regmcbo3,1500,Gengar,Archaludon,20.015
2026-09-30,M-C,gen9championsvgc2026regmcbo3,1500,Gengar,Whimsicott,19.614
2026-09-30,M-C,gen9championsvgc2026regmcbo3,1500,Gengar,Politoed,18.898
2026-09-30,M-C,gen9championsvgc2026regmcbo3,1500,Gengar,Raichu-Mega-Y,16.644
2026-09-30,M-C,gen9championsvgc2026regmcbo3,1500,Gengar,Rillaboom,16.643
2026-09-30,M-C,gen9championsvgc2026regmcbo3,1500,Gengar,Arcanine-Hisui,15.553
2026-09-30,M-C,gen9championsvgc2026regmcbo3,1500,Gengar,Incineroar,15.494
2026-09-30,M-C,gen9championsvgc2026regmcbo3,1500,Gengar,Indeedee-F,14.374
2026-09-30,M-C,gen9championsvgc2026regmcbo3,1500,Gengar,Golisopod-Mega,14.273
2026-09-30,M-C,gen9championsvgc2026regmcbo3,1500,Scovillain,Farigiraf,29.692
2026-09-30,M-C,gen9championsvgc2026regmcbo3,1500,Scovillain,Sneasler,26.084
2026-09-30,M-C,gen9championsvgc2026regmcbo3,1500,Scovillain,Rillaboom,25.23
2026-09-30,M-C,gen9championsvgc2026regmcbo3,1500,Scovillain,Dragapult,17.659
2026-09-30,M-C,gen9championsvgc2026regmcbo3,1500,Scovillain,Absol-Mega-Z,16.736
2026-09-30,M-C,gen9championsvgc2026regmcbo3,1500,Scovillain,Dragonite-Mega,15.687
2026-09-30,M-C,gen9championsvgc2026regmcbo3,1500,Scovillain,Basculegion,15.674
2026-09-30,M-C,gen9championsvgc2026regmcbo3,1500,Scovillain,Charizard-Mega-Y,15.591
2026-09-30,M-C,gen9championsvgc2026regmcbo3,1500,Scovillain,Whimsicott,14.682
2026-09-30,M-C,gen9championsvgc2026regmcbo3,1500,Scovillain,Torkoal,14.496
2026-09-30,M-C,gen9championsvgc2026regmcbo3,1500,Glaceon,Sneasler,38.88
2026-09-30,M-C,gen9championsvgc2026regmcbo3,1500,Glaceon,Froslass-Mega,35.958
2026-09-30,M-C,gen9championsvgc2026regmcbo3,1500,Glaceon,Kingambit,23.948
2026-09-30,M-C,gen9championsvgc2026regmcbo3,1500,Glaceon,Rillaboom,19.133
2026-09-30,M-C,gen9championsvgc2026regmcbo3,1500,Glaceon,Garchomp-Mega-Z,17.072
2026-09-30,M-C,gen9championsvgc2026regmcbo3,1500,Glaceon,Incineroar,14.634
2026-09-30,M-C,gen9championsvgc2026regmcbo3,1500,Glaceon,Ninetales-Alola,13.21
2026-09-30,M-C,gen9championsvgc2026regmcbo3,1500,Glaceon,Salamence-Mega,11.769
2026-09-30,M-C,gen9championsvgc2026regmcbo3,1500,Glaceon,Arcanine-Hisui,11.577
2026-09-30,M-C,gen9championsvgc2026regmcbo3,1500,Glaceon,Volcarona,11.025
2026-09-30,M-C,gen9championsvgc2026regmcbo3,1500,Sharpedo-Mega,Indeedee-F,32.58
2026-09-30,M-C,gen9championsvgc2026regmcbo3,1500,Sharpedo-Mega,Annihilape,28.473
2026-09-30,M-C,gen9championsvgc2026regmcbo3,1500,Sharpedo-Mega,Sneasler,25.769
2026-09-30,M-C,gen9championsvgc2026regmcbo3,1500,Sharpedo-Mega,Ninetales-Alola,24.67
2026-09-30,M-C,gen9championsvgc2026regmcbo3,1500,Sharpedo-Mega,Arcanine-Hisui,21.064
2026-09-30,M-C,gen9championsvgc2026regmcbo3,1500,Sharpedo-Mega,Sylveon,20.419
2026-09-30,M-C,gen9championsvgc2026regmcbo3,1500,Sharpedo-Mega,Sinistcha,16.849
2026-09-30,M-C,gen9championsvgc2026regmcbo3,1500,Sharpedo-Mega,Incineroar,16.118
2026-09-30,M-C,gen9championsvgc2026regmcbo3,1500,Sharpedo-Mega,Volcarona,14.387
2026-09-30,M-C,gen9championsvgc2026regmcbo3,1500,Sharpedo-Mega,Tsareena,11.471
2026-09-30,M-C,gen9championsvgc2026regmcbo3,1500,Scolipede-Mega,Incineroar,37.213
2026-09-30,M-C,gen9championsvgc2026regmcbo3,1500,Scolipede-Mega,Farigiraf,32.99
2026-09-30,M-C,gen9championsvgc2026regmcbo3,1500,Scolipede-Mega,Basculegion,29.133
2026-09-30,M-C,gen9championsvgc2026regmcbo3,1500,Scolipede-Mega,Mawile-Mega,29.048
2026-09-30,M-C,gen9championsvgc2026regmcbo3,1500,Scolipede-Mega,Annihilape,28.488
2026-09-30,M-C,gen9championsvgc2026regmcbo3,1500,Scolipede-Mega,Rillaboom,21.188
2026-09-30,M-C,gen9championsvgc2026regmcbo3,1500,Scolipede-Mega,Sneasler,14.704
2026-09-30,M-C,gen9championsvgc2026regmcbo3,1500,Scolipede-Mega,Clefable,12.054
2026-09-30,M-C,gen9championsvgc2026regmcbo3,1500,Scolipede-Mega,Kingambit,10.226
2026-09-30,M-C,gen9championsvgc2026regmcbo3,1500,Scolipede-Mega,Milotic,8.799
2026-09-30,M-C,gen9championsvgc2026regmcbo3,1500,Rotom-Frost,Froslass-Mega,55.837
2026-09-30,M-C,gen9championsvgc2026regmcbo3,1500,Rotom-Frost,Kingambit,30.954
2026-09-30,M-C,gen9championsvgc2026regmcbo3,1500,Rotom-Frost,Arcanine-Hisui,24.578
2026-09-30,M-C,gen9championsvgc2026regmcbo3,1500,Rotom-Frost,Incineroar,23.383
2026-09-30,M-C,gen9championsvgc2026regmcbo3,1500,Rotom-Frost,Sneasler,20.916
2026-09-30,M-C,gen9championsvgc2026regmcbo3,1500,Rotom-Frost,Garchomp,18.904
2026-09-30,M-C,gen9championsvgc2026regmcbo3,1500,Rotom-Frost,Rillaboom,12.781
2026-09-30,M-C,gen9championsvgc2026regmcbo3,1500,Rotom-Frost,Staraptor-Mega,11.723
2026-09-30,M-C,gen9championsvgc2026regmcbo3,1500,Rotom-Frost,Sinistcha,11.353
2026-09-30,M-C,gen9championsvgc2026regmcbo3,1500,Rotom-Frost,Indeedee-F,11.281
2026-09-30,M-C,gen9championsvgc2026regmcbo3,1500,Espeon,Indeedee-F,40.039
2026-09-30,M-C,gen9championsvgc2026regmcbo3,1500,Espeon,Sneasler,29.864
2026-09-30,M-C,gen9championsvgc2026regmcbo3,1500,Espeon,Whimsicott,14.021
2026-09-30,M-C,gen9championsvgc2026regmcbo3,1500,Espeon,Gengar-Mega,13.842
2026-09-30,M-C,gen9championsvgc2026regmcbo3,1500,Espeon,Blastoise-Mega,12.757
2026-09-30,M-C,gen9championsvgc2026regmcbo3,1500,Espeon,Politoed,11.111
2026-09-30,M-C,gen9championsvgc2026regmcbo3,1500,Espeon,Salamence-Mega,10.326
2026-09-30,M-C,gen9championsvgc2026regmcbo3,1500,Espeon,Tyranitar-Mega,10.173
2026-09-30,M-C,gen9championsvgc2026regmcbo3,1500,Espeon,Arcanine,9.321
2026-09-30,M-C,gen9championsvgc2026regmcbo3,1500,Espeon,Pelipper,9.121
2026-09-30,M-C,gen9championsvgc2026regmcbo3,1500,Typhlosion,Whimsicott,20.17
2026-09-30,M-C,gen9championsvgc2026regmcbo3,1500,Typhlosion,Farigiraf,19.019
2026-09-30,M-C,gen9championsvgc2026regmcbo3,1500,Typhlosion,Charizard-Mega-Y,15.339
2026-09-30,M-C,gen9championsvgc2026regmcbo3,1500,Typhlosion,Rillaboom,14.568
2026-09-30,M-C,gen9championsvgc2026regmcbo3,1500,Typhlosion,Venusaur,14.519
2026-09-30,M-C,gen9championsvgc2026regmcbo3,1500,Typhlosion,Dragalge-Mega,14.519
2026-09-30,M-C,gen9championsvgc2026regmcbo3,1500,Typhlosion,Clefable,14.519
2026-09-30,M-C,gen9championsvgc2026regmcbo3,1500,Typhlosion,Incineroar,13.605
2026-09-30,M-C,gen9championsvgc2026regmcbo3,1500,Typhlosion,Ninetales-Alola,12.58
2026-09-30,M-C,gen9championsvgc2026regmcbo3,1500,Typhlosion,Salamence-Mega,12.495
2026-09-30,M-C,gen9championsvgc2026regmcbo3,1500,Blastoise,Rillaboom,21.439
2026-09-30,M-C,gen9championsvgc2026regmcbo3,1500,Blastoise,Farigiraf,20.442
2026-09-30,M-C,gen9championsvgc2026regmcbo3,1500,Blastoise,Indeedee-F,18.096
2026-09-30,M-C,gen9championsvgc2026regmcbo3,1500,Blastoise,Golisopod-Mega,16.73
2026-09-30,M-C,gen9championsvgc2026regmcbo3,1500,Blastoise,Pelipper,16.302
2026-09-30,M-C,gen9championsvgc2026regmcbo3,1500,Blastoise,Charizard-Mega-Y,12.293
2026-09-30,M-C,gen9championsvgc2026regmcbo3,1500,Blastoise,Incineroar,11.298
2026-09-30,M-C,gen9championsvgc2026regmcbo3,1500,Blastoise,Politoed,10.897
2026-09-30,M-C,gen9championsvgc2026regmcbo3,1500,Blastoise,Clefable,10.895
2026-09-30,M-C,gen9championsvgc2026regmcbo3,1500,Blastoise,Meganium-Mega,10.51
2026-09-30,M-C,gen9championsvgc2026regmcbo3,1500,Pikachu,Rillaboom,54.968
2026-09-30,M-C,gen9championsvgc2026regmcbo3,1500,Pikachu,Arcanine-Hisui,32.375
2026-09-30,M-C,gen9championsvgc2026regmcbo3,1500,Pikachu,Salamence-Mega,27.87
2026-09-30,M-C,gen9championsvgc2026regmcbo3,1500,Pikachu,Pelipper,19.191
2026-09-30,M-C,gen9championsvgc2026regmcbo3,1500,Pikachu,Charizard-Mega-Y,18.828
2026-09-30,M-C,gen9championsvgc2026regmcbo3,1500,Pikachu,Basculegion,18.254
2026-09-30,M-C,gen9championsvgc2026regmcbo3,1500,Pikachu,Sneasler,16.744
2026-09-30,M-C,gen9championsvgc2026regmcbo3,1500,Pikachu,Annihilape,15.022
2026-09-30,M-C,gen9championsvgc2026regmcbo3,1500,Pikachu,Raichu-Mega-Y,13.733
2026-09-30,M-C,gen9championsvgc2026regmcbo3,1500,Pikachu,Forretress,13.223
2026-09-30,M-C,gen9championsvgc2026regmcbo3,1500,Falinks-Mega,Salamence-Mega,20.261
2026-09-30,M-C,gen9championsvgc2026regmcbo3,1500,Falinks-Mega,Sinistcha,18.947
2026-09-30,M-C,gen9championsvgc2026regmcbo3,1500,Falinks-Mega,Rillaboom,18.086
2026-09-30,M-C,gen9championsvgc2026regmcbo3,1500,Falinks-Mega,Gholdengo,16.894
2026-09-30,M-C,gen9championsvgc2026regmcbo3,1500,Falinks-Mega,Indeedee-F,14.631
2026-09-30,M-C,gen9championsvgc2026regmcbo3,1500,Falinks-Mega,Maushold,14.333
2026-09-30,M-C,gen9championsvgc2026regmcbo3,1500,Falinks-Mega,Incineroar,13.724
2026-09-30,M-C,gen9championsvgc2026regmcbo3,1500,Falinks-Mega,Golisopod-Mega,12.622
2026-09-30,M-C,gen9championsvgc2026regmcbo3,1500,Falinks-Mega,Annihilape,11.95
2026-09-30,M-C,gen9championsvgc2026regmcbo3,1500,Falinks-Mega,Basculegion,11.597
2026-09-30,M-C,gen9championsvgc2026regmcbo3,1500,Farfetch'd,Indeedee-F,26.411
2026-09-30,M-C,gen9championsvgc2026regmcbo3,1500,Farfetch'd,Torkoal,21.389
2026-09-30,M-C,gen9championsvgc2026regmcbo3,1500,Farfetch'd,Incineroar,17.014
2026-09-30,M-C,gen9championsvgc2026regmcbo3,1500,Farfetch'd,Farigiraf,15.727
2026-09-30,M-C,gen9championsvgc2026regmcbo3,1500,Farfetch'd,Rillaboom,12.585
2026-09-30,M-C,gen9championsvgc2026regmcbo3,1500,Farfetch'd,Armarouge,11.856
2026-09-30,M-C,gen9championsvgc2026regmcbo3,1500,Farfetch'd,Garchomp,11.355
2026-09-30,M-C,gen9championsvgc2026regmcbo3,1500,Farfetch'd,Gardevoir-Mega,10.89
2026-09-30,M-C,gen9championsvgc2026regmcbo3,1500,Farfetch'd,Garchomp-Mega-Z,9.08
2026-09-30,M-C,gen9championsvgc2026regmcbo3,1500,Farfetch'd,Golisopod-Mega,8.281
2026-09-30,M-C,gen9championsvgc2026regmcbo3,1500,Pinsir-Mega,Rillaboom,44.292
2026-09-30,M-C,gen9championsvgc2026regmcbo3,1500,Pinsir-Mega,Raichu-Mega-Y,41.241
2026-09-30,M-C,gen9championsvgc2026regmcbo3,1500,Pinsir-Mega,Farigiraf,29.436
2026-09-30,M-C,gen9championsvgc2026regmcbo3,1500,Pinsir-Mega,Incineroar,29.358
2026-09-30,M-C,gen9championsvgc2026regmcbo3,1500,Pinsir-Mega,Milotic,22.243
2026-09-30,M-C,gen9championsvgc2026regmcbo3,1500,Pinsir-Mega,Sneasler,21.802
2026-09-30,M-C,gen9championsvgc2026regmcbo3,1500,Pinsir-Mega,Arcanine-Hisui,18.81
2026-09-30,M-C,gen9championsvgc2026regmcbo3,1500,Pinsir-Mega,Kingambit,15.611
2026-09-30,M-C,gen9championsvgc2026regmcbo3,1500,Pinsir-Mega,Golisopod-Mega,14.811
2026-09-30,M-C,gen9championsvgc2026regmcbo3,1500,Pinsir-Mega,Indeedee-F,10.024
2026-09-30,M-C,gen9championsvgc2026regmcbo3,1500,Infernape,Rillaboom,17.834
2026-09-30,M-C,gen9championsvgc2026regmcbo3,1500,Infernape,Sinistcha,15.058
2026-09-30,M-C,gen9championsvgc2026regmcbo3,1500,Infernape,Golisopod-Mega,14.626
2026-09-30,M-C,gen9championsvgc2026regmcbo3,1500,Infernape,Incineroar,12.884
2026-09-30,M-C,gen9championsvgc2026regmcbo3,1500,Infernape,Garchomp,12.645
2026-09-30,M-C,gen9championsvgc2026regmcbo3,1500,Infernape,Charizard-Mega-Y,10.753
2026-09-30,M-C,gen9championsvgc2026regmcbo3,1500,Infernape,Politoed,10.0
2026-09-30,M-C,gen9championsvgc2026regmcbo3,1500,Infernape,Whimsicott,9.402
2026-09-30,M-C,gen9championsvgc2026regmcbo3,1500,Infernape,Farigiraf,8.729
2026-09-30,M-C,gen9championsvgc2026regmcbo3,1500,Infernape,Milotic,8.377
2026-09-30,M-C,gen9championsvgc2026regmcbo3,1500,Thievul,Golisopod-Mega,39.563
2026-09-30,M-C,gen9championsvgc2026regmcbo3,1500,Thievul,Indeedee-F,33.809
2026-09-30,M-C,gen9championsvgc2026regmcbo3,1500,Thievul,Sneasler,31.526
2026-09-30,M-C,gen9championsvgc2026regmcbo3,1500,Thievul,Gardevoir-Mega,30.33
2026-09-30,M-C,gen9championsvgc2026regmcbo3,1500,Thievul,Armarouge,27.425
2026-09-30,M-C,gen9championsvgc2026regmcbo3,1500,Thievul,Rillaboom,20.005
2026-09-30,M-C,gen9championsvgc2026regmcbo3,1500,Thievul,Pelipper,14.435
2026-09-30,M-C,gen9championsvgc2026regmcbo3,1500,Thievul,Salamence-Mega,12.248
2026-09-30,M-C,gen9championsvgc2026regmcbo3,1500,Thievul,Pawmot,10.23
2026-09-30,M-C,gen9championsvgc2026regmcbo3,1500,Thievul,Kingambit,9.733
2026-09-30,M-C,gen9championsvgc2026regmcbo3,1500,Rampardos,Farigiraf,38.248
2026-09-30,M-C,gen9championsvgc2026regmcbo3,1500,Rampardos,Whimsicott,30.063
2026-09-30,M-C,gen9championsvgc2026regmcbo3,1500,Rampardos,Charizard-Mega-Y,24.068
2026-09-30,M-C,gen9championsvgc2026regmcbo3,1500,Rampardos,Gardevoir-Mega,18.258
2026-09-30,M-C,gen9championsvgc2026regmcbo3,1500,Rampardos,Rillaboom,17.758
2026-09-30,M-C,gen9championsvgc2026regmcbo3,1500,Rampardos,Venusaur,16.634
2026-09-30,M-C,gen9championsvgc2026regmcbo3,1500,Rampardos,Sylveon,14.776
2026-09-30,M-C,gen9championsvgc2026regmcbo3,1500,Rampardos,Golisopod-Mega,11.688
2026-09-30,M-C,gen9championsvgc2026regmcbo3,1500,Rampardos,Kingambit,11.072
2026-09-30,M-C,gen9championsvgc2026regmcbo3,1500,Rampardos,Inteleon,9.909
2026-09-30,M-C,gen9championsvgc2026regmcbo3,1500,Lucario,Indeedee-F,23.142
2026-09-30,M-C,gen9championsvgc2026regmcbo3,1500,Lucario,Torkoal,17.786
2026-09-30,M-C,gen9championsvgc2026regmcbo3,1500,Lucario,Rillaboom,15.137
2026-09-30,M-C,gen9championsvgc2026regmcbo3,1500,Lucario,Kingambit,12.439
2026-09-30,M-C,gen9championsvgc2026regmcbo3,1500,Lucario,Salamence-Mega,12.262
2026-09-30,M-C,gen9championsvgc2026regmcbo3,1500,Lucario,Farigiraf,10.783
2026-09-30,M-C,gen9championsvgc2026regmcbo3,1500,Lucario,Sneasler,9.832
2026-09-30,M-C,gen9championsvgc2026regmcbo3,1500,Lucario,Armarouge,9.176
2026-09-30,M-C,gen9championsvgc2026regmcbo3,1500,Lucario,Tyranitar,8.285
2026-09-30,M-C,gen9championsvgc2026regmcbo3,1500,Lucario,Staraptor-Mega,7.712
2026-09-30,M-C,gen9championsvgc2026regmcbo3,1500,Emboar-Mega,Rillaboom,44.256
2026-09-30,M-C,gen9championsvgc2026regmcbo3,1500,Emboar-Mega,Incineroar,32.084
2026-09-30,M-C,gen9championsvgc2026regmcbo3,1500,Emboar-Mega,Gholdengo,28.91
2026-09-30,M-C,gen9championsvgc2026regmcbo3,1500,Emboar-Mega,Floette-Mega,25.878
2026-09-30,M-C,gen9championsvgc2026regmcbo3,1500,Emboar-Mega,Farigiraf,20.863
2026-09-30,M-C,gen9championsvgc2026regmcbo3,1500,Emboar-Mega,Sylveon,17.07
2026-09-30,M-C,gen9championsvgc2026regmcbo3,1500,Emboar-Mega,Golisopod-Mega,16.254
2026-09-30,M-C,gen9championsvgc2026regmcbo3,1500,Emboar-Mega,Hydreigon,16.159
2026-09-30,M-C,gen9championsvgc2026regmcbo3,1500,Emboar-Mega,Basculegion,13.794
2026-09-30,M-C,gen9championsvgc2026regmcbo3,1500,Emboar-Mega,Whimsicott,11.809
2026-09-30,M-C,gen9championsvgc2026regmcbo3,1500,Glalie-Mega,Pawmot,53.438
2026-09-30,M-C,gen9championsvgc2026regmcbo3,1500,Glalie-Mega,Basculegion,18.709
2026-09-30,M-C,gen9championsvgc2026regmcbo3,1500,Glalie-Mega,Farigiraf,15.622
2026-09-30,M-C,gen9championsvgc2026regmcbo3,1500,Glalie-Mega,Whimsicott,15.531
2026-09-30,M-C,gen9championsvgc2026regmcbo3,1500,Glalie-Mega,Indeedee-F,13.525
2026-09-30,M-C,gen9championsvgc2026regmcbo3,1500,Glalie-Mega,Torkoal,10.652
2026-09-30,M-C,gen9championsvgc2026regmcbo3,1500,Glalie-Mega,Venusaur,10.489
2026-09-30,M-C,gen9championsvgc2026regmcbo3,1500,Glalie-Mega,Sneasler,10.405
2026-09-30,M-C,gen9championsvgc2026regmcbo3,1500,Glalie-Mega,Noivern,10.121
2026-09-30,M-C,gen9championsvgc2026regmcbo3,1500,Glalie-Mega,Archaludon,8.215
2026-09-30,M-C,gen9championsvgc2026regmcbo3,1500,Liepard,Rillaboom,25.528
2026-09-30,M-C,gen9championsvgc2026regmcbo3,1500,Liepard,Sneasler,20.266
2026-09-30,M-C,gen9championsvgc2026regmcbo3,1500,Liepard,Staraptor-Mega,18.227
2026-09-30,M-C,gen9championsvgc2026regmcbo3,1500,Liepard,Delphox-Mega,17.056
2026-09-30,M-C,gen9championsvgc2026regmcbo3,1500,Liepard,Gholdengo,11.747
2026-09-30,M-C,gen9championsvgc2026regmcbo3,1500,Liepard,Salamence-Mega,9.684
2026-09-30,M-C,gen9championsvgc2026regmcbo3,1500,Liepard,Pyroar-Mega,8.777
2026-09-30,M-C,gen9championsvgc2026regmcbo3,1500,Liepard,Baxcalibur-Mega,8.418
2026-09-30,M-C,gen9championsvgc2026regmcbo3,1500,Liepard,Tsareena,8.386
2026-09-30,M-C,gen9championsvgc2026regmcbo3,1500,Liepard,Venusaur,7.607
2026-09-30,M-C,gen9championsvgc2026regmcbo3,1500,Meowstic-M-Mega,Indeedee-F,35.89
2026-09-30,M-C,gen9championsvgc2026regmcbo3,1500,Meowstic-M-Mega,Sneasler,19.008
2026-09-30,M-C,gen9championsvgc2026regmcbo3,1500,Meowstic-M-Mega,Kingambit,18.563
2026-09-30,M-C,gen9championsvgc2026regmcbo3,1500,Meowstic-M-Mega,Rillaboom,17.923
2026-09-30,M-C,gen9championsvgc2026regmcbo3,1500,Meowstic-M-Mega,Kommo-o,15.396
2026-09-30,M-C,gen9championsvgc2026regmcbo3,1500,Meowstic-M-Mega,Volcarona,13.405
2026-09-30,M-C,gen9championsvgc2026regmcbo3,1500,Meowstic-M-Mega,Gengar-Mega,13.385
2026-09-30,M-C,gen9championsvgc2026regmcbo3,1500,Meowstic-M-Mega,Arcanine-Hisui,12.201
2026-09-30,M-C,gen9championsvgc2026regmcbo3,1500,Meowstic-M-Mega,Golisopod-Mega,10.899
2026-09-30,M-C,gen9championsvgc2026regmcbo3,1500,Meowstic-M-Mega,Typhlosion-Hisui,10.541
2026-09-30,M-C,gen9championsvgc2026regmcbo3,1500,Passimian,Golisopod-Mega,66.597
2026-09-30,M-C,gen9championsvgc2026regmcbo3,1500,Passimian,Indeedee-F,66.514
2026-09-30,M-C,gen9championsvgc2026regmcbo3,1500,Passimian,Torkoal,65.605
2026-09-30,M-C,gen9championsvgc2026regmcbo3,1500,Passimian,Gardevoir-Mega,65.602
2026-09-30,M-C,gen9championsvgc2026regmcbo3,1500,Passimian,Armarouge,65.602
2026-09-30,M-C,gen9championsvgc2026regmcbo3,1500,Passimian,Scizor-Mega,6.033
2026-09-30,M-C,gen9championsvgc2026regmcbo3,1500,Passimian,Noivern,6.004
2026-09-30,M-C,gen9championsvgc2026regmcbo3,1500,Passimian,Dedenne,6.004
2026-09-30,M-C,gen9championsvgc2026regmcbo3,1500,Passimian,Krookodile,6.004
2026-09-30,M-C,gen9championsvgc2026regmcbo3,1500,Passimian,Rotom-Heat,3.728
2026-09-30,M-C,gen9championsvgc2026regmcbo3,1500,Sableye-Mega,Sneasler,27.856
2026-09-30,M-C,gen9championsvgc2026regmcbo3,1500,Sableye-Mega,Overqwil,15.989
2026-09-30,M-C,gen9championsvgc2026regmcbo3,1500,Sableye-Mega,Rillaboom,14.405
2026-09-30,M-C,gen9championsvgc2026regmcbo3,1500,Sableye-Mega,Klefki,13.553
2026-09-30,M-C,gen9championsvgc2026regmcbo3,1500,Sableye-Mega,Meowstic,13.333
2026-09-30,M-C,gen9championsvgc2026regmcbo3,1500,Sableye-Mega,Delphox-Mega,13.333
2026-09-30,M-C,gen9championsvgc2026regmcbo3,1500,Sableye-Mega,Sinistcha,12.108
2026-09-30,M-C,gen9championsvgc2026regmcbo3,1500,Sableye-Mega,Farigiraf,11.173
2026-09-30,M-C,gen9championsvgc2026regmcbo3,1500,Sableye-Mega,Corviknight,10.378
2026-09-30,M-C,gen9championsvgc2026regmcbo3,1500,Sableye-Mega,Sylveon,10.119
2026-09-30,M-C,gen9championsvgc2026regmcbo3,1500,Slowbro,Sneasler,16.743
2026-09-30,M-C,gen9championsvgc2026regmcbo3,1500,Slowbro,Rillaboom,14.654
2026-09-30,M-C,gen9championsvgc2026regmcbo3,1500,Slowbro,Farigiraf,13.649
2026-09-30,M-C,gen9championsvgc2026regmcbo3,1500,Slowbro,Golisopod-Mega,13.63
2026-09-30,M-C,gen9championsvgc2026regmcbo3,1500,Slowbro,Aerodactyl-Mega,13.524
2026-09-30,M-C,gen9championsvgc2026regmcbo3,1500,Slowbro,Incineroar,13.188
2026-09-30,M-C,gen9championsvgc2026regmcbo3,1500,Slowbro,Garchomp,13.081
2026-09-30,M-C,gen9championsvgc2026regmcbo3,1500,Slowbro,Kingambit,12.775
2026-09-30,M-C,gen9championsvgc2026regmcbo3,1500,Slowbro,Scovillain-Mega,12.5
2026-09-30,M-C,gen9championsvgc2026regmcbo3,1500,Slowbro,Scizor-Mega,9.872
2026-09-30,M-C,gen9championsvgc2026regmcbo3,1500,Mabosstiff,Rillaboom,45.584
2026-09-30,M-C,gen9championsvgc2026regmcbo3,1500,Mabosstiff,Primarina,24.352
2026-09-30,M-C,gen9championsvgc2026regmcbo3,1500,Mabosstiff,Farigiraf,23.941
2026-09-30,M-C,gen9championsvgc2026regmcbo3,1500,Mabosstiff,Camerupt-Mega,22.81
2026-09-30,M-C,gen9championsvgc2026regmcbo3,1500,Mabosstiff,Kingambit,22.81
2026-09-30,M-C,gen9championsvgc2026regmcbo3,1500,Mabosstiff,Indeedee-F,21.703
2026-09-30,M-C,gen9championsvgc2026regmcbo3,1500,Mabosstiff,Garchomp-Mega-Z,20.205
2026-09-30,M-C,gen9championsvgc2026regmcbo3,1500,Mabosstiff,Metagross-Mega,18.131
2026-09-30,M-C,gen9championsvgc2026regmcbo3,1500,Mabosstiff,Blaziken,18.062
2026-09-30,M-C,gen9championsvgc2026regmcbo3,1500,Mabosstiff,Lucario-Mega-Z,8.06
2026-09-30,M-C,gen9championsvgc2026regmcbo3,1500,Charizard,Whimsicott,21.724
2026-09-30,M-C,gen9championsvgc2026regmcbo3,1500,Charizard,Garchomp-Mega-Z,20.033
2026-09-30,M-C,gen9championsvgc2026regmcbo3,1500,Charizard,Indeedee-F,19.835
2026-09-30,M-C,gen9championsvgc2026regmcbo3,1500,Charizard,Milotic,19.349
2026-09-30,M-C,gen9championsvgc2026regmcbo3,1500,Charizard,Aegislash,17.941
2026-09-30,M-C,gen9championsvgc2026regmcbo3,1500,Charizard,Farigiraf,16.167
2026-09-30,M-C,gen9championsvgc2026regmcbo3,1500,Charizard,Basculegion,13.963
2026-09-30,M-C,gen9championsvgc2026regmcbo3,1500,Charizard,Rillaboom,12.815
2026-09-30,M-C,gen9championsvgc2026regmcbo3,1500,Charizard,Pelipper,12.802
2026-09-30,M-C,gen9championsvgc2026regmcbo3,1500,Charizard,Gardevoir-Mega,12.573
2026-09-30,M-C,gen9championsvgc2026regmcbo3,1500,Roserade,Milotic,40.298
2026-09-30,M-C,gen9championsvgc2026regmcbo3,1500,Roserade,Indeedee-F,36.144
2026-09-30,M-C,gen9championsvgc2026regmcbo3,1500,Roserade,Incineroar,31.552
2026-09-30,M-C,gen9championsvgc2026regmcbo3,1500,Roserade,Metagross-Mega,25.999
2026-09-30,M-C,gen9championsvgc2026regmcbo3,1500,Roserade,Kommo-o,24.235
2026-09-30,M-C,gen9championsvgc2026regmcbo3,1500,Roserade,Garchomp,12.804
2026-09-30,M-C,gen9championsvgc2026regmcbo3,1500,Roserade,Blaziken-Mega,12.583
2026-09-30,M-C,gen9championsvgc2026regmcbo3,1500,Roserade,Torkoal,11.207
2026-09-30,M-C,gen9championsvgc2026regmcbo3,1500,Roserade,Slurpuff,11.207
2026-09-30,M-C,gen9championsvgc2026regmcbo3,1500,Roserade,Gardevoir-Mega,11.207
2026-09-30,M-C,gen9championsvgc2026regmcbo3,1500,Leafeon,Charizard-Mega-Y,30.999
2026-09-30,M-C,gen9championsvgc2026regmcbo3,1500,Leafeon,Torkoal,20.456
2026-09-30,M-C,gen9championsvgc2026regmcbo3,1500,Leafeon,Indeedee-F,17.443
2026-09-30,M-C,gen9championsvgc2026regmcbo3,1500,Leafeon,Incineroar,16.649
2026-09-30,M-C,gen9championsvgc2026regmcbo3,1500,Leafeon,Dragapult,12.338
2026-09-30,M-C,gen9championsvgc2026regmcbo3,1500,Leafeon,Sableye,12.267
2026-09-30,M-C,gen9championsvgc2026regmcbo3,1500,Leafeon,Sylveon,10.994
2026-09-30,M-C,gen9championsvgc2026regmcbo3,1500,Leafeon,Sinistcha,8.621
2026-09-30,M-C,gen9championsvgc2026regmcbo3,1500,Leafeon,Floette-Mega,8.371
2026-09-30,M-C,gen9championsvgc2026regmcbo3,1500,Leafeon,Blastoise,8.318
2026-09-30,M-C,gen9championsvgc2026regmcbo3,1500,Audino,Kingambit,15.349
2026-09-30,M-C,gen9championsvgc2026regmcbo3,1500,Audino,Slowbro-Mega,15.349
2026-09-30,M-C,gen9championsvgc2026regmcbo3,1500,Audino,Snorlax,15.235
2026-09-30,M-C,gen9championsvgc2026regmcbo3,1500,Audino,Maushold,14.357
2026-09-30,M-C,gen9championsvgc2026regmcbo3,1500,Audino,Overqwil,14.312
2026-09-30,M-C,gen9championsvgc2026regmcbo3,1500,Audino,Sableye,13.361
2026-09-30,M-C,gen9championsvgc2026regmcbo3,1500,Audino,Incineroar,13.294
2026-09-30,M-C,gen9championsvgc2026regmcbo3,1500,Audino,Farigiraf,13.197
2026-09-30,M-C,gen9championsvgc2026regmcbo3,1500,Audino,Sinistcha,11.662
2026-09-30,M-C,gen9championsvgc2026regmcbo3,1500,Audino,Gengar-Mega,11.367
2026-09-30,M-C,gen9championsvgc2026regmcbo3,1630,Rillaboom,Incineroar,46.166
2026-09-30,M-C,gen9championsvgc2026regmcbo3,1630,Rillaboom,Sneasler,39.551
2026-09-30,M-C,gen9championsvgc2026regmcbo3,1630,Rillaboom,Gholdengo,37.047
2026-09-30,M-C,gen9championsvgc2026regmcbo3,1630,Rillaboom,Raichu-Mega-Y,31.555
2026-09-30,M-C,gen9championsvgc2026regmcbo3,1630,Rillaboom,Salamence-Mega,28.41
2026-09-30,M-C,gen9championsvgc2026regmcbo3,1630,Rillaboom,Kingambit,26.51
2026-09-30,M-C,gen9championsvgc2026regmcbo3,1630,Rillaboom,Arcanine-Hisui,21.224
2026-09-30,M-C,gen9championsvgc2026regmcbo3,1630,Rillaboom,Floette-Mega,19.893
2026-09-30,M-C,gen9championsvgc2026regmcbo3,1630,Rillaboom,Volcarona,16.166
2026-09-30,M-C,gen9championsvgc2026regmcbo3,1630,Rillaboom,Basculegion,14.321
2026-09-30,M-C,gen9championsvgc2026regmcbo3,1630,Sneasler,Rillaboom,51.762
2026-09-30,M-C,gen9championsvgc2026regmcbo3,1630,Sneasler,Incineroar,37.37
2026-09-30,M-C,gen9championsvgc2026regmcbo3,1630,Sneasler,Kingambit,36.747
2026-09-30,M-C,gen9championsvgc2026regmcbo3,1630,Sneasler,Salamence-Mega,34.669
2026-09-30,M-C,gen9championsvgc2026regmcbo3,1630,Sneasler,Gholdengo,25.229
2026-09-30,M-C,gen9championsvgc2026regmcbo3,1630,Sneasler,Floette-Mega,24.912
2026-09-30,M-C,gen9championsvgc2026regmcbo3,1630,Sneasler,Basculegion,17.466
2026-09-30,M-C,gen9championsvgc2026regmcbo3,1630,Sneasler,Arcanine-Hisui,16.157
2026-09-30,M-C,gen9championsvgc2026regmcbo3,1630,Sneasler,Indeedee-F,14.536
2026-09-30,M-C,gen9championsvgc2026regmcbo3,1630,Sneasler,Raichu-Mega-Y,14.31
2026-09-30,M-C,gen9championsvgc2026regmcbo3,1630,Incineroar,Rillaboom,63.98
2026-09-30,M-C,gen9championsvgc2026regmcbo3,1630,Incineroar,Sneasler,39.572
2026-09-30,M-C,gen9championsvgc2026regmcbo3,1630,Incineroar,Floette-Mega,30.691
2026-09-30,M-C,gen9championsvgc2026regmcbo3,1630,Incineroar,Gholdengo,27.84
2026-09-30,M-C,gen9championsvgc2026regmcbo3,1630,Incineroar,Kingambit,20.509
2026-09-30,M-C,gen9championsvgc2026regmcbo3,1630,Incineroar,Raichu-Mega-Y,17.294
2026-09-30,M-C,gen9championsvgc2026regmcbo3,1630,Incineroar,Garchomp-Mega-Z,16.765
2026-09-30,M-C,gen9championsvgc2026regmcbo3,1630,Incineroar,Gengar-Mega,16.397
2026-09-30,M-C,gen9championsvgc2026regmcbo3,1630,Incineroar,Salamence-Mega,13.588
2026-09-30,M-C,gen9championsvgc2026regmcbo3,1630,Incineroar,Basculegion,12.799
2026-09-30,M-C,gen9championsvgc2026regmcbo3,1630,Kingambit,Sneasler,50.98
2026-09-30,M-C,gen9championsvgc2026regmcbo3,1630,Kingambit,Rillaboom,48.133
2026-09-30,M-C,gen9championsvgc2026regmcbo3,1630,Kingambit,Salamence-Mega,28.523
2026-09-30,M-C,gen9championsvgc2026regmcbo3,1630,Kingambit,Incineroar,26.87
2026-09-30,M-C,gen9championsvgc2026regmcbo3,1630,Kingambit,Basculegion,21.961
2026-09-30,M-C,gen9championsvgc2026regmcbo3,1630,Kingambit,Floette-Mega,18.636
2026-09-30,M-C,gen9championsvgc2026regmcbo3,1630,Kingambit,Farigiraf,16.385
2026-09-30,M-C,gen9championsvgc2026regmcbo3,1630,Kingambit,Charizard-Mega-Y,16.046
2026-09-30,M-C,gen9championsvgc2026regmcbo3,1630,Kingambit,Arcanine-Hisui,15.178
2026-09-30,M-C,gen9championsvgc2026regmcbo3,1630,Kingambit,Sylveon,14.156
2026-09-30,M-C,gen9championsvgc2026regmcbo3,1630,Gholdengo,Rillaboom,76.321
2026-09-30,M-C,gen9championsvgc2026regmcbo3,1630,Gholdengo,Raichu-Mega-Y,48.007
2026-09-30,M-C,gen9championsvgc2026regmcbo3,1630,Gholdengo,Incineroar,41.385
2026-09-30,M-C,gen9championsvgc2026regmcbo3,1630,Gholdengo,Sneasler,39.713
2026-09-30,M-C,gen9championsvgc2026regmcbo3,1630,Gholdengo,Salamence-Mega,32.667
2026-09-30,M-C,gen9championsvgc2026regmcbo3,1630,Gholdengo,Arcanine-Hisui,28.663
2026-09-30,M-C,gen9championsvgc2026regmcbo3,1630,Gholdengo,Staraptor-Mega,20.931
2026-09-30,M-C,gen9championsvgc2026regmcbo3,1630,Gholdengo,Floette-Mega,20.829
2026-09-30,M-C,gen9championsvgc2026regmcbo3,1630,Gholdengo,Sylveon,13.932
2026-09-30,M-C,gen9championsvgc2026regmcbo3,1630,Gholdengo,Milotic,13.392
2026-09-30,M-C,gen9championsvgc2026regmcbo3,1630,Salamence-Mega,Rillaboom,62.637
2026-09-30,M-C,gen9championsvgc2026regmcbo3,1630,Salamence-Mega,Sneasler,58.404
2026-09-30,M-C,gen9championsvgc2026regmcbo3,1630,Salamence-Mega,Gholdengo,34.96
2026-09-30,M-C,gen9championsvgc2026regmcbo3,1630,Salamence-Mega,Kingambit,34.635
2026-09-30,M-C,gen9championsvgc2026regmcbo3,1630,Salamence-Mega,Arcanine-Hisui,27.413
2026-09-30,M-C,gen9championsvgc2026regmcbo3,1630,Salamence-Mega,Incineroar,21.617
2026-09-30,M-C,gen9championsvgc2026regmcbo3,1630,Salamence-Mega,Raichu-Mega-Y,20.101
2026-09-30,M-C,gen9championsvgc2026regmcbo3,1630,Salamence-Mega,Basculegion,19.154
2026-09-30,M-C,gen9championsvgc2026regmcbo3,1630,Salamence-Mega,Floette-Mega,15.319
2026-09-30,M-C,gen9championsvgc2026regmcbo3,1630,Salamence-Mega,Milotic,14.092
2026-09-30,M-C,gen9championsvgc2026regmcbo3,1630,Raichu-Mega-Y,Rillaboom,79.22
2026-09-30,M-C,gen9championsvgc2026regmcbo3,1630,Raichu-Mega-Y,Gholdengo,58.502
2026-09-30,M-C,gen9championsvgc2026regmcbo3,1630,Raichu-Mega-Y,Arcanine-Hisui,38.945
2026-09-30,M-C,gen9championsvgc2026regmcbo3,1630,Raichu-Mega-Y,Incineroar,31.328
2026-09-30,M-C,gen9championsvgc2026regmcbo3,1630,Raichu-Mega-Y,Sneasler,27.451
2026-09-30,M-C,gen9championsvgc2026regmcbo3,1630,Raichu-Mega-Y,Staraptor-Mega,25.124
2026-09-30,M-C,gen9championsvgc2026regmcbo3,1630,Raichu-Mega-Y,Salamence-Mega,22.889
2026-09-30,M-C,gen9championsvgc2026regmcbo3,1630,Raichu-Mega-Y,Sylveon,20.7
2026-09-30,M-C,gen9championsvgc2026regmcbo3,1630,Raichu-Mega-Y,Kingambit,19.186
2026-09-30,M-C,gen9championsvgc2026regmcbo3,1630,Raichu-Mega-Y,Volcarona,17.799
2026-09-30,M-C,gen9championsvgc2026regmcbo3,1630,Basculegion,Rillaboom,46.191
2026-09-30,M-C,gen9championsvgc2026regmcbo3,1630,Basculegion,Sneasler,43.045
2026-09-30,M-C,gen9championsvgc2026regmcbo3,1630,Basculegion,Kingambit,39.012
2026-09-30,M-C,gen9championsvgc2026regmcbo3,1630,Basculegion,Incineroar,29.787
2026-09-30,M-C,gen9championsvgc2026regmcbo3,1630,Basculegion,Salamence-Mega,28.021
2026-09-30,M-C,gen9championsvgc2026regmcbo3,1630,Basculegion,Floette-Mega,21.313
2026-09-30,M-C,gen9championsvgc2026regmcbo3,1630,Basculegion,Whimsicott,16.91
2026-09-30,M-C,gen9championsvgc2026regmcbo3,1630,Basculegion,Volcarona,16.834
2026-09-30,M-C,gen9championsvgc2026regmcbo3,1630,Basculegion,Indeedee-F,14.764
2026-09-30,M-C,gen9championsvgc2026regmcbo3,1630,Basculegion,Charizard-Mega-Y,12.833
2026-09-30,M-C,gen9championsvgc2026regmcbo3,1630,Floette-Mega,Incineroar,75.078
2026-09-30,M-C,gen9championsvgc2026regmcbo3,1630,Floette-Mega,Rillaboom,67.442
2026-09-30,M-C,gen9championsvgc2026regmcbo3,1630,Floette-Mega,Sneasler,64.531
2026-09-30,M-C,gen9championsvgc2026regmcbo3,1630,Floette-Mega,Kingambit,34.796
2026-09-30,M-C,gen9championsvgc2026regmcbo3,1630,Floette-Mega,Gholdengo,34.277
2026-09-30,M-C,gen9championsvgc2026regmcbo3,1630,Floette-Mega,Salamence-Mega,23.556
2026-09-30,M-C,gen9championsvgc2026regmcbo3,1630,Floette-Mega,Basculegion,22.401
2026-09-30,M-C,gen9championsvgc2026regmcbo3,1630,Floette-Mega,Dragonite-Mega,14.91
2026-09-30,M-C,gen9championsvgc2026regmcbo3,1630,Floette-Mega,Sinistcha,12.627
2026-09-30,M-C,gen9championsvgc2026regmcbo3,1630,Floette-Mega,Delphox-Mega,11.486
2026-09-30,M-C,gen9championsvgc2026regmcbo3,1630,Arcanine-Hisui,Rillaboom,72.806
2026-09-30,M-C,gen9championsvgc2026regmcbo3,1630,Arcanine-Hisui,Raichu-Mega-Y,53.215
2026-09-30,M-C,gen9championsvgc2026regmcbo3,1630,Arcanine-Hisui,Gholdengo,47.727
2026-09-30,M-C,gen9championsvgc2026regmcbo3,1630,Arcanine-Hisui,Salamence-Mega,42.652
2026-09-30,M-C,gen9championsvgc2026regmcbo3,1630,Arcanine-Hisui,Sneasler,42.35
2026-09-30,M-C,gen9championsvgc2026regmcbo3,1630,Arcanine-Hisui,Kingambit,28.677
2026-09-30,M-C,gen9championsvgc2026regmcbo3,1630,Arcanine-Hisui,Sylveon,26.739
2026-09-30,M-C,gen9championsvgc2026regmcbo3,1630,Arcanine-Hisui,Staraptor-Mega,26.258
2026-09-30,M-C,gen9championsvgc2026regmcbo3,1630,Arcanine-Hisui,Milotic,14.183
2026-09-30,M-C,gen9championsvgc2026regmcbo3,1630,Arcanine-Hisui,Froslass-Mega,11.541
2026-09-30,M-C,gen9championsvgc2026regmcbo3,1630,Charizard-Mega-Y,Garchomp,36.927
2026-09-30,M-C,gen9championsvgc2026regmcbo3,1630,Charizard-Mega-Y,Kingambit,30.872
2026-09-30,M-C,gen9championsvgc2026regmcbo3,1630,Charizard-Mega-Y,Farigiraf,28.889
2026-09-30,M-C,gen9championsvgc2026regmcbo3,1630,Charizard-Mega-Y,Incineroar,28.82
2026-09-30,M-C,gen9championsvgc2026regmcbo3,1630,Charizard-Mega-Y,Archaludon,27.066
2026-09-30,M-C,gen9championsvgc2026regmcbo3,1630,Charizard-Mega-Y,Venusaur,25.777
2026-09-30,M-C,gen9championsvgc2026regmcbo3,1630,Charizard-Mega-Y,Sylveon,24.684
2026-09-30,M-C,gen9championsvgc2026regmcbo3,1630,Charizard-Mega-Y,Grimmsnarl,24.316
2026-09-30,M-C,gen9championsvgc2026regmcbo3,1630,Charizard-Mega-Y,Rillaboom,19.601
2026-09-30,M-C,gen9championsvgc2026regmcbo3,1630,Charizard-Mega-Y,Sneasler,19.432
2026-09-30,M-C,gen9championsvgc2026regmcbo3,1630,Indeedee-F,Sneasler,41.058
2026-09-30,M-C,gen9championsvgc2026regmcbo3,1630,Indeedee-F,Gardevoir-Mega,33.328
2026-09-30,M-C,gen9championsvgc2026regmcbo3,1630,Indeedee-F,Armarouge,27.081
2026-09-30,M-C,gen9championsvgc2026regmcbo3,1630,Indeedee-F,Kingambit,26.83
2026-09-30,M-C,gen9championsvgc2026regmcbo3,1630,Indeedee-F,Incineroar,20.253
2026-09-30,M-C,gen9championsvgc2026regmcbo3,1630,Indeedee-F,Basculegion,16.921
2026-09-30,M-C,gen9championsvgc2026regmcbo3,1630,Indeedee-F,Staraptor-Mega,13.729
2026-09-30,M-C,gen9championsvgc2026regmcbo3,1630,Indeedee-F,Milotic,12.682
2026-09-30,M-C,gen9championsvgc2026regmcbo3,1630,Indeedee-F,Salamence-Mega,12.291
2026-09-30,M-C,gen9championsvgc2026regmcbo3,1630,Indeedee-F,Torkoal,12.12
2026-09-30,M-C,gen9championsvgc2026regmcbo3,1630,Farigiraf,Kingambit,34.65
2026-09-30,M-C,gen9championsvgc2026regmcbo3,1630,Farigiraf,Incineroar,32.874
2026-09-30,M-C,gen9championsvgc2026regmcbo3,1630,Farigiraf,Charizard-Mega-Y,31.753
2026-09-30,M-C,gen9championsvgc2026regmcbo3,1630,Farigiraf,Sylveon,30.429
2026-09-30,M-C,gen9championsvgc2026regmcbo3,1630,Farigiraf,Rillaboom,28.214
2026-09-30,M-C,gen9championsvgc2026regmcbo3,1630,Farigiraf,Golisopod-Mega,25.708
2026-09-30,M-C,gen9championsvgc2026regmcbo3,1630,Farigiraf,Archaludon,19.761
2026-09-30,M-C,gen9championsvgc2026regmcbo3,1630,Farigiraf,Garchomp-Mega-Z,16.223
2026-09-30,M-C,gen9championsvgc2026regmcbo3,1630,Farigiraf,Garchomp,15.91
2026-09-30,M-C,gen9championsvgc2026regmcbo3,1630,Farigiraf,Sneasler,15.069
2026-09-30,M-C,gen9championsvgc2026regmcbo3,1630,Archaludon,Pelipper,55.109
2026-09-30,M-C,gen9championsvgc2026regmcbo3,1630,Archaludon,Grimmsnarl,38.054
2026-09-30,M-C,gen9championsvgc2026regmcbo3,1630,Archaludon,Golisopod-Mega,34.941
2026-09-30,M-C,gen9championsvgc2026regmcbo3,1630,Archaludon,Politoed,34.024
2026-09-30,M-C,gen9championsvgc2026regmcbo3,1630,Archaludon,Charizard-Mega-Y,32.452
2026-09-30,M-C,gen9championsvgc2026regmcbo3,1630,Archaludon,Rillaboom,29.6
2026-09-30,M-C,gen9championsvgc2026regmcbo3,1630,Archaludon,Incineroar,25.661
2026-09-30,M-C,gen9championsvgc2026regmcbo3,1630,Archaludon,Swampert-Mega,23.609
2026-09-30,M-C,gen9championsvgc2026regmcbo3,1630,Archaludon,Gengar-Mega,21.596
2026-09-30,M-C,gen9championsvgc2026regmcbo3,1630,Archaludon,Farigiraf,21.556
2026-09-30,M-C,gen9championsvgc2026regmcbo3,1630,Sylveon,Rillaboom,51.454
2026-09-30,M-C,gen9championsvgc2026regmcbo3,1630,Sylveon,Raichu-Mega-Y,35.481
2026-09-30,M-C,gen9championsvgc2026regmcbo3,1630,Sylveon,Farigiraf,34.102
2026-09-30,M-C,gen9championsvgc2026regmcbo3,1630,Sylveon,Kingambit,33.549
2026-09-30,M-C,gen9championsvgc2026regmcbo3,1630,Sylveon,Arcanine-Hisui,33.542
2026-09-30,M-C,gen9championsvgc2026regmcbo3,1630,Sylveon,Charizard-Mega-Y,30.407
2026-09-30,M-C,gen9championsvgc2026regmcbo3,1630,Sylveon,Gholdengo,29.101
2026-09-30,M-C,gen9championsvgc2026regmcbo3,1630,Sylveon,Staraptor-Mega,24.789
2026-09-30,M-C,gen9championsvgc2026regmcbo3,1630,Sylveon,Salamence-Mega,24.562
2026-09-30,M-C,gen9championsvgc2026regmcbo3,1630,Sylveon,Incineroar,24.068
2026-09-30,M-C,gen9championsvgc2026regmcbo3,1630,Garchomp-Mega-Z,Rillaboom,64.822
2026-09-30,M-C,gen9championsvgc2026regmcbo3,1630,Garchomp-Mega-Z,Incineroar,58.981
2026-09-30,M-C,gen9championsvgc2026regmcbo3,1630,Garchomp-Mega-Z,Sneasler,35.813
2026-09-30,M-C,gen9championsvgc2026regmcbo3,1630,Garchomp-Mega-Z,Volcarona,35.387
2026-09-30,M-C,gen9championsvgc2026regmcbo3,1630,Garchomp-Mega-Z,Gholdengo,27.56
2026-09-30,M-C,gen9championsvgc2026regmcbo3,1630,Garchomp-Mega-Z,Raichu-Mega-Y,23.435
2026-09-30,M-C,gen9championsvgc2026regmcbo3,1630,Garchomp-Mega-Z,Farigiraf,20.601
2026-09-30,M-C,gen9championsvgc2026regmcbo3,1630,Garchomp-Mega-Z,Basculegion,19.34
2026-09-30,M-C,gen9championsvgc2026regmcbo3,1630,Garchomp-Mega-Z,Kingambit,18.321
2026-09-30,M-C,gen9championsvgc2026regmcbo3,1630,Garchomp-Mega-Z,Charizard-Mega-Y,14.531
2026-09-30,M-C,gen9championsvgc2026regmcbo3,1630,Volcarona,Rillaboom,80.864
2026-09-30,M-C,gen9championsvgc2026regmcbo3,1630,Volcarona,Incineroar,42.078
2026-09-30,M-C,gen9championsvgc2026regmcbo3,1630,Volcarona,Garchomp-Mega-Z,36.305
2026-09-30,M-C,gen9championsvgc2026regmcbo3,1630,Volcarona,Raichu-Mega-Y,35.464
2026-09-30,M-C,gen9championsvgc2026regmcbo3,1630,Volcarona,Gholdengo,26.973
2026-09-30,M-C,gen9championsvgc2026regmcbo3,1630,Volcarona,Basculegion,26.108
2026-09-30,M-C,gen9championsvgc2026regmcbo3,1630,Volcarona,Sneasler,25.424
2026-09-30,M-C,gen9championsvgc2026regmcbo3,1630,Volcarona,Salamence-Mega,22.043
2026-09-30,M-C,gen9championsvgc2026regmcbo3,1630,Volcarona,Kingambit,21.451
2026-09-30,M-C,gen9championsvgc2026regmcbo3,1630,Volcarona,Floette-Mega,11.186
2026-09-30,M-C,gen9championsvgc2026regmcbo3,1630,Garchomp,Charizard-Mega-Y,58.69
2026-09-30,M-C,gen9championsvgc2026regmcbo3,1630,Garchomp,Kingambit,40.567
2026-09-30,M-C,gen9championsvgc2026regmcbo3,1630,Garchomp,Incineroar,38.476
2026-09-30,M-C,gen9championsvgc2026regmcbo3,1630,Garchomp,Sylveon,30.145
2026-09-30,M-C,gen9championsvgc2026regmcbo3,1630,Garchomp,Rillaboom,23.964
2026-09-30,M-C,gen9championsvgc2026regmcbo3,1630,Garchomp,Farigiraf,23.005
2026-09-30,M-C,gen9championsvgc2026regmcbo3,1630,Garchomp,Whimsicott,20.08
2026-09-30,M-C,gen9championsvgc2026regmcbo3,1630,Garchomp,Aerodactyl-Mega,19.043
2026-09-30,M-C,gen9championsvgc2026regmcbo3,1630,Garchomp,Sneasler,18.857
2026-09-30,M-C,gen9championsvgc2026regmcbo3,1630,Garchomp,Floette-Mega,16.835
2026-09-30,M-C,gen9championsvgc2026regmcbo3,1630,Milotic,Rillaboom,51.998
2026-09-30,M-C,gen9championsvgc2026regmcbo3,1630,Milotic,Gholdengo,36.296
2026-09-30,M-C,gen9championsvgc2026regmcbo3,1630,Milotic,Salamence-Mega,35.688
2026-09-30,M-C,gen9championsvgc2026regmcbo3,1630,Milotic,Sneasler,29.431
2026-09-30,M-C,gen9championsvgc2026regmcbo3,1630,Milotic,Raichu-Mega-Y,25.435
2026-09-30,M-C,gen9championsvgc2026regmcbo3,1630,Milotic,Arcanine-Hisui,23.086
2026-09-30,M-C,gen9championsvgc2026regmcbo3,1630,Milotic,Staraptor-Mega,21.57
2026-09-30,M-C,gen9championsvgc2026regmcbo3,1630,Milotic,Indeedee-F,19.156
2026-09-30,M-C,gen9championsvgc2026regmcbo3,1630,Milotic,Incineroar,18.871
2026-09-30,M-C,gen9championsvgc2026regmcbo3,1630,Milotic,Tyranitar-Mega,15.529
2026-09-30,M-C,gen9championsvgc2026regmcbo3,1630,Staraptor-Mega,Rillaboom,58.497
2026-09-30,M-C,gen9championsvgc2026regmcbo3,1630,Staraptor-Mega,Gholdengo,56.84
2026-09-30,M-C,gen9championsvgc2026regmcbo3,1630,Staraptor-Mega,Raichu-Mega-Y,55.986
2026-09-30,M-C,gen9championsvgc2026regmcbo3,1630,Staraptor-Mega,Arcanine-Hisui,42.821
2026-09-30,M-C,gen9championsvgc2026regmcbo3,1630,Staraptor-Mega,Sylveon,32.227
2026-09-30,M-C,gen9championsvgc2026regmcbo3,1630,Staraptor-Mega,Milotic,21.612
2026-09-30,M-C,gen9championsvgc2026regmcbo3,1630,Staraptor-Mega,Indeedee-F,20.777
2026-09-30,M-C,gen9championsvgc2026regmcbo3,1630,Staraptor-Mega,Kingambit,17.822
2026-09-30,M-C,gen9championsvgc2026regmcbo3,1630,Staraptor-Mega,Armarouge,16.081
2026-09-30,M-C,gen9championsvgc2026regmcbo3,1630,Staraptor-Mega,Dragapult,8.343
2026-09-30,M-C,gen9championsvgc2026regmcbo3,1630,Pelipper,Archaludon,78.699
2026-09-30,M-C,gen9championsvgc2026regmcbo3,1630,Pelipper,Grimmsnarl,40.291
2026-09-30,M-C,gen9championsvgc2026regmcbo3,1630,Pelipper,Golisopod-Mega,36.796
2026-09-30,M-C,gen9championsvgc2026regmcbo3,1630,Pelipper,Swampert-Mega,32.736
2026-09-30,M-C,gen9championsvgc2026regmcbo3,1630,Pelipper,Charizard-Mega-Y,32.585
2026-09-30,M-C,gen9championsvgc2026regmcbo3,1630,Pelipper,Venusaur,26.784
2026-09-30,M-C,gen9championsvgc2026regmcbo3,1630,Pelipper,Basculegion,20.899
2026-09-30,M-C,gen9championsvgc2026regmcbo3,1630,Pelipper,Sneasler,20.118
2026-09-30,M-C,gen9championsvgc2026regmcbo3,1630,Pelipper,Farigiraf,17.393
2026-09-30,M-C,gen9championsvgc2026regmcbo3,1630,Pelipper,Rillaboom,15.088
2026-09-30,M-C,gen9championsvgc2026regmcbo3,1630,Golisopod-Mega,Archaludon,54.015
2026-09-30,M-C,gen9championsvgc2026regmcbo3,1630,Golisopod-Mega,Farigiraf,43.352
2026-09-30,M-C,gen9championsvgc2026regmcbo3,1630,Golisopod-Mega,Pelipper,39.832
2026-09-30,M-C,gen9championsvgc2026regmcbo3,1630,Golisopod-Mega,Grimmsnarl,28.43
2026-09-30,M-C,gen9championsvgc2026regmcbo3,1630,Golisopod-Mega,Politoed,25.435
2026-09-30,M-C,gen9championsvgc2026regmcbo3,1630,Golisopod-Mega,Rillaboom,24.254
2026-09-30,M-C,gen9championsvgc2026regmcbo3,1630,Golisopod-Mega,Incineroar,22.732
2026-09-30,M-C,gen9championsvgc2026regmcbo3,1630,Golisopod-Mega,Charizard-Mega-Y,19.298
2026-09-30,M-C,gen9championsvgc2026regmcbo3,1630,Golisopod-Mega,Indeedee-F,18.082
2026-09-30,M-C,gen9championsvgc2026regmcbo3,1630,Golisopod-Mega,Basculegion,17.954
2026-09-30,M-C,gen9championsvgc2026regmcbo3,1630,Gengar-Mega,Incineroar,77.458
2026-09-30,M-C,gen9championsvgc2026regmcbo3,1630,Gengar-Mega,Rillaboom,76.931
2026-09-30,M-C,gen9championsvgc2026regmcbo3,1630,Gengar-Mega,Politoed,48.581
2026-09-30,M-C,gen9championsvgc2026regmcbo3,1630,Gengar-Mega,Archaludon,33.755
2026-09-30,M-C,gen9championsvgc2026regmcbo3,1630,Gengar-Mega,Kommo-o,24.843
2026-09-30,M-C,gen9championsvgc2026regmcbo3,1630,Gengar-Mega,Sneasler,17.163
2026-09-30,M-C,gen9championsvgc2026regmcbo3,1630,Gengar-Mega,Kingambit,16.912
2026-09-30,M-C,gen9championsvgc2026regmcbo3,1630,Gengar-Mega,Vivillon,14.403
2026-09-30,M-C,gen9championsvgc2026regmcbo3,1630,Gengar-Mega,Milotic,9.574
2026-09-30,M-C,gen9championsvgc2026regmcbo3,1630,Gengar-Mega,Indeedee-F,8.809
2026-09-30,M-C,gen9championsvgc2026regmcbo3,1630,Politoed,Archaludon,65.231
2026-09-30,M-C,gen9championsvgc2026regmcbo3,1630,Politoed,Rillaboom,62.5
2026-09-30,M-C,gen9championsvgc2026regmcbo3,1630,Politoed,Incineroar,61.525
2026-09-30,M-C,gen9championsvgc2026regmcbo3,1630,Politoed,Gengar-Mega,59.588
2026-09-30,M-C,gen9championsvgc2026regmcbo3,1630,Politoed,Golisopod-Mega,31.544
2026-09-30,M-C,gen9championsvgc2026regmcbo3,1630,Politoed,Farigiraf,24.208
2026-09-30,M-C,gen9championsvgc2026regmcbo3,1630,Politoed,Charizard-Mega-Y,19.607
2026-09-30,M-C,gen9championsvgc2026regmcbo3,1630,Politoed,Grimmsnarl,19.459
2026-09-30,M-C,gen9championsvgc2026regmcbo3,1630,Politoed,Kommo-o,17.2
2026-09-30,M-C,gen9championsvgc2026regmcbo3,1630,Politoed,Vivillon,14.926
2026-09-30,M-C,gen9championsvgc2026regmcbo3,1630,Froslass-Mega,Rillaboom,72.8
2026-09-30,M-C,gen9championsvgc2026regmcbo3,1630,Froslass-Mega,Sneasler,64.207
2026-09-30,M-C,gen9championsvgc2026regmcbo3,1630,Froslass-Mega,Kingambit,58.568
2026-09-30,M-C,gen9championsvgc2026regmcbo3,1630,Froslass-Mega,Basculegion,28.439
2026-09-30,M-C,gen9championsvgc2026regmcbo3,1630,Froslass-Mega,Arcanine-Hisui,28.224
2026-09-30,M-C,gen9championsvgc2026regmcbo3,1630,Froslass-Mega,Incineroar,23.247
2026-09-30,M-C,gen9championsvgc2026regmcbo3,1630,Froslass-Mega,Raichu-Mega-Y,19.506
2026-09-30,M-C,gen9championsvgc2026regmcbo3,1630,Froslass-Mega,Volcarona,18.328
2026-09-30,M-C,gen9championsvgc2026regmcbo3,1630,Froslass-Mega,Salamence-Mega,12.749
2026-09-30,M-C,gen9championsvgc2026regmcbo3,1630,Froslass-Mega,Archaludon,10.549
2026-09-30,M-C,gen9championsvgc2026regmcbo3,1630,Whimsicott,Basculegion,45.698
2026-09-30,M-C,gen9championsvgc2026regmcbo3,1630,Whimsicott,Charizard-Mega-Y,43.886
2026-09-30,M-C,gen9championsvgc2026regmcbo3,1630,Whimsicott,Kingambit,38.131
2026-09-30,M-C,gen9championsvgc2026regmcbo3,1630,Whimsicott,Garchomp,31.524
2026-09-30,M-C,gen9championsvgc2026regmcbo3,1630,Whimsicott,Incineroar,26.288
2026-09-30,M-C,gen9championsvgc2026regmcbo3,1630,Whimsicott,Sneasler,24.958
2026-09-30,M-C,gen9championsvgc2026regmcbo3,1630,Whimsicott,Floette-Mega,22.579
2026-09-30,M-C,gen9championsvgc2026regmcbo3,1630,Whimsicott,Indeedee-F,20.897
2026-09-30,M-C,gen9championsvgc2026regmcbo3,1630,Whimsicott,Kommo-o,17.938
2026-09-30,M-C,gen9championsvgc2026regmcbo3,1630,Whimsicott,Gholdengo,17.408
2026-09-30,M-C,gen9championsvgc2026regmcbo3,1630,Kommo-o,Rillaboom,50.443
2026-09-30,M-C,gen9championsvgc2026regmcbo3,1630,Kommo-o,Incineroar,49.388
2026-09-30,M-C,gen9championsvgc2026regmcbo3,1630,Kommo-o,Gengar-Mega,34.506
2026-09-30,M-C,gen9championsvgc2026regmcbo3,1630,Kommo-o,Kingambit,31.672
2026-09-30,M-C,gen9championsvgc2026regmcbo3,1630,Kommo-o,Politoed,19.477
2026-09-30,M-C,gen9championsvgc2026regmcbo3,1630,Kommo-o,Indeedee-F,18.991
2026-09-30,M-C,gen9championsvgc2026regmcbo3,1630,Kommo-o,Whimsicott,18.714
2026-09-30,M-C,gen9championsvgc2026regmcbo3,1630,Kommo-o,Raichu-Mega-Y,17.781
2026-09-30,M-C,gen9championsvgc2026regmcbo3,1630,Kommo-o,Sneasler,17.224
2026-09-30,M-C,gen9championsvgc2026regmcbo3,1630,Kommo-o,Basculegion,16.034
2026-09-30,M-C,gen9championsvgc2026regmcbo3,1630,Grimmsnarl,Archaludon,84.024
2026-09-30,M-C,gen9championsvgc2026regmcbo3,1630,Grimmsnarl,Charizard-Mega-Y,64.374
2026-09-30,M-C,gen9championsvgc2026regmcbo3,1630,Grimmsnarl,Pelipper,62.296
2026-09-30,M-C,gen9championsvgc2026regmcbo3,1630,Grimmsnarl,Golisopod-Mega,40.608
2026-09-30,M-C,gen9championsvgc2026regmcbo3,1630,Grimmsnarl,Venusaur,39.764
2026-09-30,M-C,gen9championsvgc2026regmcbo3,1630,Grimmsnarl,Swampert-Mega,33.003
2026-09-30,M-C,gen9championsvgc2026regmcbo3,1630,Grimmsnarl,Farigiraf,22.922
2026-09-30,M-C,gen9championsvgc2026regmcbo3,1630,Grimmsnarl,Politoed,22.411
2026-09-30,M-C,gen9championsvgc2026regmcbo3,1630,Grimmsnarl,Garchomp-Mega-Z,10.89
2026-09-30,M-C,gen9championsvgc2026regmcbo3,1630,Grimmsnarl,Rillaboom,7.266
2026-09-30,M-C,gen9championsvgc2026regmcbo3,1630,Gardevoir-Mega,Indeedee-F,86.895
2026-09-30,M-C,gen9championsvgc2026regmcbo3,1630,Gardevoir-Mega,Sneasler,57.83
2026-09-30,M-C,gen9championsvgc2026regmcbo3,1630,Gardevoir-Mega,Basculegion,33.106
2026-09-30,M-C,gen9championsvgc2026regmcbo3,1630,Gardevoir-Mega,Incineroar,18.023
2026-09-30,M-C,gen9championsvgc2026regmcbo3,1630,Gardevoir-Mega,Kingambit,17.712
2026-09-30,M-C,gen9championsvgc2026regmcbo3,1630,Gardevoir-Mega,Whimsicott,17.001
2026-09-30,M-C,gen9championsvgc2026regmcbo3,1630,Gardevoir-Mega,Kommo-o,16.282
2026-09-30,M-C,gen9championsvgc2026regmcbo3,1630,Gardevoir-Mega,Arcanine-Hisui,14.71
2026-09-30,M-C,gen9championsvgc2026regmcbo3,1630,Gardevoir-Mega,Armarouge,13.772
2026-09-30,M-C,gen9championsvgc2026regmcbo3,1630,Gardevoir-Mega,Salamence-Mega,12.423
2026-09-30,M-C,gen9championsvgc2026regmcbo3,1630,Sinistcha,Incineroar,67.058
2026-09-30,M-C,gen9championsvgc2026regmcbo3,1630,Sinistcha,Delphox-Mega,54.419
2026-09-30,M-C,gen9championsvgc2026regmcbo3,1630,Sinistcha,Sneasler,49.216
2026-09-30,M-C,gen9championsvgc2026regmcbo3,1630,Sinistcha,Kingambit,42.363
2026-09-30,M-C,gen9championsvgc2026regmcbo3,1630,Sinistcha,Floette-Mega,37.046
2026-09-30,M-C,gen9championsvgc2026regmcbo3,1630,Sinistcha,Indeedee-F,18.778
2026-09-30,M-C,gen9championsvgc2026regmcbo3,1630,Sinistcha,Blastoise-Mega,16.27
2026-09-30,M-C,gen9championsvgc2026regmcbo3,1630,Sinistcha,Archaludon,10.138
2026-09-30,M-C,gen9championsvgc2026regmcbo3,1630,Sinistcha,Pelipper,9.699
2026-09-30,M-C,gen9championsvgc2026regmcbo3,1630,Sinistcha,Golisopod-Mega,9.189
2026-09-30,M-C,gen9championsvgc2026regmcbo3,1630,Tyranitar-Mega,Excadrill,80.64
2026-09-30,M-C,gen9championsvgc2026regmcbo3,1630,Tyranitar-Mega,Salamence-Mega,57.712
2026-09-30,M-C,gen9championsvgc2026regmcbo3,1630,Tyranitar-Mega,Sneasler,52.656
2026-09-30,M-C,gen9championsvgc2026regmcbo3,1630,Tyranitar-Mega,Indeedee,38.455
2026-09-30,M-C,gen9championsvgc2026regmcbo3,1630,Tyranitar-Mega,Rillaboom,32.471
2026-09-30,M-C,gen9championsvgc2026regmcbo3,1630,Tyranitar-Mega,Gholdengo,30.007
2026-09-30,M-C,gen9championsvgc2026regmcbo3,1630,Tyranitar-Mega,Corviknight,28.306
2026-09-30,M-C,gen9championsvgc2026regmcbo3,1630,Tyranitar-Mega,Milotic,27.678
2026-09-30,M-C,gen9championsvgc2026regmcbo3,1630,Tyranitar-Mega,Volcarona,14.013
2026-09-30,M-C,gen9championsvgc2026regmcbo3,1630,Tyranitar-Mega,Staraptor-Mega,9.778
2026-09-30,M-C,gen9championsvgc2026regmcbo3,1630,Indeedee,Sneasler,80.562
2026-09-30,M-C,gen9championsvgc2026regmcbo3,1630,Indeedee,Salamence-Mega,49.752
2026-09-30,M-C,gen9championsvgc2026regmcbo3,1630,Indeedee,Excadrill,38.771
2026-09-30,M-C,gen9championsvgc2026regmcbo3,1630,Indeedee,Tyranitar-Mega,38.668
2026-09-30,M-C,gen9championsvgc2026regmcbo3,1630,Indeedee,Corviknight,25.059
2026-09-30,M-C,gen9championsvgc2026regmcbo3,1630,Indeedee,Milotic,21.924
2026-09-30,M-C,gen9championsvgc2026regmcbo3,1630,Indeedee,Metagross-Mega,17.976
2026-09-30,M-C,gen9championsvgc2026regmcbo3,1630,Indeedee,Arcanine-Hisui,14.99
2026-09-30,M-C,gen9championsvgc2026regmcbo3,1630,Indeedee,Kingambit,13.342
2026-09-30,M-C,gen9championsvgc2026regmcbo3,1630,Indeedee,Charizard-Mega-Y,12.792
2026-09-30,M-C,gen9championsvgc2026regmcbo3,1630,Excadrill,Tyranitar-Mega,82.897
2026-09-30,M-C,gen9championsvgc2026regmcbo3,1630,Excadrill,Salamence-Mega,61.383
2026-09-30,M-C,gen9championsvgc2026regmcbo3,1630,Excadrill,Sneasler,51.412
2026-09-30,M-C,gen9championsvgc2026regmcbo3,1630,Excadrill,Indeedee,39.637
2026-09-30,M-C,gen9championsvgc2026regmcbo3,1630,Excadrill,Rillaboom,31.433
2026-09-30,M-C,gen9championsvgc2026regmcbo3,1630,Excadrill,Corviknight,28.217
2026-09-30,M-C,gen9championsvgc2026regmcbo3,1630,Excadrill,Milotic,27.633
2026-09-30,M-C,gen9championsvgc2026regmcbo3,1630,Excadrill,Gholdengo,27.127
2026-09-30,M-C,gen9championsvgc2026regmcbo3,1630,Excadrill,Volcarona,13.785
2026-09-30,M-C,gen9championsvgc2026regmcbo3,1630,Excadrill,Staraptor-Mega,9.066
2026-09-30,M-C,gen9championsvgc2026regmcbo3,1630,Delphox-Mega,Incineroar,67.644
2026-09-30,M-C,gen9championsvgc2026regmcbo3,1630,Delphox-Mega,Sneasler,62.47
2026-09-30,M-C,gen9championsvgc2026regmcbo3,1630,Delphox-Mega,Sinistcha,61.251
2026-09-30,M-C,gen9championsvgc2026regmcbo3,1630,Delphox-Mega,Kingambit,60.028
2026-09-30,M-C,gen9championsvgc2026regmcbo3,1630,Delphox-Mega,Floette-Mega,37.931
2026-09-30,M-C,gen9championsvgc2026regmcbo3,1630,Delphox-Mega,Rillaboom,22.026
2026-09-30,M-C,gen9championsvgc2026regmcbo3,1630,Delphox-Mega,Indeedee-F,18.963
2026-09-30,M-C,gen9championsvgc2026regmcbo3,1630,Delphox-Mega,Blastoise-Mega,16.077
2026-09-30,M-C,gen9championsvgc2026regmcbo3,1630,Delphox-Mega,Kommo-o,10.203
2026-09-30,M-C,gen9championsvgc2026regmcbo3,1630,Delphox-Mega,Garchomp,9.972
2026-09-30,M-C,gen9championsvgc2026regmcbo3,1630,Venusaur,Charizard-Mega-Y,84.426
2026-09-30,M-C,gen9championsvgc2026regmcbo3,1630,Venusaur,Archaludon,52.597
2026-09-30,M-C,gen9championsvgc2026regmcbo3,1630,Venusaur,Pelipper,51.234
2026-09-30,M-C,gen9championsvgc2026regmcbo3,1630,Venusaur,Grimmsnarl,49.193
2026-09-30,M-C,gen9championsvgc2026regmcbo3,1630,Venusaur,Swampert-Mega,30.187
2026-09-30,M-C,gen9championsvgc2026regmcbo3,1630,Venusaur,Incineroar,27.193
2026-09-30,M-C,gen9championsvgc2026regmcbo3,1630,Venusaur,Garchomp,21.549
2026-09-30,M-C,gen9championsvgc2026regmcbo3,1630,Venusaur,Sylveon,16.801
2026-09-30,M-C,gen9championsvgc2026regmcbo3,1630,Venusaur,Farigiraf,14.185
2026-09-30,M-C,gen9championsvgc2026regmcbo3,1630,Venusaur,Garchomp-Mega-Z,11.594
2026-09-30,M-C,gen9championsvgc2026regmcbo3,1630,Armarouge,Indeedee-F,86.16
2026-09-30,M-C,gen9championsvgc2026regmcbo3,1630,Armarouge,Sneasler,39.711
2026-09-30,M-C,gen9championsvgc2026regmcbo3,1630,Armarouge,Kingambit,33.869
2026-09-30,M-C,gen9championsvgc2026regmcbo3,1630,Armarouge,Staraptor-Mega,33.806
2026-09-30,M-C,gen9championsvgc2026regmcbo3,1630,Armarouge,Torkoal,22.327
2026-09-30,M-C,gen9championsvgc2026regmcbo3,1630,Armarouge,Milotic,20.902
2026-09-30,M-C,gen9championsvgc2026regmcbo3,1630,Armarouge,Gardevoir-Mega,16.806
2026-09-30,M-C,gen9championsvgc2026regmcbo3,1630,Armarouge,Salamence-Mega,16.631
2026-09-30,M-C,gen9championsvgc2026regmcbo3,1630,Armarouge,Dragapult,14.355
2026-09-30,M-C,gen9championsvgc2026regmcbo3,1630,Armarouge,Golisopod-Mega,12.208
2026-09-30,M-C,gen9championsvgc2026regmcbo3,1630,Dragonite-Mega,Sneasler,74.89
2026-09-30,M-C,gen9championsvgc2026regmcbo3,1630,Dragonite-Mega,Rillaboom,70.758
2026-09-30,M-C,gen9championsvgc2026regmcbo3,1630,Dragonite-Mega,Incineroar,70.138
2026-09-30,M-C,gen9championsvgc2026regmcbo3,1630,Dragonite-Mega,Gholdengo,63.659
2026-09-30,M-C,gen9championsvgc2026regmcbo3,1630,Dragonite-Mega,Floette-Mega,53.396
2026-09-30,M-C,gen9championsvgc2026regmcbo3,1630,Dragonite-Mega,Basculegion,15.078
2026-09-30,M-C,gen9championsvgc2026regmcbo3,1630,Dragonite-Mega,Kingambit,13.82
2026-09-30,M-C,gen9championsvgc2026regmcbo3,1630,Dragonite-Mega,Raichu-Mega-Y,10.251
2026-09-30,M-C,gen9championsvgc2026regmcbo3,1630,Dragonite-Mega,Indeedee,6.864
2026-09-30,M-C,gen9championsvgc2026regmcbo3,1630,Dragonite-Mega,Sylveon,6.784
2026-09-30,M-C,gen9championsvgc2026regmcbo3,1630,Metagross-Mega,Sneasler,55.152
2026-09-30,M-C,gen9championsvgc2026regmcbo3,1630,Metagross-Mega,Rillaboom,35.607
2026-09-30,M-C,gen9championsvgc2026regmcbo3,1630,Metagross-Mega,Milotic,31.541
2026-09-30,M-C,gen9championsvgc2026regmcbo3,1630,Metagross-Mega,Arcanine-Hisui,30.647
2026-09-30,M-C,gen9championsvgc2026regmcbo3,1630,Metagross-Mega,Incineroar,27.541
2026-09-30,M-C,gen9championsvgc2026regmcbo3,1630,Metagross-Mega,Indeedee-F,25.933
2026-09-30,M-C,gen9championsvgc2026regmcbo3,1630,Metagross-Mega,Salamence-Mega,23.552
2026-09-30,M-C,gen9championsvgc2026regmcbo3,1630,Metagross-Mega,Indeedee,23.016
2026-09-30,M-C,gen9championsvgc2026regmcbo3,1630,Metagross-Mega,Garchomp-Mega-Z,19.599
2026-09-30,M-C,gen9championsvgc2026regmcbo3,1630,Metagross-Mega,Volcarona,17.082
2026-09-30,M-C,gen9championsvgc2026regmcbo3,1630,Swampert-Mega,Archaludon,82.626
2026-09-30,M-C,gen9championsvgc2026regmcbo3,1630,Swampert-Mega,Pelipper,80.225
2026-09-30,M-C,gen9championsvgc2026regmcbo3,1630,Swampert-Mega,Grimmsnarl,52.31
2026-09-30,M-C,gen9championsvgc2026regmcbo3,1630,Swampert-Mega,Charizard-Mega-Y,39.817
2026-09-30,M-C,gen9championsvgc2026regmcbo3,1630,Swampert-Mega,Venusaur,38.676
2026-09-30,M-C,gen9championsvgc2026regmcbo3,1630,Swampert-Mega,Golisopod-Mega,19.183
2026-09-30,M-C,gen9championsvgc2026regmcbo3,1630,Swampert-Mega,Rillaboom,17.702
2026-09-30,M-C,gen9championsvgc2026regmcbo3,1630,Swampert-Mega,Incineroar,15.992
2026-09-30,M-C,gen9championsvgc2026regmcbo3,1630,Swampert-Mega,Gengar-Mega,14.407
2026-09-30,M-C,gen9championsvgc2026regmcbo3,1630,Swampert-Mega,Sneasler,13.798
2026-09-30,M-C,gen9championsvgc2026regmcbo3,1630,Torkoal,Indeedee-F,53.756
2026-09-30,M-C,gen9championsvgc2026regmcbo3,1630,Torkoal,Farigiraf,44.343
2026-09-30,M-C,gen9championsvgc2026regmcbo3,1630,Torkoal,Kingambit,36.749
2026-09-30,M-C,gen9championsvgc2026regmcbo3,1630,Torkoal,Armarouge,31.126
2026-09-30,M-C,gen9championsvgc2026regmcbo3,1630,Torkoal,Incineroar,27.89
2026-09-30,M-C,gen9championsvgc2026regmcbo3,1630,Torkoal,Sneasler,24.411
2026-09-30,M-C,gen9championsvgc2026regmcbo3,1630,Torkoal,Staraptor-Mega,21.457
2026-09-30,M-C,gen9championsvgc2026regmcbo3,1630,Torkoal,Gardevoir-Mega,14.668
2026-09-30,M-C,gen9championsvgc2026regmcbo3,1630,Torkoal,Kangaskhan-Mega,14.443
2026-09-30,M-C,gen9championsvgc2026regmcbo3,1630,Torkoal,Sylveon,14.017
2026-09-30,M-C,gen9championsvgc2026regmcbo3,1630,Annihilape,Rillaboom,42.935
2026-09-30,M-C,gen9championsvgc2026regmcbo3,1630,Annihilape,Incineroar,22.068
2026-09-30,M-C,gen9championsvgc2026regmcbo3,1630,Annihilape,Raichu-Mega-Y,21.659
2026-09-30,M-C,gen9championsvgc2026regmcbo3,1630,Annihilape,Gholdengo,20.152
2026-09-30,M-C,gen9championsvgc2026regmcbo3,1630,Annihilape,Indeedee-F,19.038
2026-09-30,M-C,gen9championsvgc2026regmcbo3,1630,Annihilape,Arcanine-Hisui,18.571
2026-09-30,M-C,gen9championsvgc2026regmcbo3,1630,Annihilape,Salamence-Mega,18.566
2026-09-30,M-C,gen9championsvgc2026regmcbo3,1630,Annihilape,Staraptor-Mega,17.003
2026-09-30,M-C,gen9championsvgc2026regmcbo3,1630,Annihilape,Volcarona,14.062
2026-09-30,M-C,gen9championsvgc2026regmcbo3,1630,Annihilape,Armarouge,13.884
2026-09-30,M-C,gen9championsvgc2026regmcbo3,1630,Aerodactyl-Mega,Kingambit,64.301
2026-09-30,M-C,gen9championsvgc2026regmcbo3,1630,Aerodactyl-Mega,Charizard-Mega-Y,63.023
2026-09-30,M-C,gen9championsvgc2026regmcbo3,1630,Aerodactyl-Mega,Sylveon,60.036
2026-09-30,M-C,gen9championsvgc2026regmcbo3,1630,Aerodactyl-Mega,Farigiraf,58.164
2026-09-30,M-C,gen9championsvgc2026regmcbo3,1630,Aerodactyl-Mega,Garchomp,57.346
2026-09-30,M-C,gen9championsvgc2026regmcbo3,1630,Aerodactyl-Mega,Incineroar,23.672
2026-09-30,M-C,gen9championsvgc2026regmcbo3,1630,Aerodactyl-Mega,Rillaboom,23.184
2026-09-30,M-C,gen9championsvgc2026regmcbo3,1630,Aerodactyl-Mega,Gholdengo,12.1
2026-09-30,M-C,gen9championsvgc2026regmcbo3,1630,Aerodactyl-Mega,Sneasler,10.288
2026-09-30,M-C,gen9championsvgc2026regmcbo3,1630,Aerodactyl-Mega,Venusaur,5.891
2026-09-30,M-C,gen9championsvgc2026regmcbo3,1630,Primarina,Rillaboom,70.442
2026-09-30,M-C,gen9championsvgc2026regmcbo3,1630,Primarina,Raichu-Mega-Y,50.129
2026-09-30,M-C,gen9championsvgc2026regmcbo3,1630,Primarina,Gholdengo,43.86
2026-09-30,M-C,gen9championsvgc2026regmcbo3,1630,Primarina,Arcanine-Hisui,29.895
2026-09-30,M-C,gen9championsvgc2026regmcbo3,1630,Primarina,Salamence-Mega,28.972
2026-09-30,M-C,gen9championsvgc2026regmcbo3,1630,Primarina,Incineroar,28.276
2026-09-30,M-C,gen9championsvgc2026regmcbo3,1630,Primarina,Staraptor-Mega,24.555
2026-09-30,M-C,gen9championsvgc2026regmcbo3,1630,Primarina,Sneasler,22.653
2026-09-30,M-C,gen9championsvgc2026regmcbo3,1630,Primarina,Kingambit,17.635
2026-09-30,M-C,gen9championsvgc2026regmcbo3,1630,Primarina,Farigiraf,14.509
2026-09-30,M-C,gen9championsvgc2026regmcbo3,1630,Glimmora-Mega,Kingambit,45.157
2026-09-30,M-C,gen9championsvgc2026regmcbo3,1630,Glimmora-Mega,Rillaboom,44.935
2026-09-30,M-C,gen9championsvgc2026regmcbo3,1630,Glimmora-Mega,Volcarona,37.972
2026-09-30,M-C,gen9championsvgc2026regmcbo3,1630,Glimmora-Mega,Basculegion,34.624
2026-09-30,M-C,gen9championsvgc2026regmcbo3,1630,Glimmora-Mega,Salamence-Mega,26.448
2026-09-30,M-C,gen9championsvgc2026regmcbo3,1630,Glimmora-Mega,Whimsicott,25.98
2026-09-30,M-C,gen9championsvgc2026regmcbo3,1630,Glimmora-Mega,Charizard-Mega-Y,18.692
2026-09-30,M-C,gen9championsvgc2026regmcbo3,1630,Glimmora-Mega,Incineroar,17.655
2026-09-30,M-C,gen9championsvgc2026regmcbo3,1630,Glimmora-Mega,Kommo-o,17.607
2026-09-30,M-C,gen9championsvgc2026regmcbo3,1630,Glimmora-Mega,Garchomp,14.066
2026-09-30,M-C,gen9championsvgc2026regmcbo3,1630,Dragapult,Indeedee-F,45.386
2026-09-30,M-C,gen9championsvgc2026regmcbo3,1630,Dragapult,Milotic,33.482
2026-09-30,M-C,gen9championsvgc2026regmcbo3,1630,Dragapult,Staraptor-Mega,31.133
2026-09-30,M-C,gen9championsvgc2026regmcbo3,1630,Dragapult,Armarouge,25.482
2026-09-30,M-C,gen9championsvgc2026regmcbo3,1630,Dragapult,Sneasler,24.179
2026-09-30,M-C,gen9championsvgc2026regmcbo3,1630,Dragapult,Rillaboom,21.985
2026-09-30,M-C,gen9championsvgc2026regmcbo3,1630,Dragapult,Kingambit,17.866
2026-09-30,M-C,gen9championsvgc2026regmcbo3,1630,Dragapult,Volcarona,15.163
2026-09-30,M-C,gen9championsvgc2026regmcbo3,1630,Dragapult,Metagross-Mega,14.059
2026-09-30,M-C,gen9championsvgc2026regmcbo3,1630,Dragapult,Incineroar,13.198
2026-09-30,M-C,gen9championsvgc2026regmcbo3,1630,Lucario-Mega-Z,Rillaboom,70.147
2026-09-30,M-C,gen9championsvgc2026regmcbo3,1630,Lucario-Mega-Z,Incineroar,56.758
2026-09-30,M-C,gen9championsvgc2026regmcbo3,1630,Lucario-Mega-Z,Basculegion,45.519
2026-09-30,M-C,gen9championsvgc2026regmcbo3,1630,Lucario-Mega-Z,Salamence-Mega,31.04
2026-09-30,M-C,gen9championsvgc2026regmcbo3,1630,Lucario-Mega-Z,Sneasler,23.971
2026-09-30,M-C,gen9championsvgc2026regmcbo3,1630,Lucario-Mega-Z,Kingambit,15.12
2026-09-30,M-C,gen9championsvgc2026regmcbo3,1630,Lucario-Mega-Z,Garchomp-Mega-Z,12.727
2026-09-30,M-C,gen9championsvgc2026regmcbo3,1630,Lucario-Mega-Z,Sylveon,12.027
2026-09-30,M-C,gen9championsvgc2026regmcbo3,1630,Lucario-Mega-Z,Indeedee-F,11.928
2026-09-30,M-C,gen9championsvgc2026regmcbo3,1630,Lucario-Mega-Z,Arcanine-Hisui,11.803
2026-09-30,M-C,gen9championsvgc2026regmcbo3,1630,Corviknight,Tyranitar-Mega,75.747
2026-09-30,M-C,gen9championsvgc2026regmcbo3,1630,Corviknight,Excadrill,73.452
2026-09-30,M-C,gen9championsvgc2026regmcbo3,1630,Corviknight,Sneasler,68.602
2026-09-30,M-C,gen9championsvgc2026regmcbo3,1630,Corviknight,Indeedee,66.688
2026-09-30,M-C,gen9championsvgc2026regmcbo3,1630,Corviknight,Salamence-Mega,55.947
2026-09-30,M-C,gen9championsvgc2026regmcbo3,1630,Corviknight,Indeedee-F,9.206
2026-09-30,M-C,gen9championsvgc2026regmcbo3,1630,Corviknight,Rillaboom,6.285
2026-09-30,M-C,gen9championsvgc2026regmcbo3,1630,Corviknight,Garchomp-Mega-Z,6.143
2026-09-30,M-C,gen9championsvgc2026regmcbo3,1630,Corviknight,Dragapult,5.836
2026-09-30,M-C,gen9championsvgc2026regmcbo3,1630,Corviknight,Garchomp,5.416
2026-09-30,M-C,gen9championsvgc2026regmcbo3,1630,Pawmot,Incineroar,49.348
2026-09-30,M-C,gen9championsvgc2026regmcbo3,1630,Pawmot,Rillaboom,37.194
2026-09-30,M-C,gen9championsvgc2026regmcbo3,1630,Pawmot,Indeedee-F,25.799
2026-09-30,M-C,gen9championsvgc2026regmcbo3,1630,Pawmot,Sinistcha,23.961
2026-09-30,M-C,gen9championsvgc2026regmcbo3,1630,Pawmot,Kingambit,23.815
2026-09-30,M-C,gen9championsvgc2026regmcbo3,1630,Pawmot,Delphox-Mega,21.699
2026-09-30,M-C,gen9championsvgc2026regmcbo3,1630,Pawmot,Basculegion,17.724
2026-09-30,M-C,gen9championsvgc2026regmcbo3,1630,Pawmot,Blastoise-Mega,16.679
2026-09-30,M-C,gen9championsvgc2026regmcbo3,1630,Pawmot,Froslass-Mega,15.813
2026-09-30,M-C,gen9championsvgc2026regmcbo3,1630,Pawmot,Salamence-Mega,13.687
2026-09-30,M-C,gen9championsvgc2026regmcbo3,1630,Ceruledge,Rillaboom,80.119
2026-09-30,M-C,gen9championsvgc2026regmcbo3,1630,Ceruledge,Raichu-Mega-Y,65.463
2026-09-30,M-C,gen9championsvgc2026regmcbo3,1630,Ceruledge,Milotic,59.018
2026-09-30,M-C,gen9championsvgc2026regmcbo3,1630,Ceruledge,Gholdengo,48.161
2026-09-30,M-C,gen9championsvgc2026regmcbo3,1630,Ceruledge,Staraptor-Mega,41.37
2026-09-30,M-C,gen9championsvgc2026regmcbo3,1630,Ceruledge,Salamence-Mega,29.704
2026-09-30,M-C,gen9championsvgc2026regmcbo3,1630,Ceruledge,Kingambit,24.528
2026-09-30,M-C,gen9championsvgc2026regmcbo3,1630,Ceruledge,Sneasler,13.779
2026-09-30,M-C,gen9championsvgc2026regmcbo3,1630,Ceruledge,Indeedee-F,8.653
2026-09-30,M-C,gen9championsvgc2026regmcbo3,1630,Ceruledge,Garchomp-Mega-Z,5.429
2026-09-30,M-C,gen9championsvgc2026regmcbo3,1630,Vivillon,Incineroar,74.339
2026-09-30,M-C,gen9championsvgc2026regmcbo3,1630,Vivillon,Rillaboom,71.668
2026-09-30,M-C,gen9championsvgc2026regmcbo3,1630,Vivillon,Gengar-Mega,68.537
2026-09-30,M-C,gen9championsvgc2026regmcbo3,1630,Vivillon,Politoed,57.905
2026-09-30,M-C,gen9championsvgc2026regmcbo3,1630,Vivillon,Archaludon,38.024
2026-09-30,M-C,gen9championsvgc2026regmcbo3,1630,Vivillon,Kommo-o,24.938
2026-09-30,M-C,gen9championsvgc2026regmcbo3,1630,Vivillon,Farigiraf,14.274
2026-09-30,M-C,gen9championsvgc2026regmcbo3,1630,Vivillon,Torkoal,11.601
2026-09-30,M-C,gen9championsvgc2026regmcbo3,1630,Vivillon,Kangaskhan-Mega,9.894
2026-09-30,M-C,gen9championsvgc2026regmcbo3,1630,Vivillon,Venusaur,9.561
2026-09-30,M-C,gen9championsvgc2026regmcbo3,1630,Camerupt-Mega,Farigiraf,80.324
2026-09-30,M-C,gen9championsvgc2026regmcbo3,1630,Camerupt-Mega,Indeedee-F,62.101
2026-09-30,M-C,gen9championsvgc2026regmcbo3,1630,Camerupt-Mega,Kingambit,59.946
2026-09-30,M-C,gen9championsvgc2026regmcbo3,1630,Camerupt-Mega,Incineroar,59.369
2026-09-30,M-C,gen9championsvgc2026regmcbo3,1630,Camerupt-Mega,Hatterene,39.165
2026-09-30,M-C,gen9championsvgc2026regmcbo3,1630,Camerupt-Mega,Rillaboom,16.612
2026-09-30,M-C,gen9championsvgc2026regmcbo3,1630,Camerupt-Mega,Sylveon,9.852
2026-09-30,M-C,gen9championsvgc2026regmcbo3,1630,Camerupt-Mega,Sneasler,7.957
2026-09-30,M-C,gen9championsvgc2026regmcbo3,1630,Camerupt-Mega,Grapploct,7.507
2026-09-30,M-C,gen9championsvgc2026regmcbo3,1630,Camerupt-Mega,Golisopod-Mega,7.411
2026-09-30,M-C,gen9championsvgc2026regmcbo3,1630,Blastoise-Mega,Indeedee-F,64.82
2026-09-30,M-C,gen9championsvgc2026regmcbo3,1630,Blastoise-Mega,Incineroar,58.486
2026-09-30,M-C,gen9championsvgc2026regmcbo3,1630,Blastoise-Mega,Sinistcha,54.161
2026-09-30,M-C,gen9championsvgc2026regmcbo3,1630,Blastoise-Mega,Sneasler,53.821
2026-09-30,M-C,gen9championsvgc2026regmcbo3,1630,Blastoise-Mega,Delphox-Mega,47.547
2026-09-30,M-C,gen9championsvgc2026regmcbo3,1630,Blastoise-Mega,Rillaboom,23.703
2026-09-30,M-C,gen9championsvgc2026regmcbo3,1630,Blastoise-Mega,Maushold,20.317
2026-09-30,M-C,gen9championsvgc2026regmcbo3,1630,Blastoise-Mega,Pawmot,18.889
2026-09-30,M-C,gen9championsvgc2026regmcbo3,1630,Blastoise-Mega,Kingambit,17.783
2026-09-30,M-C,gen9championsvgc2026regmcbo3,1630,Blastoise-Mega,Floette-Mega,9.762
2026-09-30,M-C,gen9championsvgc2026regmcbo3,1630,Ninetales-Alola,Rillaboom,59.986
2026-09-30,M-C,gen9championsvgc2026regmcbo3,1630,Ninetales-Alola,Incineroar,42.801
2026-09-30,M-C,gen9championsvgc2026regmcbo3,1630,Ninetales-Alola,Kingambit,30.307
2026-09-30,M-C,gen9championsvgc2026regmcbo3,1630,Ninetales-Alola,Sneasler,26.351
2026-09-30,M-C,gen9championsvgc2026regmcbo3,1630,Ninetales-Alola,Gengar-Mega,20.709
2026-09-30,M-C,gen9championsvgc2026regmcbo3,1630,Ninetales-Alola,Baxcalibur-Mega,17.471
2026-09-30,M-C,gen9championsvgc2026regmcbo3,1630,Ninetales-Alola,Salamence-Mega,17.098
2026-09-30,M-C,gen9championsvgc2026regmcbo3,1630,Ninetales-Alola,Raichu-Mega-Y,16.041
2026-09-30,M-C,gen9championsvgc2026regmcbo3,1630,Ninetales-Alola,Gholdengo,15.494
2026-09-30,M-C,gen9championsvgc2026regmcbo3,1630,Ninetales-Alola,Basculegion,13.998
2026-09-30,M-C,gen9championsvgc2026regmcbo3,1630,Maushold,Rillaboom,48.467
2026-09-30,M-C,gen9championsvgc2026regmcbo3,1630,Maushold,Incineroar,46.721
2026-09-30,M-C,gen9championsvgc2026regmcbo3,1630,Maushold,Sneasler,31.568
2026-09-30,M-C,gen9championsvgc2026regmcbo3,1630,Maushold,Delphox-Mega,28.857
2026-09-30,M-C,gen9championsvgc2026regmcbo3,1630,Maushold,Gengar-Mega,27.74
2026-09-30,M-C,gen9championsvgc2026regmcbo3,1630,Maushold,Sinistcha,23.688
2026-09-30,M-C,gen9championsvgc2026regmcbo3,1630,Maushold,Blastoise-Mega,20.609
2026-09-30,M-C,gen9championsvgc2026regmcbo3,1630,Maushold,Kommo-o,20.576
2026-09-30,M-C,gen9championsvgc2026regmcbo3,1630,Maushold,Politoed,19.79
2026-09-30,M-C,gen9championsvgc2026regmcbo3,1630,Maushold,Indeedee-F,19.003
2026-09-30,M-C,gen9championsvgc2026regmcbo3,1630,Glimmora,Rillaboom,44.716
2026-09-30,M-C,gen9championsvgc2026regmcbo3,1630,Glimmora,Kingambit,37.113
2026-09-30,M-C,gen9championsvgc2026regmcbo3,1630,Glimmora,Incineroar,32.53
2026-09-30,M-C,gen9championsvgc2026regmcbo3,1630,Glimmora,Staraptor-Mega,25.722
2026-09-30,M-C,gen9championsvgc2026regmcbo3,1630,Glimmora,Indeedee-F,24.424
2026-09-30,M-C,gen9championsvgc2026regmcbo3,1630,Glimmora,Basculegion,18.516
2026-09-30,M-C,gen9championsvgc2026regmcbo3,1630,Glimmora,Salamence-Mega,17.991
2026-09-30,M-C,gen9championsvgc2026regmcbo3,1630,Glimmora,Espathra,15.771
2026-09-30,M-C,gen9championsvgc2026regmcbo3,1630,Glimmora,Whimsicott,15.158
2026-09-30,M-C,gen9championsvgc2026regmcbo3,1630,Glimmora,Pyroar-Mega,14.446
2026-09-30,M-C,gen9championsvgc2026regmcbo3,1630,Hatterene,Indeedee-F,86.651
2026-09-30,M-C,gen9championsvgc2026regmcbo3,1630,Hatterene,Farigiraf,60.513
2026-09-30,M-C,gen9championsvgc2026regmcbo3,1630,Hatterene,Kingambit,56.944
2026-09-30,M-C,gen9championsvgc2026regmcbo3,1630,Hatterene,Camerupt-Mega,50.606
2026-09-30,M-C,gen9championsvgc2026regmcbo3,1630,Hatterene,Incineroar,46.646
2026-09-30,M-C,gen9championsvgc2026regmcbo3,1630,Hatterene,Torkoal,32.351
2026-09-30,M-C,gen9championsvgc2026regmcbo3,1630,Hatterene,Golisopod-Mega,13.244
2026-09-30,M-C,gen9championsvgc2026regmcbo3,1630,Hatterene,Kangaskhan-Mega,11.492
2026-09-30,M-C,gen9championsvgc2026regmcbo3,1630,Hatterene,Gallade,7.007
2026-09-30,M-C,gen9championsvgc2026regmcbo3,1630,Hatterene,Armarouge,6.815
2026-09-30,M-C,gen9championsvgc2026regmcbo3,1630,Blaziken-Mega,Kingambit,67.477
2026-09-30,M-C,gen9championsvgc2026regmcbo3,1630,Blaziken-Mega,Rillaboom,65.673
2026-09-30,M-C,gen9championsvgc2026regmcbo3,1630,Blaziken-Mega,Sneasler,34.6
2026-09-30,M-C,gen9championsvgc2026regmcbo3,1630,Blaziken-Mega,Basculegion,34.135
2026-09-30,M-C,gen9championsvgc2026regmcbo3,1630,Blaziken-Mega,Froslass-Mega,30.496
2026-09-30,M-C,gen9championsvgc2026regmcbo3,1630,Blaziken-Mega,Salamence-Mega,21.048
2026-09-30,M-C,gen9championsvgc2026regmcbo3,1630,Blaziken-Mega,Farigiraf,15.267
2026-09-30,M-C,gen9championsvgc2026regmcbo3,1630,Blaziken-Mega,Gholdengo,15.262
2026-09-30,M-C,gen9championsvgc2026regmcbo3,1630,Blaziken-Mega,Milotic,15.237
2026-09-30,M-C,gen9championsvgc2026regmcbo3,1630,Blaziken-Mega,Indeedee-F,15.235
2026-09-30,M-C,gen9championsvgc2026regmcbo3,1630,Toxapex,Incineroar,81.104
2026-09-30,M-C,gen9championsvgc2026regmcbo3,1630,Toxapex,Charizard-Mega-Y,71.025
2026-09-30,M-C,gen9championsvgc2026regmcbo3,1630,Toxapex,Garchomp,58.842
2026-09-30,M-C,gen9championsvgc2026regmcbo3,1630,Toxapex,Venusaur,46.842
2026-09-30,M-C,gen9championsvgc2026regmcbo3,1630,Toxapex,Sylveon,43.436
2026-09-30,M-C,gen9championsvgc2026regmcbo3,1630,Toxapex,Rillaboom,31.826
2026-09-30,M-C,gen9championsvgc2026regmcbo3,1630,Toxapex,Kingambit,21.053
2026-09-30,M-C,gen9championsvgc2026regmcbo3,1630,Toxapex,Salamence-Mega,9.867
2026-09-30,M-C,gen9championsvgc2026regmcbo3,1630,Toxapex,Floette-Mega,9.142
2026-09-30,M-C,gen9championsvgc2026regmcbo3,1630,Toxapex,Garchomp-Mega-Z,7.262
2026-09-30,M-C,gen9championsvgc2026regmcbo3,1630,Talonflame,Sneasler,58.086
2026-09-30,M-C,gen9championsvgc2026regmcbo3,1630,Talonflame,Indeedee-F,52.034
2026-09-30,M-C,gen9championsvgc2026regmcbo3,1630,Talonflame,Gardevoir-Mega,50.684
2026-09-30,M-C,gen9championsvgc2026regmcbo3,1630,Talonflame,Armarouge,29.749
2026-09-30,M-C,gen9championsvgc2026regmcbo3,1630,Talonflame,Kommo-o,28.109
2026-09-30,M-C,gen9championsvgc2026regmcbo3,1630,Talonflame,Basculegion,27.7
2026-09-30,M-C,gen9championsvgc2026regmcbo3,1630,Talonflame,Kingambit,24.638
2026-09-30,M-C,gen9championsvgc2026regmcbo3,1630,Talonflame,Froslass-Mega,13.771
2026-09-30,M-C,gen9championsvgc2026regmcbo3,1630,Talonflame,Garchomp,12.317
2026-09-30,M-C,gen9championsvgc2026regmcbo3,1630,Talonflame,Glimmora-Mega,11.701
2026-09-30,M-C,gen9championsvgc2026regmcbo3,1630,Baxcalibur-Mega,Rillaboom,60.96
2026-09-30,M-C,gen9championsvgc2026regmcbo3,1630,Baxcalibur-Mega,Sneasler,54.469
2026-09-30,M-C,gen9championsvgc2026regmcbo3,1630,Baxcalibur-Mega,Incineroar,45.725
2026-09-30,M-C,gen9championsvgc2026regmcbo3,1630,Baxcalibur-Mega,Ninetales-Alola,26.57
2026-09-30,M-C,gen9championsvgc2026regmcbo3,1630,Baxcalibur-Mega,Kingambit,26.186
2026-09-30,M-C,gen9championsvgc2026regmcbo3,1630,Baxcalibur-Mega,Basculegion,25.297
2026-09-30,M-C,gen9championsvgc2026regmcbo3,1630,Baxcalibur-Mega,Volcarona,24.103
2026-09-30,M-C,gen9championsvgc2026regmcbo3,1630,Baxcalibur-Mega,Gholdengo,20.079
2026-09-30,M-C,gen9championsvgc2026regmcbo3,1630,Baxcalibur-Mega,Milotic,17.914
2026-09-30,M-C,gen9championsvgc2026regmcbo3,1630,Baxcalibur-Mega,Raichu-Mega-Y,12.834
2026-09-30,M-C,gen9championsvgc2026regmcbo3,1630,Tyranitar,Salamence-Mega,57.715
2026-09-30,M-C,gen9championsvgc2026regmcbo3,1630,Tyranitar,Sneasler,48.276
2026-09-30,M-C,gen9championsvgc2026regmcbo3,1630,Tyranitar,Excadrill,42.603
2026-09-30,M-C,gen9championsvgc2026regmcbo3,1630,Tyranitar,Rillaboom,30.754
2026-09-30,M-C,gen9championsvgc2026regmcbo3,1630,Tyranitar,Gholdengo,22.114
2026-09-30,M-C,gen9championsvgc2026regmcbo3,1630,Tyranitar,Indeedee-F,21.097
2026-09-30,M-C,gen9championsvgc2026regmcbo3,1630,Tyranitar,Milotic,17.674
2026-09-30,M-C,gen9championsvgc2026regmcbo3,1630,Tyranitar,Volcarona,16.436
2026-09-30,M-C,gen9championsvgc2026regmcbo3,1630,Tyranitar,Indeedee,14.527
2026-09-30,M-C,gen9championsvgc2026regmcbo3,1630,Tyranitar,Incineroar,13.751
2026-09-30,M-C,gen9championsvgc2026regmcbo3,1630,Espathra,Indeedee-F,50.023
2026-09-30,M-C,gen9championsvgc2026regmcbo3,1630,Espathra,Kingambit,39.784
2026-09-30,M-C,gen9championsvgc2026regmcbo3,1630,Espathra,Staraptor-Mega,30.239
2026-09-30,M-C,gen9championsvgc2026regmcbo3,1630,Espathra,Rillaboom,28.448
2026-09-30,M-C,gen9championsvgc2026regmcbo3,1630,Espathra,Glimmora,26.802
2026-09-30,M-C,gen9championsvgc2026regmcbo3,1630,Espathra,Incineroar,25.871
2026-09-30,M-C,gen9championsvgc2026regmcbo3,1630,Espathra,Pyroar-Mega,25.78
2026-09-30,M-C,gen9championsvgc2026regmcbo3,1630,Espathra,Archaludon,23.963
2026-09-30,M-C,gen9championsvgc2026regmcbo3,1630,Espathra,Floette-Mega,17.864
2026-09-30,M-C,gen9championsvgc2026regmcbo3,1630,Espathra,Sneasler,15.791
2026-09-30,M-C,gen9championsvgc2026regmcbo3,1630,Hydreigon,Rillaboom,35.792
2026-09-30,M-C,gen9championsvgc2026regmcbo3,1630,Hydreigon,Sneasler,29.055
2026-09-30,M-C,gen9championsvgc2026regmcbo3,1630,Hydreigon,Metagross-Mega,22.3
2026-09-30,M-C,gen9championsvgc2026regmcbo3,1630,Hydreigon,Incineroar,21.539
2026-09-30,M-C,gen9championsvgc2026regmcbo3,1630,Hydreigon,Charizard-Mega-Y,19.08
2026-09-30,M-C,gen9championsvgc2026regmcbo3,1630,Hydreigon,Indeedee-F,17.783
2026-09-30,M-C,gen9championsvgc2026regmcbo3,1630,Hydreigon,Pelipper,16.891
2026-09-30,M-C,gen9championsvgc2026regmcbo3,1630,Hydreigon,Archaludon,15.687
2026-09-30,M-C,gen9championsvgc2026regmcbo3,1630,Hydreigon,Milotic,15.305
2026-09-30,M-C,gen9championsvgc2026regmcbo3,1630,Hydreigon,Raichu-Mega-Y,15.059
2026-09-30,M-C,gen9championsvgc2026regmcbo3,1630,Aegislash,Incineroar,32.052
2026-09-30,M-C,gen9championsvgc2026regmcbo3,1630,Aegislash,Charizard-Mega-Y,30.763
2026-09-30,M-C,gen9championsvgc2026regmcbo3,1630,Aegislash,Rillaboom,25.587
2026-09-30,M-C,gen9championsvgc2026regmcbo3,1630,Aegislash,Salamence-Mega,21.062
2026-09-30,M-C,gen9championsvgc2026regmcbo3,1630,Aegislash,Sneasler,20.623
2026-09-30,M-C,gen9championsvgc2026regmcbo3,1630,Aegislash,Kommo-o,19.498
2026-09-30,M-C,gen9championsvgc2026regmcbo3,1630,Aegislash,Whimsicott,18.263
2026-09-30,M-C,gen9championsvgc2026regmcbo3,1630,Aegislash,Garchomp,17.263
2026-09-30,M-C,gen9championsvgc2026regmcbo3,1630,Aegislash,Tyranitar-Mega,16.623
2026-09-30,M-C,gen9championsvgc2026regmcbo3,1630,Aegislash,Kingambit,16.621
2026-09-30,M-C,gen9championsvgc2026regmcbo3,1630,Pyroar-Mega,Indeedee-F,59.322
2026-09-30,M-C,gen9championsvgc2026regmcbo3,1630,Pyroar-Mega,Whimsicott,45.112
2026-09-30,M-C,gen9championsvgc2026regmcbo3,1630,Pyroar-Mega,Basculegion,34.547
2026-09-30,M-C,gen9championsvgc2026regmcbo3,1630,Pyroar-Mega,Kingambit,34.084
2026-09-30,M-C,gen9championsvgc2026regmcbo3,1630,Pyroar-Mega,Gardevoir-Mega,27.765
2026-09-30,M-C,gen9championsvgc2026regmcbo3,1630,Pyroar-Mega,Espathra,27.314
2026-09-30,M-C,gen9championsvgc2026regmcbo3,1630,Pyroar-Mega,Glimmora,26.012
2026-09-30,M-C,gen9championsvgc2026regmcbo3,1630,Pyroar-Mega,Staraptor-Mega,25.262
2026-09-30,M-C,gen9championsvgc2026regmcbo3,1630,Pyroar-Mega,Kommo-o,23.442
2026-09-30,M-C,gen9championsvgc2026regmcbo3,1630,Pyroar-Mega,Farigiraf,17.691
2026-09-30,M-C,gen9championsvgc2026regmcbo3,1630,Garchomp-Mega,Sneasler,83.946
2026-09-30,M-C,gen9championsvgc2026regmcbo3,1630,Garchomp-Mega,Incineroar,82.416
2026-09-30,M-C,gen9championsvgc2026regmcbo3,1630,Garchomp-Mega,Kingambit,80.903
2026-09-30,M-C,gen9championsvgc2026regmcbo3,1630,Garchomp-Mega,Floette-Mega,79.903
2026-09-30,M-C,gen9championsvgc2026regmcbo3,1630,Garchomp-Mega,Rillaboom,72.325
2026-09-30,M-C,gen9championsvgc2026regmcbo3,1630,Garchomp-Mega,Sinistcha,13.968
2026-09-30,M-C,gen9championsvgc2026regmcbo3,1630,Garchomp-Mega,Indeedee-F,4.749
2026-09-30,M-C,gen9championsvgc2026regmcbo3,1630,Garchomp-Mega,Tyranitar,4.308
2026-09-30,M-C,gen9championsvgc2026regmcbo3,1630,Garchomp-Mega,Gholdengo,3.928
2026-09-30,M-C,gen9championsvgc2026regmcbo3,1630,Garchomp-Mega,Charizard-Mega-Y,2.707
2026-09-30,M-C,gen9championsvgc2026regmcbo3,1630,Absol-Mega-Z,Sneasler,42.279
2026-09-30,M-C,gen9championsvgc2026regmcbo3,1630,Absol-Mega-Z,Rillaboom,41.569
2026-09-30,M-C,gen9championsvgc2026regmcbo3,1630,Absol-Mega-Z,Incineroar,33.913
2026-09-30,M-C,gen9championsvgc2026regmcbo3,1630,Absol-Mega-Z,Indeedee-F,32.788
2026-09-30,M-C,gen9championsvgc2026regmcbo3,1630,Absol-Mega-Z,Armarouge,20.559
2026-09-30,M-C,gen9championsvgc2026regmcbo3,1630,Absol-Mega-Z,Espathra,14.591
2026-09-30,M-C,gen9championsvgc2026regmcbo3,1630,Absol-Mega-Z,Salamence-Mega,14.199
2026-09-30,M-C,gen9championsvgc2026regmcbo3,1630,Absol-Mega-Z,Gholdengo,12.608
2026-09-30,M-C,gen9championsvgc2026regmcbo3,1630,Absol-Mega-Z,Goodra-Hisui,12.205
2026-09-30,M-C,gen9championsvgc2026regmcbo3,1630,Absol-Mega-Z,Floette-Mega,12.165
2026-09-30,M-C,gen9championsvgc2026regmcbo3,1630,Kangaskhan-Mega,Farigiraf,73.352
2026-09-30,M-C,gen9championsvgc2026regmcbo3,1630,Kangaskhan-Mega,Torkoal,70.171
2026-09-30,M-C,gen9championsvgc2026regmcbo3,1630,Kangaskhan-Mega,Indeedee-F,40.756
2026-09-30,M-C,gen9championsvgc2026regmcbo3,1630,Kangaskhan-Mega,Kingambit,32.622
2026-09-30,M-C,gen9championsvgc2026regmcbo3,1630,Kangaskhan-Mega,Vivillon,25.3
2026-09-30,M-C,gen9championsvgc2026regmcbo3,1630,Kangaskhan-Mega,Venusaur,24.98
2026-09-30,M-C,gen9championsvgc2026regmcbo3,1630,Kangaskhan-Mega,Barbaracle-Mega,24.229
2026-09-30,M-C,gen9championsvgc2026regmcbo3,1630,Kangaskhan-Mega,Hatterene,22.633
2026-09-30,M-C,gen9championsvgc2026regmcbo3,1630,Kangaskhan-Mega,Armarouge,15.806
2026-09-30,M-C,gen9championsvgc2026regmcbo3,1630,Kangaskhan-Mega,Staraptor-Mega,14.15
2026-09-30,M-C,gen9championsvgc2026regmcbo3,1630,Aerodactyl,Charizard-Mega-Y,49.17
2026-09-30,M-C,gen9championsvgc2026regmcbo3,1630,Aerodactyl,Incineroar,49.035
2026-09-30,M-C,gen9championsvgc2026regmcbo3,1630,Aerodactyl,Garchomp,36.126
2026-09-30,M-C,gen9championsvgc2026regmcbo3,1630,Aerodactyl,Rillaboom,32.274
2026-09-30,M-C,gen9championsvgc2026regmcbo3,1630,Aerodactyl,Sylveon,26.039
2026-09-30,M-C,gen9championsvgc2026regmcbo3,1630,Aerodactyl,Kingambit,25.515
2026-09-30,M-C,gen9championsvgc2026regmcbo3,1630,Aerodactyl,Sneasler,21.334
2026-09-30,M-C,gen9championsvgc2026regmcbo3,1630,Aerodactyl,Basculegion,20.93
2026-09-30,M-C,gen9championsvgc2026regmcbo3,1630,Aerodactyl,Floette-Mega,19.881
2026-09-30,M-C,gen9championsvgc2026regmcbo3,1630,Aerodactyl,Indeedee-F,18.062
2026-09-30,M-C,gen9championsvgc2026regmcbo3,1630,Scovillain-Mega,Sneasler,56.565
2026-09-30,M-C,gen9championsvgc2026regmcbo3,1630,Scovillain-Mega,Kingambit,51.132
2026-09-30,M-C,gen9championsvgc2026regmcbo3,1630,Scovillain-Mega,Basculegion,49.185
2026-09-30,M-C,gen9championsvgc2026regmcbo3,1630,Scovillain-Mega,Froslass-Mega,37.882
2026-09-30,M-C,gen9championsvgc2026regmcbo3,1630,Scovillain-Mega,Lycanroc-Dusk,25.811
2026-09-30,M-C,gen9championsvgc2026regmcbo3,1630,Scovillain-Mega,Salamence-Mega,24.82
2026-09-30,M-C,gen9championsvgc2026regmcbo3,1630,Scovillain-Mega,Rillaboom,13.529
2026-09-30,M-C,gen9championsvgc2026regmcbo3,1630,Scovillain-Mega,Archaludon,12.698
2026-09-30,M-C,gen9championsvgc2026regmcbo3,1630,Scovillain-Mega,Gholdengo,10.617
2026-09-30,M-C,gen9championsvgc2026regmcbo3,1630,Scovillain-Mega,Incineroar,10.564
2026-09-30,M-C,gen9championsvgc2026regmcbo3,1630,Dragonite,Rillaboom,53.417
2026-09-30,M-C,gen9championsvgc2026regmcbo3,1630,Dragonite,Incineroar,46.276
2026-09-30,M-C,gen9championsvgc2026regmcbo3,1630,Dragonite,Gengar-Mega,43.255
2026-09-30,M-C,gen9championsvgc2026regmcbo3,1630,Dragonite,Sneasler,39.375
2026-09-30,M-C,gen9championsvgc2026regmcbo3,1630,Dragonite,Kingambit,25.549
2026-09-30,M-C,gen9championsvgc2026regmcbo3,1630,Dragonite,Indeedee-F,22.568
2026-09-30,M-C,gen9championsvgc2026regmcbo3,1630,Dragonite,Snorlax,18.719
2026-09-30,M-C,gen9championsvgc2026regmcbo3,1630,Dragonite,Scrafty,17.947
2026-09-30,M-C,gen9championsvgc2026regmcbo3,1630,Dragonite,Gardevoir-Mega,14.198
2026-09-30,M-C,gen9championsvgc2026regmcbo3,1630,Dragonite,Ninetales-Alola,12.62
2026-09-30,M-C,gen9championsvgc2026regmcbo3,1630,Mawile-Mega,Farigiraf,70.411
2026-09-30,M-C,gen9championsvgc2026regmcbo3,1630,Mawile-Mega,Incineroar,34.811
2026-09-30,M-C,gen9championsvgc2026regmcbo3,1630,Mawile-Mega,Torkoal,23.601
2026-09-30,M-C,gen9championsvgc2026regmcbo3,1630,Mawile-Mega,Rillaboom,23.276
2026-09-30,M-C,gen9championsvgc2026regmcbo3,1630,Mawile-Mega,Pelipper,19.613
2026-09-30,M-C,gen9championsvgc2026regmcbo3,1630,Mawile-Mega,Archaludon,18.335
2026-09-30,M-C,gen9championsvgc2026regmcbo3,1630,Mawile-Mega,Salamence-Mega,17.109
2026-09-30,M-C,gen9championsvgc2026regmcbo3,1630,Mawile-Mega,Grapploct,16.749
2026-09-30,M-C,gen9championsvgc2026regmcbo3,1630,Mawile-Mega,Sneasler,16.379
2026-09-30,M-C,gen9championsvgc2026regmcbo3,1630,Mawile-Mega,Indeedee-F,16.192
2026-09-30,M-C,gen9championsvgc2026regmcbo3,1630,Lycanroc-Dusk,Kingambit,59.149
2026-09-30,M-C,gen9championsvgc2026regmcbo3,1630,Lycanroc-Dusk,Froslass-Mega,57.736
2026-09-30,M-C,gen9championsvgc2026regmcbo3,1630,Lycanroc-Dusk,Sneasler,56.01
2026-09-30,M-C,gen9championsvgc2026regmcbo3,1630,Lycanroc-Dusk,Basculegion,51.532
2026-09-30,M-C,gen9championsvgc2026regmcbo3,1630,Lycanroc-Dusk,Rillaboom,44.937
2026-09-30,M-C,gen9championsvgc2026regmcbo3,1630,Lycanroc-Dusk,Scovillain-Mega,29.401
2026-09-30,M-C,gen9championsvgc2026regmcbo3,1630,Lycanroc-Dusk,Incineroar,16.045
2026-09-30,M-C,gen9championsvgc2026regmcbo3,1630,Lycanroc-Dusk,Golisopod-Mega,13.446
2026-09-30,M-C,gen9championsvgc2026regmcbo3,1630,Lycanroc-Dusk,Farigiraf,12.569
2026-09-30,M-C,gen9championsvgc2026regmcbo3,1630,Lycanroc-Dusk,Pelipper,10.166
2026-09-30,M-C,gen9championsvgc2026regmcbo3,1630,Clefable,Rillaboom,58.346
2026-09-30,M-C,gen9championsvgc2026regmcbo3,1630,Clefable,Incineroar,40.549
2026-09-30,M-C,gen9championsvgc2026regmcbo3,1630,Clefable,Basculegion,38.177
2026-09-30,M-C,gen9championsvgc2026regmcbo3,1630,Clefable,Kingambit,36.096
2026-09-30,M-C,gen9championsvgc2026regmcbo3,1630,Clefable,Sneasler,28.696
2026-09-30,M-C,gen9championsvgc2026regmcbo3,1630,Clefable,Delphox-Mega,23.821
2026-09-30,M-C,gen9championsvgc2026regmcbo3,1630,Clefable,Garchomp-Mega-Z,23.323
2026-09-30,M-C,gen9championsvgc2026regmcbo3,1630,Clefable,Lucario-Mega-Z,19.232
2026-09-30,M-C,gen9championsvgc2026regmcbo3,1630,Clefable,Glimmora,17.119
2026-09-30,M-C,gen9championsvgc2026regmcbo3,1630,Clefable,Garchomp,15.847
2026-09-30,M-C,gen9championsvgc2026regmcbo3,1630,Meowstic-F-Mega,Sneasler,81.726
2026-09-30,M-C,gen9championsvgc2026regmcbo3,1630,Meowstic-F-Mega,Indeedee,78.218
2026-09-30,M-C,gen9championsvgc2026regmcbo3,1630,Meowstic-F-Mega,Kommo-o,75.335
2026-09-30,M-C,gen9championsvgc2026regmcbo3,1630,Meowstic-F-Mega,Kingambit,74.529
2026-09-30,M-C,gen9championsvgc2026regmcbo3,1630,Meowstic-F-Mega,Charizard-Mega-Y,69.379
2026-09-30,M-C,gen9championsvgc2026regmcbo3,1630,Meowstic-F-Mega,Indeedee-F,8.526
2026-09-30,M-C,gen9championsvgc2026regmcbo3,1630,Meowstic-F-Mega,Blaziken-Mega,8.329
2026-09-30,M-C,gen9championsvgc2026regmcbo3,1630,Meowstic-F-Mega,Incineroar,3.054
2026-09-30,M-C,gen9championsvgc2026regmcbo3,1630,Meowstic-F-Mega,Pyroar-Mega,2.97
2026-09-30,M-C,gen9championsvgc2026regmcbo3,1630,Meowstic-F-Mega,Archaludon,2.752
2026-09-30,M-C,gen9championsvgc2026regmcbo3,1630,Raichu-Mega-X,Archaludon,50.163
2026-09-30,M-C,gen9championsvgc2026regmcbo3,1630,Raichu-Mega-X,Incineroar,28.408
2026-09-30,M-C,gen9championsvgc2026regmcbo3,1630,Raichu-Mega-X,Politoed,26.569
2026-09-30,M-C,gen9championsvgc2026regmcbo3,1630,Raichu-Mega-X,Espathra,25.497
2026-09-30,M-C,gen9championsvgc2026regmcbo3,1630,Raichu-Mega-X,Pelipper,24.45
2026-09-30,M-C,gen9championsvgc2026regmcbo3,1630,Raichu-Mega-X,Kingambit,22.137
2026-09-30,M-C,gen9championsvgc2026regmcbo3,1630,Raichu-Mega-X,Grimmsnarl,21.263
2026-09-30,M-C,gen9championsvgc2026regmcbo3,1630,Raichu-Mega-X,Charizard-Mega-Y,18.002
2026-09-30,M-C,gen9championsvgc2026regmcbo3,1630,Raichu-Mega-X,Rillaboom,16.87
2026-09-30,M-C,gen9championsvgc2026regmcbo3,1630,Raichu-Mega-X,Volcarona,16.372
2026-09-30,M-C,gen9championsvgc2026regmcbo3,1630,Typhlosion-Hisui,Indeedee-F,44.077
2026-09-30,M-C,gen9championsvgc2026regmcbo3,1630,Typhlosion-Hisui,Salamence-Mega,38.093
2026-09-30,M-C,gen9championsvgc2026regmcbo3,1630,Typhlosion-Hisui,Gardevoir-Mega,35.73
2026-09-30,M-C,gen9championsvgc2026regmcbo3,1630,Typhlosion-Hisui,Sneasler,35.567
2026-09-30,M-C,gen9championsvgc2026regmcbo3,1630,Typhlosion-Hisui,Kingambit,33.499
2026-09-30,M-C,gen9championsvgc2026regmcbo3,1630,Typhlosion-Hisui,Whimsicott,31.319
2026-09-30,M-C,gen9championsvgc2026regmcbo3,1630,Typhlosion-Hisui,Farigiraf,20.433
2026-09-30,M-C,gen9championsvgc2026regmcbo3,1630,Typhlosion-Hisui,Milotic,16.413
2026-09-30,M-C,gen9championsvgc2026regmcbo3,1630,Typhlosion-Hisui,Rillaboom,14.044
2026-09-30,M-C,gen9championsvgc2026regmcbo3,1630,Typhlosion-Hisui,Torkoal,12.868
2026-09-30,M-C,gen9championsvgc2026regmcbo3,1630,Hippowdon,Rillaboom,91.193
2026-09-30,M-C,gen9championsvgc2026regmcbo3,1630,Hippowdon,Incineroar,83.916
2026-09-30,M-C,gen9championsvgc2026regmcbo3,1630,Hippowdon,Gengar-Mega,82.43
2026-09-30,M-C,gen9championsvgc2026regmcbo3,1630,Hippowdon,Kingambit,57.184
2026-09-30,M-C,gen9championsvgc2026regmcbo3,1630,Hippowdon,Sneasler,53.892
2026-09-30,M-C,gen9championsvgc2026regmcbo3,1630,Hippowdon,Volcarona,22.466
2026-09-30,M-C,gen9championsvgc2026regmcbo3,1630,Hippowdon,Excadrill,9.645
2026-09-30,M-C,gen9championsvgc2026regmcbo3,1630,Hippowdon,Garchomp-Mega-Z,9.484
2026-09-30,M-C,gen9championsvgc2026regmcbo3,1630,Hippowdon,Kommo-o,8.796
2026-09-30,M-C,gen9championsvgc2026regmcbo3,1630,Hippowdon,Glimmora-Mega,4.905
2026-09-30,M-C,gen9championsvgc2026regmcbo3,1630,Grapploct,Farigiraf,77.177
2026-09-30,M-C,gen9championsvgc2026regmcbo3,1630,Grapploct,Indeedee-F,43.07
2026-09-30,M-C,gen9championsvgc2026regmcbo3,1630,Grapploct,Incineroar,41.541
2026-09-30,M-C,gen9championsvgc2026regmcbo3,1630,Grapploct,Camerupt-Mega,35.245
2026-09-30,M-C,gen9championsvgc2026regmcbo3,1630,Grapploct,Mawile-Mega,26.697
2026-09-30,M-C,gen9championsvgc2026regmcbo3,1630,Grapploct,Archaludon,26.288
2026-09-30,M-C,gen9championsvgc2026regmcbo3,1630,Grapploct,Kingambit,25.994
2026-09-30,M-C,gen9championsvgc2026regmcbo3,1630,Grapploct,Pelipper,25.83
2026-09-30,M-C,gen9championsvgc2026regmcbo3,1630,Grapploct,Kangaskhan-Mega,21.637
2026-09-30,M-C,gen9championsvgc2026regmcbo3,1630,Grapploct,Torkoal,11.166
2026-09-30,M-C,gen9championsvgc2026regmcbo3,1630,Manectric-Mega,Rillaboom,76.075
2026-09-30,M-C,gen9championsvgc2026regmcbo3,1630,Manectric-Mega,Archaludon,67.035
2026-09-30,M-C,gen9championsvgc2026regmcbo3,1630,Manectric-Mega,Sneasler,53.451
2026-09-30,M-C,gen9championsvgc2026regmcbo3,1630,Manectric-Mega,Pelipper,43.644
2026-09-30,M-C,gen9championsvgc2026regmcbo3,1630,Manectric-Mega,Incineroar,27.971
2026-09-30,M-C,gen9championsvgc2026regmcbo3,1630,Manectric-Mega,Basculegion,25.262
2026-09-30,M-C,gen9championsvgc2026regmcbo3,1630,Manectric-Mega,Gengar-Mega,23.817
2026-09-30,M-C,gen9championsvgc2026regmcbo3,1630,Manectric-Mega,Politoed,23.648
2026-09-30,M-C,gen9championsvgc2026regmcbo3,1630,Manectric-Mega,Froslass-Mega,22.926
2026-09-30,M-C,gen9championsvgc2026regmcbo3,1630,Manectric-Mega,Volcarona,18.452
2026-09-30,M-C,gen9championsvgc2026regmcbo3,1630,Venusaur-Mega,Pelipper,56.575
2026-09-30,M-C,gen9championsvgc2026regmcbo3,1630,Venusaur-Mega,Archaludon,52.906
2026-09-30,M-C,gen9championsvgc2026regmcbo3,1630,Venusaur-Mega,Sneasler,33.191
2026-09-30,M-C,gen9championsvgc2026regmcbo3,1630,Venusaur-Mega,Farigiraf,30.53
2026-09-30,M-C,gen9championsvgc2026regmcbo3,1630,Venusaur-Mega,Incineroar,29.653
2026-09-30,M-C,gen9championsvgc2026regmcbo3,1630,Venusaur-Mega,Swampert-Mega,29.103
2026-09-30,M-C,gen9championsvgc2026regmcbo3,1630,Venusaur-Mega,Grimmsnarl,18.76
2026-09-30,M-C,gen9championsvgc2026regmcbo3,1630,Venusaur-Mega,Charizard-Mega-Y,15.491
2026-09-30,M-C,gen9championsvgc2026regmcbo3,1630,Venusaur-Mega,Dragapult,13.298
2026-09-30,M-C,gen9championsvgc2026regmcbo3,1630,Venusaur-Mega,Garchomp,11.632
2026-09-30,M-C,gen9championsvgc2026regmcbo3,1630,Tsareena,Tyranitar-Mega,33.476
2026-09-30,M-C,gen9championsvgc2026regmcbo3,1630,Tsareena,Excadrill,33.473
2026-09-30,M-C,gen9championsvgc2026regmcbo3,1630,Tsareena,Aegislash,29.092
2026-09-30,M-C,gen9championsvgc2026regmcbo3,1630,Tsareena,Staraptor-Mega,22.744
2026-09-30,M-C,gen9championsvgc2026regmcbo3,1630,Tsareena,Incineroar,22.335
2026-09-30,M-C,gen9championsvgc2026regmcbo3,1630,Tsareena,Rotom-Heat,20.392
2026-09-30,M-C,gen9championsvgc2026regmcbo3,1630,Tsareena,Sneasler,19.934
2026-09-30,M-C,gen9championsvgc2026regmcbo3,1630,Tsareena,Salamence-Mega,16.782
2026-09-30,M-C,gen9championsvgc2026regmcbo3,1630,Tsareena,Pelipper,15.943
2026-09-30,M-C,gen9championsvgc2026regmcbo3,1630,Tsareena,Kingambit,15.007
2026-09-30,M-C,gen9championsvgc2026regmcbo3,1630,Rotom-Wash,Incineroar,26.819
2026-09-30,M-C,gen9championsvgc2026regmcbo3,1630,Rotom-Wash,Tyranitar-Mega,23.924
2026-09-30,M-C,gen9championsvgc2026regmcbo3,1630,Rotom-Wash,Indeedee-F,23.663
2026-09-30,M-C,gen9championsvgc2026regmcbo3,1630,Rotom-Wash,Salamence-Mega,23.161
2026-09-30,M-C,gen9championsvgc2026regmcbo3,1630,Rotom-Wash,Sneasler,22.977
2026-09-30,M-C,gen9championsvgc2026regmcbo3,1630,Rotom-Wash,Kingambit,21.086
2026-09-30,M-C,gen9championsvgc2026regmcbo3,1630,Rotom-Wash,Excadrill,20.832
2026-09-30,M-C,gen9championsvgc2026regmcbo3,1630,Rotom-Wash,Rillaboom,20.703
2026-09-30,M-C,gen9championsvgc2026regmcbo3,1630,Rotom-Wash,Corviknight,19.475
2026-09-30,M-C,gen9championsvgc2026regmcbo3,1630,Rotom-Wash,Garchomp,17.182
2026-09-30,M-C,gen9championsvgc2026regmcbo3,1630,Swampert,Rillaboom,73.98
2026-09-30,M-C,gen9championsvgc2026regmcbo3,1630,Swampert,Gengar-Mega,57.783
2026-09-30,M-C,gen9championsvgc2026regmcbo3,1630,Swampert,Sneasler,54.214
2026-09-30,M-C,gen9championsvgc2026regmcbo3,1630,Swampert,Incineroar,49.306
2026-09-30,M-C,gen9championsvgc2026regmcbo3,1630,Swampert,Garchomp-Mega-Z,31.421
2026-09-30,M-C,gen9championsvgc2026regmcbo3,1630,Swampert,Arcanine-Hisui,20.14
2026-09-30,M-C,gen9championsvgc2026regmcbo3,1630,Swampert,Salamence-Mega,17.369
2026-09-30,M-C,gen9championsvgc2026regmcbo3,1630,Swampert,Kingambit,14.652
2026-09-30,M-C,gen9championsvgc2026regmcbo3,1630,Swampert,Volcarona,11.557
2026-09-30,M-C,gen9championsvgc2026regmcbo3,1630,Swampert,Kommo-o,10.843
2026-09-30,M-C,gen9championsvgc2026regmcbo3,1630,Kleavor,Basculegion,38.545
2026-09-30,M-C,gen9championsvgc2026regmcbo3,1630,Kleavor,Sneasler,38.233
2026-09-30,M-C,gen9championsvgc2026regmcbo3,1630,Kleavor,Kingambit,37.631
2026-09-30,M-C,gen9championsvgc2026regmcbo3,1630,Kleavor,Raichu-Mega-Y,30.709
2026-09-30,M-C,gen9championsvgc2026regmcbo3,1630,Kleavor,Metagross-Mega,29.385
2026-09-30,M-C,gen9championsvgc2026regmcbo3,1630,Kleavor,Rillaboom,26.72
2026-09-30,M-C,gen9championsvgc2026regmcbo3,1630,Kleavor,Whimsicott,23.102
2026-09-30,M-C,gen9championsvgc2026regmcbo3,1630,Kleavor,Salamence-Mega,21.373
2026-09-30,M-C,gen9championsvgc2026regmcbo3,1630,Kleavor,Indeedee-F,18.345
2026-09-30,M-C,gen9championsvgc2026regmcbo3,1630,Kleavor,Incineroar,17.379
2026-09-30,M-C,gen9championsvgc2026regmcbo3,1630,Mamoswine,Rillaboom,42.999
2026-09-30,M-C,gen9championsvgc2026regmcbo3,1630,Mamoswine,Incineroar,41.022
2026-09-30,M-C,gen9championsvgc2026regmcbo3,1630,Mamoswine,Salamence-Mega,32.014
2026-09-30,M-C,gen9championsvgc2026regmcbo3,1630,Mamoswine,Sneasler,26.961
2026-09-30,M-C,gen9championsvgc2026regmcbo3,1630,Mamoswine,Charizard-Mega-Y,18.856
2026-09-30,M-C,gen9championsvgc2026regmcbo3,1630,Mamoswine,Indeedee-F,18.277
2026-09-30,M-C,gen9championsvgc2026regmcbo3,1630,Mamoswine,Gengar-Mega,15.453
2026-09-30,M-C,gen9championsvgc2026regmcbo3,1630,Mamoswine,Farigiraf,15.182
2026-09-30,M-C,gen9championsvgc2026regmcbo3,1630,Mamoswine,Kingambit,13.783
2026-09-30,M-C,gen9championsvgc2026regmcbo3,1630,Mamoswine,Archaludon,13.724
2026-09-30,M-C,gen9championsvgc2026regmcbo3,1630,Lopunny-Mega,Indeedee-F,42.058
2026-09-30,M-C,gen9championsvgc2026regmcbo3,1630,Lopunny-Mega,Sneasler,37.846
2026-09-30,M-C,gen9championsvgc2026regmcbo3,1630,Lopunny-Mega,Rillaboom,36.091
2026-09-30,M-C,gen9championsvgc2026regmcbo3,1630,Lopunny-Mega,Gardevoir-Mega,33.67
2026-09-30,M-C,gen9championsvgc2026regmcbo3,1630,Lopunny-Mega,Ceruledge,26.511
2026-09-30,M-C,gen9championsvgc2026regmcbo3,1630,Lopunny-Mega,Dragonite,24.647
2026-09-30,M-C,gen9championsvgc2026regmcbo3,1630,Lopunny-Mega,Gholdengo,22.953
2026-09-30,M-C,gen9championsvgc2026regmcbo3,1630,Lopunny-Mega,Salamence-Mega,21.06
2026-09-30,M-C,gen9championsvgc2026regmcbo3,1630,Lopunny-Mega,Volcarona,13.206
2026-09-30,M-C,gen9championsvgc2026regmcbo3,1630,Lopunny-Mega,Arcanine-Hisui,13.139
2026-09-30,M-C,gen9championsvgc2026regmcbo3,1630,Klefki,Archaludon,85.76
2026-09-30,M-C,gen9championsvgc2026regmcbo3,1630,Klefki,Salamence-Mega,74.556
2026-09-30,M-C,gen9championsvgc2026regmcbo3,1630,Klefki,Glimmora-Mega,73.187
2026-09-30,M-C,gen9championsvgc2026regmcbo3,1630,Klefki,Volcarona,72.958
2026-09-30,M-C,gen9championsvgc2026regmcbo3,1630,Klefki,Garchomp,69.939
2026-09-30,M-C,gen9championsvgc2026regmcbo3,1630,Klefki,Basculegion,12.57
2026-09-30,M-C,gen9championsvgc2026regmcbo3,1630,Klefki,Incineroar,6.932
2026-09-30,M-C,gen9championsvgc2026regmcbo3,1630,Klefki,Rillaboom,6.383
2026-09-30,M-C,gen9championsvgc2026regmcbo3,1630,Klefki,Sinistcha,6.094
2026-09-30,M-C,gen9championsvgc2026regmcbo3,1630,Klefki,Golisopod-Mega,5.066
2026-09-30,M-C,gen9championsvgc2026regmcbo3,1630,Sableye,Archaludon,51.348
2026-09-30,M-C,gen9championsvgc2026regmcbo3,1630,Sableye,Pelipper,40.245
2026-09-30,M-C,gen9championsvgc2026regmcbo3,1630,Sableye,Golisopod-Mega,37.374
2026-09-30,M-C,gen9championsvgc2026regmcbo3,1630,Sableye,Rillaboom,30.309
2026-09-30,M-C,gen9championsvgc2026regmcbo3,1630,Sableye,Incineroar,25.215
2026-09-30,M-C,gen9championsvgc2026regmcbo3,1630,Sableye,Kingambit,20.627
2026-09-30,M-C,gen9championsvgc2026regmcbo3,1630,Sableye,Sneasler,19.956
2026-09-30,M-C,gen9championsvgc2026regmcbo3,1630,Sableye,Sinistcha,17.569
2026-09-30,M-C,gen9championsvgc2026regmcbo3,1630,Sableye,Swampert-Mega,13.72
2026-09-30,M-C,gen9championsvgc2026regmcbo3,1630,Sableye,Basculegion,12.836
2026-09-30,M-C,gen9championsvgc2026regmcbo3,1630,Rotom-Heat,Excadrill,56.418
2026-09-30,M-C,gen9championsvgc2026regmcbo3,1630,Rotom-Heat,Tyranitar-Mega,54.235
2026-09-30,M-C,gen9championsvgc2026regmcbo3,1630,Rotom-Heat,Staraptor-Mega,31.321
2026-09-30,M-C,gen9championsvgc2026regmcbo3,1630,Rotom-Heat,Aegislash,30.992
2026-09-30,M-C,gen9championsvgc2026regmcbo3,1630,Rotom-Heat,Salamence-Mega,28.318
2026-09-30,M-C,gen9championsvgc2026regmcbo3,1630,Rotom-Heat,Tsareena,25.105
2026-09-30,M-C,gen9championsvgc2026regmcbo3,1630,Rotom-Heat,Sneasler,18.854
2026-09-30,M-C,gen9championsvgc2026regmcbo3,1630,Rotom-Heat,Basculegion,18.196
2026-09-30,M-C,gen9championsvgc2026regmcbo3,1630,Rotom-Heat,Sceptile-Mega,17.975
2026-09-30,M-C,gen9championsvgc2026regmcbo3,1630,Rotom-Heat,Rillaboom,16.217
2026-09-30,M-C,gen9championsvgc2026regmcbo3,1630,Blaziken,Rillaboom,68.715
2026-09-30,M-C,gen9championsvgc2026regmcbo3,1630,Blaziken,Kingambit,34.768
2026-09-30,M-C,gen9championsvgc2026regmcbo3,1630,Blaziken,Metagross-Mega,34.417
2026-09-30,M-C,gen9championsvgc2026regmcbo3,1630,Blaziken,Salamence-Mega,27.076
2026-09-30,M-C,gen9championsvgc2026regmcbo3,1630,Blaziken,Indeedee-F,26.428
2026-09-30,M-C,gen9championsvgc2026regmcbo3,1630,Blaziken,Froslass-Mega,17.81
2026-09-30,M-C,gen9championsvgc2026regmcbo3,1630,Blaziken,Basculegion,17.728
2026-09-30,M-C,gen9championsvgc2026regmcbo3,1630,Blaziken,Sneasler,17.164
2026-09-30,M-C,gen9championsvgc2026regmcbo3,1630,Blaziken,Gholdengo,17.09
2026-09-30,M-C,gen9championsvgc2026regmcbo3,1630,Blaziken,Raichu-Mega-Y,16.478
2026-09-30,M-C,gen9championsvgc2026regmcbo3,1630,Baxcalibur,Rillaboom,53.361
2026-09-30,M-C,gen9championsvgc2026regmcbo3,1630,Baxcalibur,Incineroar,38.013
2026-09-30,M-C,gen9championsvgc2026regmcbo3,1630,Baxcalibur,Basculegion,34.974
2026-09-30,M-C,gen9championsvgc2026regmcbo3,1630,Baxcalibur,Sylveon,21.224
2026-09-30,M-C,gen9championsvgc2026regmcbo3,1630,Baxcalibur,Raichu-Mega-Y,20.547
2026-09-30,M-C,gen9championsvgc2026regmcbo3,1630,Baxcalibur,Aerodactyl-Mega,19.849
2026-09-30,M-C,gen9championsvgc2026regmcbo3,1630,Baxcalibur,Lucario-Mega-Z,19.663
2026-09-30,M-C,gen9championsvgc2026regmcbo3,1630,Baxcalibur,Froslass-Mega,19.597
2026-09-30,M-C,gen9championsvgc2026regmcbo3,1630,Baxcalibur,Kingambit,18.581
2026-09-30,M-C,gen9championsvgc2026regmcbo3,1630,Baxcalibur,Volcarona,17.966
2026-09-30,M-C,gen9championsvgc2026regmcbo3,1630,Altaria,Indeedee-F,60.806
2026-09-30,M-C,gen9championsvgc2026regmcbo3,1630,Altaria,Metagross-Mega,58.457
2026-09-30,M-C,gen9championsvgc2026regmcbo3,1630,Altaria,Arcanine-Hisui,57.689
2026-09-30,M-C,gen9championsvgc2026regmcbo3,1630,Altaria,Dragapult,57.278
2026-09-30,M-C,gen9championsvgc2026regmcbo3,1630,Altaria,Milotic,57.084
2026-09-30,M-C,gen9championsvgc2026regmcbo3,1630,Altaria,Incineroar,28.071
2026-09-30,M-C,gen9championsvgc2026regmcbo3,1630,Altaria,Sneasler,27.111
2026-09-30,M-C,gen9championsvgc2026regmcbo3,1630,Altaria,Rillaboom,26.706
2026-09-30,M-C,gen9championsvgc2026regmcbo3,1630,Altaria,Kingambit,26.171
2026-09-30,M-C,gen9championsvgc2026regmcbo3,1630,Altaria,Gengar-Mega,25.555
2026-09-30,M-C,gen9championsvgc2026regmcbo3,1630,Gallade,Indeedee-F,71.289
2026-09-30,M-C,gen9championsvgc2026regmcbo3,1630,Gallade,Torkoal,38.164
2026-09-30,M-C,gen9championsvgc2026regmcbo3,1630,Gallade,Armarouge,36.962
2026-09-30,M-C,gen9championsvgc2026regmcbo3,1630,Gallade,Hatterene,36.689
2026-09-30,M-C,gen9championsvgc2026regmcbo3,1630,Gallade,Camerupt-Mega,32.706
2026-09-30,M-C,gen9championsvgc2026regmcbo3,1630,Gallade,Kingambit,25.259
2026-09-30,M-C,gen9championsvgc2026regmcbo3,1630,Gallade,Farigiraf,22.29
2026-09-30,M-C,gen9championsvgc2026regmcbo3,1630,Gallade,Incineroar,16.985
2026-09-30,M-C,gen9championsvgc2026regmcbo3,1630,Gallade,Crabominable-Mega,12.858
2026-09-30,M-C,gen9championsvgc2026regmcbo3,1630,Gallade,Gardevoir-Mega,10.227
2026-09-30,M-C,gen9championsvgc2026regmcbo3,1630,Sceptile-Mega,Sneasler,68.088
2026-09-30,M-C,gen9championsvgc2026regmcbo3,1630,Sceptile-Mega,Indeedee-F,59.084
2026-09-30,M-C,gen9championsvgc2026regmcbo3,1630,Sceptile-Mega,Arcanine-Hisui,29.198
2026-09-30,M-C,gen9championsvgc2026regmcbo3,1630,Sceptile-Mega,Milotic,24.7
2026-09-30,M-C,gen9championsvgc2026regmcbo3,1630,Sceptile-Mega,Gardevoir-Mega,23.862
2026-09-30,M-C,gen9championsvgc2026regmcbo3,1630,Sceptile-Mega,Armarouge,23.243
2026-09-30,M-C,gen9championsvgc2026regmcbo3,1630,Sceptile-Mega,Rotom-Heat,21.089
2026-09-30,M-C,gen9championsvgc2026regmcbo3,1630,Sceptile-Mega,Incineroar,20.643
2026-09-30,M-C,gen9championsvgc2026regmcbo3,1630,Sceptile-Mega,Excadrill,17.65
2026-09-30,M-C,gen9championsvgc2026regmcbo3,1630,Sceptile-Mega,Gholdengo,17.072
2026-09-30,M-C,gen9championsvgc2026regmcbo3,1630,Empoleon,Rillaboom,45.958
2026-09-30,M-C,gen9championsvgc2026regmcbo3,1630,Empoleon,Sneasler,36.805
2026-09-30,M-C,gen9championsvgc2026regmcbo3,1630,Empoleon,Indeedee-F,29.921
2026-09-30,M-C,gen9championsvgc2026regmcbo3,1630,Empoleon,Staraptor-Mega,22.705
2026-09-30,M-C,gen9championsvgc2026regmcbo3,1630,Empoleon,Armarouge,19.136
2026-09-30,M-C,gen9championsvgc2026regmcbo3,1630,Empoleon,Incineroar,17.021
2026-09-30,M-C,gen9championsvgc2026regmcbo3,1630,Empoleon,Raichu-Mega-Y,15.387
2026-09-30,M-C,gen9championsvgc2026regmcbo3,1630,Empoleon,Charizard-Mega-Y,13.922
2026-09-30,M-C,gen9championsvgc2026regmcbo3,1630,Empoleon,Garchomp,13.695
2026-09-30,M-C,gen9championsvgc2026regmcbo3,1630,Empoleon,Salamence-Mega,13.276
2026-09-30,M-C,gen9championsvgc2026regmcbo3,1630,Sirfetch'd,Farigiraf,37.981
2026-09-30,M-C,gen9championsvgc2026regmcbo3,1630,Sirfetch'd,Golisopod-Mega,37.942
2026-09-30,M-C,gen9championsvgc2026regmcbo3,1630,Sirfetch'd,Whimsicott,31.995
2026-09-30,M-C,gen9championsvgc2026regmcbo3,1630,Sirfetch'd,Basculegion,30.785
2026-09-30,M-C,gen9championsvgc2026regmcbo3,1630,Sirfetch'd,Glimmora-Mega,29.363
2026-09-30,M-C,gen9championsvgc2026regmcbo3,1630,Sirfetch'd,Incineroar,28.715
2026-09-30,M-C,gen9championsvgc2026regmcbo3,1630,Sirfetch'd,Indeedee-F,27.031
2026-09-30,M-C,gen9championsvgc2026regmcbo3,1630,Sirfetch'd,Charizard-Mega-Y,24.891
2026-09-30,M-C,gen9championsvgc2026regmcbo3,1630,Sirfetch'd,Hydreigon,20.852
2026-09-30,M-C,gen9championsvgc2026regmcbo3,1630,Sirfetch'd,Gholdengo,20.649
2026-09-30,M-C,gen9championsvgc2026regmcbo3,1630,Kangaskhan,Farigiraf,80.506
2026-09-30,M-C,gen9championsvgc2026regmcbo3,1630,Kangaskhan,Camerupt-Mega,52.081
2026-09-30,M-C,gen9championsvgc2026regmcbo3,1630,Kangaskhan,Torkoal,29.83
2026-09-30,M-C,gen9championsvgc2026regmcbo3,1630,Kangaskhan,Golisopod-Mega,28.085
2026-09-30,M-C,gen9championsvgc2026regmcbo3,1630,Kangaskhan,Staraptor,27.199
2026-09-30,M-C,gen9championsvgc2026regmcbo3,1630,Kangaskhan,Annihilape,26.279
2026-09-30,M-C,gen9championsvgc2026regmcbo3,1630,Kangaskhan,Mawile-Mega,19.809
2026-09-30,M-C,gen9championsvgc2026regmcbo3,1630,Kangaskhan,Vileplume,19.41
2026-09-30,M-C,gen9championsvgc2026regmcbo3,1630,Kangaskhan,Kingambit,16.511
2026-09-30,M-C,gen9championsvgc2026regmcbo3,1630,Kangaskhan,Houndoom-Mega,16.435
2026-09-30,M-C,gen9championsvgc2026regmcbo3,1630,Starmie-Mega,Pelipper,69.177
2026-09-30,M-C,gen9championsvgc2026regmcbo3,1630,Starmie-Mega,Indeedee-F,66.547
2026-09-30,M-C,gen9championsvgc2026regmcbo3,1630,Starmie-Mega,Archaludon,62.337
2026-09-30,M-C,gen9championsvgc2026regmcbo3,1630,Starmie-Mega,Sneasler,36.891
2026-09-30,M-C,gen9championsvgc2026regmcbo3,1630,Starmie-Mega,Dragapult,36.348
2026-09-30,M-C,gen9championsvgc2026regmcbo3,1630,Starmie-Mega,Golisopod-Mega,20.333
2026-09-30,M-C,gen9championsvgc2026regmcbo3,1630,Starmie-Mega,Indeedee,12.072
2026-09-30,M-C,gen9championsvgc2026regmcbo3,1630,Starmie-Mega,Incineroar,10.608
2026-09-30,M-C,gen9championsvgc2026regmcbo3,1630,Starmie-Mega,Kingambit,10.048
2026-09-30,M-C,gen9championsvgc2026regmcbo3,1630,Starmie-Mega,Metagross-Mega,8.855
2026-09-30,M-C,gen9championsvgc2026regmcbo3,1630,Vanilluxe,Kingambit,47.399
2026-09-30,M-C,gen9championsvgc2026regmcbo3,1630,Vanilluxe,Sneasler,42.714
2026-09-30,M-C,gen9championsvgc2026regmcbo3,1630,Vanilluxe,Indeedee-F,37.239
2026-09-30,M-C,gen9championsvgc2026regmcbo3,1630,Vanilluxe,Salamence-Mega,31.555
2026-09-30,M-C,gen9championsvgc2026regmcbo3,1630,Vanilluxe,Rillaboom,31.09
2026-09-30,M-C,gen9championsvgc2026regmcbo3,1630,Vanilluxe,Armarouge,28.609
2026-09-30,M-C,gen9championsvgc2026regmcbo3,1630,Vanilluxe,Farigiraf,23.307
2026-09-30,M-C,gen9championsvgc2026regmcbo3,1630,Vanilluxe,Raichu-Mega-Y,22.288
2026-09-30,M-C,gen9championsvgc2026regmcbo3,1630,Vanilluxe,Arcanine-Hisui,17.159
2026-09-30,M-C,gen9championsvgc2026regmcbo3,1630,Vanilluxe,Incineroar,13.048
2026-09-30,M-C,gen9championsvgc2026regmcbo3,1630,Snorlax,Rillaboom,78.559
2026-09-30,M-C,gen9championsvgc2026regmcbo3,1630,Snorlax,Incineroar,76.409
2026-09-30,M-C,gen9championsvgc2026regmcbo3,1630,Snorlax,Gengar-Mega,67.843
2026-09-30,M-C,gen9championsvgc2026regmcbo3,1630,Snorlax,Dragonite,57.696
2026-09-30,M-C,gen9championsvgc2026regmcbo3,1630,Snorlax,Scrafty,56.326
2026-09-30,M-C,gen9championsvgc2026regmcbo3,1630,Snorlax,Sneasler,13.299
2026-09-30,M-C,gen9championsvgc2026regmcbo3,1630,Snorlax,Froslass-Mega,8.231
2026-09-30,M-C,gen9championsvgc2026regmcbo3,1630,Snorlax,Tinkaton,6.929
2026-09-30,M-C,gen9championsvgc2026regmcbo3,1630,Snorlax,Indeedee-F,6.171
2026-09-30,M-C,gen9championsvgc2026regmcbo3,1630,Snorlax,Kingambit,5.418
2026-09-30,M-C,gen9championsvgc2026regmcbo3,1630,Scrafty-Mega,Rillaboom,54.834
2026-09-30,M-C,gen9championsvgc2026regmcbo3,1630,Scrafty-Mega,Farigiraf,49.66
2026-09-30,M-C,gen9championsvgc2026regmcbo3,1630,Scrafty-Mega,Torkoal,27.059
2026-09-30,M-C,gen9championsvgc2026regmcbo3,1630,Scrafty-Mega,Archaludon,23.139
2026-09-30,M-C,gen9championsvgc2026regmcbo3,1630,Scrafty-Mega,Pelipper,21.241
2026-09-30,M-C,gen9championsvgc2026regmcbo3,1630,Scrafty-Mega,Indeedee-F,21.018
2026-09-30,M-C,gen9championsvgc2026regmcbo3,1630,Scrafty-Mega,Gengar-Mega,20.524
2026-09-30,M-C,gen9championsvgc2026regmcbo3,1630,Scrafty-Mega,Volcarona,19.002
2026-09-30,M-C,gen9championsvgc2026regmcbo3,1630,Scrafty-Mega,Incineroar,17.927
2026-09-30,M-C,gen9championsvgc2026regmcbo3,1630,Scrafty-Mega,Kingambit,17.652
2026-09-30,M-C,gen9championsvgc2026regmcbo3,1630,Barbaracle-Mega,Torkoal,92.727
2026-09-30,M-C,gen9championsvgc2026regmcbo3,1630,Barbaracle-Mega,Farigiraf,92.719
2026-09-30,M-C,gen9championsvgc2026regmcbo3,1630,Barbaracle-Mega,Venusaur,91.885
2026-09-30,M-C,gen9championsvgc2026regmcbo3,1630,Barbaracle-Mega,Vivillon,91.885
2026-09-30,M-C,gen9championsvgc2026regmcbo3,1630,Barbaracle-Mega,Kangaskhan-Mega,91.885
2026-09-30,M-C,gen9championsvgc2026regmcbo3,1630,Barbaracle-Mega,Volcarona,0.981
2026-09-30,M-C,gen9championsvgc2026regmcbo3,1630,Barbaracle-Mega,Indeedee-F,0.842
2026-09-30,M-C,gen9championsvgc2026regmcbo3,1630,Barbaracle-Mega,Kingambit,0.83
2026-09-30,M-C,gen9championsvgc2026regmcbo3,1630,Barbaracle-Mega,Hatterene,0.829
2026-09-30,M-C,gen9championsvgc2026regmcbo3,1630,Barbaracle-Mega,Froslass-Mega,0.803
2026-09-30,M-C,gen9championsvgc2026regmcbo3,1630,Meganium-Mega,Farigiraf,43.507
2026-09-30,M-C,gen9championsvgc2026regmcbo3,1630,Meganium-Mega,Sneasler,39.634
2026-09-30,M-C,gen9championsvgc2026regmcbo3,1630,Meganium-Mega,Kingambit,36.435
2026-09-30,M-C,gen9championsvgc2026regmcbo3,1630,Meganium-Mega,Basculegion,35.729
2026-09-30,M-C,gen9championsvgc2026regmcbo3,1630,Meganium-Mega,Salamence-Mega,28.631
2026-09-30,M-C,gen9championsvgc2026regmcbo3,1630,Meganium-Mega,Incineroar,25.518
2026-09-30,M-C,gen9championsvgc2026regmcbo3,1630,Meganium-Mega,Pelipper,18.661
2026-09-30,M-C,gen9championsvgc2026regmcbo3,1630,Meganium-Mega,Garchomp,18.238
2026-09-30,M-C,gen9championsvgc2026regmcbo3,1630,Meganium-Mega,Talonflame,15.862
2026-09-30,M-C,gen9championsvgc2026regmcbo3,1630,Meganium-Mega,Archaludon,15.655
2026-09-30,M-C,gen9championsvgc2026regmcbo3,1630,Toxtricity,Rillaboom,34.893
2026-09-30,M-C,gen9championsvgc2026regmcbo3,1630,Toxtricity,Incineroar,27.577
2026-09-30,M-C,gen9championsvgc2026regmcbo3,1630,Toxtricity,Garchomp,24.541
2026-09-30,M-C,gen9championsvgc2026regmcbo3,1630,Toxtricity,Charizard-Mega-Y,21.952
2026-09-30,M-C,gen9championsvgc2026regmcbo3,1630,Toxtricity,Kingambit,17.392
2026-09-30,M-C,gen9championsvgc2026regmcbo3,1630,Toxtricity,Pelipper,16.85
2026-09-30,M-C,gen9championsvgc2026regmcbo3,1630,Toxtricity,Grimmsnarl,16.665
2026-09-30,M-C,gen9championsvgc2026regmcbo3,1630,Toxtricity,Salamence-Mega,16.601
2026-09-30,M-C,gen9championsvgc2026regmcbo3,1630,Toxtricity,Archaludon,16.411
2026-09-30,M-C,gen9championsvgc2026regmcbo3,1630,Toxtricity,Farigiraf,16.343
2026-09-30,M-C,gen9championsvgc2026regmcbo3,1630,Weavile,Golisopod-Mega,34.459
2026-09-30,M-C,gen9championsvgc2026regmcbo3,1630,Weavile,Pelipper,33.609
2026-09-30,M-C,gen9championsvgc2026regmcbo3,1630,Weavile,Archaludon,32.7
2026-09-30,M-C,gen9championsvgc2026regmcbo3,1630,Weavile,Glimmora-Mega,31.0
2026-09-30,M-C,gen9championsvgc2026regmcbo3,1630,Weavile,Rillaboom,27.389
2026-09-30,M-C,gen9championsvgc2026regmcbo3,1630,Weavile,Grimmsnarl,26.23
2026-09-30,M-C,gen9championsvgc2026regmcbo3,1630,Weavile,Salamence-Mega,23.579
2026-09-30,M-C,gen9championsvgc2026regmcbo3,1630,Weavile,Garchomp,15.321
2026-09-30,M-C,gen9championsvgc2026regmcbo3,1630,Weavile,Basculegion,14.363
2026-09-30,M-C,gen9championsvgc2026regmcbo3,1630,Weavile,Gholdengo,12.159
2026-09-30,M-C,gen9championsvgc2026regmcbo3,1630,Tinkaton,Rillaboom,83.387
2026-09-30,M-C,gen9championsvgc2026regmcbo3,1630,Tinkaton,Incineroar,74.464
2026-09-30,M-C,gen9championsvgc2026regmcbo3,1630,Tinkaton,Gengar-Mega,73.231
2026-09-30,M-C,gen9championsvgc2026regmcbo3,1630,Tinkaton,Pawmot,45.548
2026-09-30,M-C,gen9championsvgc2026regmcbo3,1630,Tinkaton,Ninetales-Alola,24.93
2026-09-30,M-C,gen9championsvgc2026regmcbo3,1630,Tinkaton,Politoed,14.115
2026-09-30,M-C,gen9championsvgc2026regmcbo3,1630,Tinkaton,Maushold,14.111
2026-09-30,M-C,gen9championsvgc2026regmcbo3,1630,Tinkaton,Kommo-o,13.613
2026-09-30,M-C,gen9championsvgc2026regmcbo3,1630,Tinkaton,Snorlax,9.247
2026-09-30,M-C,gen9championsvgc2026regmcbo3,1630,Tinkaton,Swampert,8.544
2026-09-30,M-C,gen9championsvgc2026regmcbo3,1630,Scrafty,Gengar-Mega,82.95
2026-09-30,M-C,gen9championsvgc2026regmcbo3,1630,Scrafty,Rillaboom,82.022
2026-09-30,M-C,gen9championsvgc2026regmcbo3,1630,Scrafty,Incineroar,78.883
2026-09-30,M-C,gen9championsvgc2026regmcbo3,1630,Scrafty,Snorlax,74.26
2026-09-30,M-C,gen9championsvgc2026regmcbo3,1630,Scrafty,Dragonite,72.929
2026-09-30,M-C,gen9championsvgc2026regmcbo3,1630,Scrafty,Politoed,5.637
2026-09-30,M-C,gen9championsvgc2026regmcbo3,1630,Scrafty,Farigiraf,4.529
2026-09-30,M-C,gen9championsvgc2026regmcbo3,1630,Scrafty,Archaludon,4.118
2026-09-30,M-C,gen9championsvgc2026regmcbo3,1630,Scrafty,Tinkaton,2.924
2026-09-30,M-C,gen9championsvgc2026regmcbo3,1630,Scrafty,Torkoal,2.836
2026-09-30,M-C,gen9championsvgc2026regmcbo3,1630,Gliscor,Incineroar,45.485
2026-09-30,M-C,gen9championsvgc2026regmcbo3,1630,Gliscor,Rillaboom,43.734
2026-09-30,M-C,gen9championsvgc2026regmcbo3,1630,Gliscor,Kingambit,36.383
2026-09-30,M-C,gen9championsvgc2026regmcbo3,1630,Gliscor,Sneasler,33.317
2026-09-30,M-C,gen9championsvgc2026regmcbo3,1630,Gliscor,Toxapex,22.139
2026-09-30,M-C,gen9championsvgc2026regmcbo3,1630,Gliscor,Altaria-Mega,21.717
2026-09-30,M-C,gen9championsvgc2026regmcbo3,1630,Gliscor,Archaludon,18.929
2026-09-30,M-C,gen9championsvgc2026regmcbo3,1630,Gliscor,Froslass-Mega,16.937
2026-09-30,M-C,gen9championsvgc2026regmcbo3,1630,Gliscor,Indeedee-F,16.884
2026-09-30,M-C,gen9championsvgc2026regmcbo3,1630,Gliscor,Pelipper,14.697
2026-09-30,M-C,gen9championsvgc2026regmcbo3,1630,Goodra-Hisui,Rillaboom,79.446
2026-09-30,M-C,gen9championsvgc2026regmcbo3,1630,Goodra-Hisui,Incineroar,76.591
2026-09-30,M-C,gen9championsvgc2026regmcbo3,1630,Goodra-Hisui,Floette-Mega,70.763
2026-09-30,M-C,gen9championsvgc2026regmcbo3,1630,Goodra-Hisui,Absol-Mega-Z,59.553
2026-09-30,M-C,gen9championsvgc2026regmcbo3,1630,Goodra-Hisui,Espathra,54.159
2026-09-30,M-C,gen9championsvgc2026regmcbo3,1630,Goodra-Hisui,Basculegion,22.767
2026-09-30,M-C,gen9championsvgc2026regmcbo3,1630,Goodra-Hisui,Indeedee-F,8.245
2026-09-30,M-C,gen9championsvgc2026regmcbo3,1630,Goodra-Hisui,Pyroar-Mega,7.589
2026-09-30,M-C,gen9championsvgc2026regmcbo3,1630,Goodra-Hisui,Gengar-Mega,4.944
2026-09-30,M-C,gen9championsvgc2026regmcbo3,1630,Goodra-Hisui,Charizard-Mega-Y,4.612
2026-09-30,M-C,gen9championsvgc2026regmcbo3,1630,Staraptor,Farigiraf,70.847
2026-09-30,M-C,gen9championsvgc2026regmcbo3,1630,Staraptor,Golisopod-Mega,60.87
2026-09-30,M-C,gen9championsvgc2026regmcbo3,1630,Staraptor,Camerupt-Mega,47.351
2026-09-30,M-C,gen9championsvgc2026regmcbo3,1630,Staraptor,Kangaskhan,39.827
2026-09-30,M-C,gen9championsvgc2026regmcbo3,1630,Staraptor,Annihilape,34.454
2026-09-30,M-C,gen9championsvgc2026regmcbo3,1630,Staraptor,Politoed,22.198
2026-09-30,M-C,gen9championsvgc2026regmcbo3,1630,Staraptor,Pawmot,21.958
2026-09-30,M-C,gen9championsvgc2026regmcbo3,1630,Staraptor,Kingambit,19.807
2026-09-30,M-C,gen9championsvgc2026regmcbo3,1630,Staraptor,Indeedee-F,15.026
2026-09-30,M-C,gen9championsvgc2026regmcbo3,1630,Staraptor,Torkoal,8.999
2026-09-30,M-C,gen9championsvgc2026regmcbo3,1630,Mudsdale,Farigiraf,62.053
2026-09-30,M-C,gen9championsvgc2026regmcbo3,1630,Mudsdale,Incineroar,60.845
2026-09-30,M-C,gen9championsvgc2026regmcbo3,1630,Mudsdale,Torkoal,30.585
2026-09-30,M-C,gen9championsvgc2026regmcbo3,1630,Mudsdale,Sylveon,27.928
2026-09-30,M-C,gen9championsvgc2026regmcbo3,1630,Mudsdale,Indeedee-F,25.319
2026-09-30,M-C,gen9championsvgc2026regmcbo3,1630,Mudsdale,Dragonite-Mega,24.972
2026-09-30,M-C,gen9championsvgc2026regmcbo3,1630,Mudsdale,Golisopod-Mega,24.263
2026-09-30,M-C,gen9championsvgc2026regmcbo3,1630,Mudsdale,Basculegion,18.284
2026-09-30,M-C,gen9championsvgc2026regmcbo3,1630,Mudsdale,Sirfetch'd,15.557
2026-09-30,M-C,gen9championsvgc2026regmcbo3,1630,Mudsdale,Camerupt-Mega,12.635
2026-09-30,M-C,gen9championsvgc2026regmcbo3,1630,Alakazam-Mega,Indeedee-F,79.039
2026-09-30,M-C,gen9championsvgc2026regmcbo3,1630,Alakazam-Mega,Sneasler,60.447
2026-09-30,M-C,gen9championsvgc2026regmcbo3,1630,Alakazam-Mega,Kingambit,35.478
2026-09-30,M-C,gen9championsvgc2026regmcbo3,1630,Alakazam-Mega,Torkoal,24.605
2026-09-30,M-C,gen9championsvgc2026regmcbo3,1630,Alakazam-Mega,Incineroar,22.813
2026-09-30,M-C,gen9championsvgc2026regmcbo3,1630,Alakazam-Mega,Basculegion,12.089
2026-09-30,M-C,gen9championsvgc2026regmcbo3,1630,Alakazam-Mega,Armarouge,11.758
2026-09-30,M-C,gen9championsvgc2026regmcbo3,1630,Alakazam-Mega,Whimsicott,8.59
2026-09-30,M-C,gen9championsvgc2026regmcbo3,1630,Alakazam-Mega,Golisopod-Mega,7.591
2026-09-30,M-C,gen9championsvgc2026regmcbo3,1630,Alakazam-Mega,Annihilape,7.56
2026-09-30,M-C,gen9championsvgc2026regmcbo3,1630,Palafin,Rillaboom,75.836
2026-09-30,M-C,gen9championsvgc2026regmcbo3,1630,Palafin,Incineroar,66.61
2026-09-30,M-C,gen9championsvgc2026regmcbo3,1630,Palafin,Salamence-Mega,36.561
2026-09-30,M-C,gen9championsvgc2026regmcbo3,1630,Palafin,Gengar-Mega,22.601
2026-09-30,M-C,gen9championsvgc2026regmcbo3,1630,Palafin,Floette-Mega,20.068
2026-09-30,M-C,gen9championsvgc2026regmcbo3,1630,Palafin,Garchomp-Mega-Z,19.861
2026-09-30,M-C,gen9championsvgc2026regmcbo3,1630,Palafin,Sneasler,19.835
2026-09-30,M-C,gen9championsvgc2026regmcbo3,1630,Palafin,Kingambit,18.688
2026-09-30,M-C,gen9championsvgc2026regmcbo3,1630,Palafin,Annihilape,15.771
2026-09-30,M-C,gen9championsvgc2026regmcbo3,1630,Palafin,Volcarona,14.322
2026-09-30,M-C,gen9championsvgc2026regmcbo3,1630,Vileplume,Torkoal,88.125
2026-09-30,M-C,gen9championsvgc2026regmcbo3,1630,Vileplume,Farigiraf,55.138
2026-09-30,M-C,gen9championsvgc2026regmcbo3,1630,Vileplume,Mawile-Mega,41.699
2026-09-30,M-C,gen9championsvgc2026regmcbo3,1630,Vileplume,Indeedee-F,37.857
2026-09-30,M-C,gen9championsvgc2026regmcbo3,1630,Vileplume,Kangaskhan,32.386
2026-09-30,M-C,gen9championsvgc2026regmcbo3,1630,Vileplume,Houndoom-Mega,28.397
2026-09-30,M-C,gen9championsvgc2026regmcbo3,1630,Vileplume,Hatterene,19.565
2026-09-30,M-C,gen9championsvgc2026regmcbo3,1630,Vileplume,Gardevoir-Mega,13.234
2026-09-30,M-C,gen9championsvgc2026regmcbo3,1630,Vileplume,Kingambit,11.612
2026-09-30,M-C,gen9championsvgc2026regmcbo3,1630,Vileplume,Incineroar,10.838
2026-09-30,M-C,gen9championsvgc2026regmcbo3,1630,Arcanine,Rillaboom,79.164
2026-09-30,M-C,gen9championsvgc2026regmcbo3,1630,Arcanine,Raichu-Mega-Y,76.687
2026-09-30,M-C,gen9championsvgc2026regmcbo3,1630,Arcanine,Gholdengo,46.593
2026-09-30,M-C,gen9championsvgc2026regmcbo3,1630,Arcanine,Primarina,45.578
2026-09-30,M-C,gen9championsvgc2026regmcbo3,1630,Arcanine,Garchomp-Mega-Z,44.138
2026-09-30,M-C,gen9championsvgc2026regmcbo3,1630,Arcanine,Sneasler,28.63
2026-09-30,M-C,gen9championsvgc2026regmcbo3,1630,Arcanine,Kingambit,25.418
2026-09-30,M-C,gen9championsvgc2026regmcbo3,1630,Arcanine,Baxcalibur-Mega,23.105
2026-09-30,M-C,gen9championsvgc2026regmcbo3,1630,Arcanine,Milotic,14.717
2026-09-30,M-C,gen9championsvgc2026regmcbo3,1630,Arcanine,Metagross-Mega,11.247
2026-09-30,M-C,gen9championsvgc2026regmcbo3,1630,Raichu,Rillaboom,64.284
2026-09-30,M-C,gen9championsvgc2026regmcbo3,1630,Raichu,Incineroar,62.731
2026-09-30,M-C,gen9championsvgc2026regmcbo3,1630,Raichu,Gengar-Mega,55.515
2026-09-30,M-C,gen9championsvgc2026regmcbo3,1630,Raichu,Politoed,51.498
2026-09-30,M-C,gen9championsvgc2026regmcbo3,1630,Raichu,Floette-Mega,28.835
2026-09-30,M-C,gen9championsvgc2026regmcbo3,1630,Raichu,Staraptor-Mega,20.685
2026-09-30,M-C,gen9championsvgc2026regmcbo3,1630,Raichu,Kingambit,17.624
2026-09-30,M-C,gen9championsvgc2026regmcbo3,1630,Raichu,Indeedee-F,16.551
2026-09-30,M-C,gen9championsvgc2026regmcbo3,1630,Raichu,Espathra,14.333
2026-09-30,M-C,gen9championsvgc2026regmcbo3,1630,Raichu,Archaludon,12.924
2026-09-30,M-C,gen9championsvgc2026regmcbo3,1630,Samurott-Hisui,Gholdengo,43.231
2026-09-30,M-C,gen9championsvgc2026regmcbo3,1630,Samurott-Hisui,Sneasler,35.795
2026-09-30,M-C,gen9championsvgc2026regmcbo3,1630,Samurott-Hisui,Rillaboom,32.388
2026-09-30,M-C,gen9championsvgc2026regmcbo3,1630,Samurott-Hisui,Salamence-Mega,30.893
2026-09-30,M-C,gen9championsvgc2026regmcbo3,1630,Samurott-Hisui,Whimsicott,25.014
2026-09-30,M-C,gen9championsvgc2026regmcbo3,1630,Samurott-Hisui,Metagross-Mega,21.654
2026-09-30,M-C,gen9championsvgc2026regmcbo3,1630,Samurott-Hisui,Incineroar,18.276
2026-09-30,M-C,gen9championsvgc2026regmcbo3,1630,Samurott-Hisui,Farigiraf,17.323
2026-09-30,M-C,gen9championsvgc2026regmcbo3,1630,Samurott-Hisui,Garchomp-Mega-Z,13.057
2026-09-30,M-C,gen9championsvgc2026regmcbo3,1630,Samurott-Hisui,Indeedee-F,13.055
2026-09-30,M-C,gen9championsvgc2026regmcbo3,1630,Rhyperior,Farigiraf,82.197
2026-09-30,M-C,gen9championsvgc2026regmcbo3,1630,Rhyperior,Incineroar,68.648
2026-09-30,M-C,gen9championsvgc2026regmcbo3,1630,Rhyperior,Charizard-Mega-Y,67.387
2026-09-30,M-C,gen9championsvgc2026regmcbo3,1630,Rhyperior,Venusaur,51.911
2026-09-30,M-C,gen9championsvgc2026regmcbo3,1630,Rhyperior,Sylveon,39.961
2026-09-30,M-C,gen9championsvgc2026regmcbo3,1630,Rhyperior,Sneasler,15.354
2026-09-30,M-C,gen9championsvgc2026regmcbo3,1630,Rhyperior,Rillaboom,14.834
2026-09-30,M-C,gen9championsvgc2026regmcbo3,1630,Rhyperior,Salamence-Mega,9.817
2026-09-30,M-C,gen9championsvgc2026regmcbo3,1630,Rhyperior,Sinistcha,8.958
2026-09-30,M-C,gen9championsvgc2026regmcbo3,1630,Rhyperior,Golisopod-Mega,8.866
2026-09-30,M-C,gen9championsvgc2026regmcbo3,1630,Crabominable-Mega,Indeedee-F,65.066
2026-09-30,M-C,gen9championsvgc2026regmcbo3,1630,Crabominable-Mega,Hatterene,56.378
2026-09-30,M-C,gen9championsvgc2026regmcbo3,1630,Crabominable-Mega,Camerupt-Mega,44.718
2026-09-30,M-C,gen9championsvgc2026regmcbo3,1630,Crabominable-Mega,Farigiraf,38.173
2026-09-30,M-C,gen9championsvgc2026regmcbo3,1630,Crabominable-Mega,Armarouge,38.049
2026-09-30,M-C,gen9championsvgc2026regmcbo3,1630,Crabominable-Mega,Kingambit,29.598
2026-09-30,M-C,gen9championsvgc2026regmcbo3,1630,Crabominable-Mega,Gallade,28.863
2026-09-30,M-C,gen9championsvgc2026regmcbo3,1630,Crabominable-Mega,Torkoal,22.33
2026-09-30,M-C,gen9championsvgc2026regmcbo3,1630,Crabominable-Mega,Incineroar,16.196
2026-09-30,M-C,gen9championsvgc2026regmcbo3,1630,Crabominable-Mega,Sylveon,11.879
2026-09-30,M-C,gen9championsvgc2026regmcbo3,1630,Altaria-Mega,Rillaboom,85.712
2026-09-30,M-C,gen9championsvgc2026regmcbo3,1630,Altaria-Mega,Incineroar,82.616
2026-09-30,M-C,gen9championsvgc2026regmcbo3,1630,Altaria-Mega,Kingambit,81.246
2026-09-30,M-C,gen9championsvgc2026regmcbo3,1630,Altaria-Mega,Sneasler,48.534
2026-09-30,M-C,gen9championsvgc2026regmcbo3,1630,Altaria-Mega,Gengar-Mega,40.224
2026-09-30,M-C,gen9championsvgc2026regmcbo3,1630,Altaria-Mega,Toxapex,36.366
2026-09-30,M-C,gen9championsvgc2026regmcbo3,1630,Altaria-Mega,Gliscor,34.137
2026-09-30,M-C,gen9championsvgc2026regmcbo3,1630,Altaria-Mega,Gholdengo,4.3
2026-09-30,M-C,gen9championsvgc2026regmcbo3,1630,Altaria-Mega,Raichu-Mega-Y,4.045
2026-09-30,M-C,gen9championsvgc2026regmcbo3,1630,Altaria-Mega,Volcarona,3.724
2026-09-30,M-C,gen9championsvgc2026regmcbo3,1630,Gyarados-Mega,Sneasler,41.706
2026-09-30,M-C,gen9championsvgc2026regmcbo3,1630,Gyarados-Mega,Sinistcha,28.312
2026-09-30,M-C,gen9championsvgc2026regmcbo3,1630,Gyarados-Mega,Rillaboom,25.153
2026-09-30,M-C,gen9championsvgc2026regmcbo3,1630,Gyarados-Mega,Gholdengo,23.974
2026-09-30,M-C,gen9championsvgc2026regmcbo3,1630,Gyarados-Mega,Garchomp,21.261
2026-09-30,M-C,gen9championsvgc2026regmcbo3,1630,Gyarados-Mega,Incineroar,15.645
2026-09-30,M-C,gen9championsvgc2026regmcbo3,1630,Gyarados-Mega,Metagross-Mega,15.046
2026-09-30,M-C,gen9championsvgc2026regmcbo3,1630,Gyarados-Mega,Raichu-Mega-Y,14.601
2026-09-30,M-C,gen9championsvgc2026regmcbo3,1630,Gyarados-Mega,Indeedee-F,14.101
2026-09-30,M-C,gen9championsvgc2026regmcbo3,1630,Gyarados-Mega,Ninetales-Alola,13.426
2026-09-30,M-C,gen9championsvgc2026regmcbo3,1630,Charizard-Mega-X,Rillaboom,74.683
2026-09-30,M-C,gen9championsvgc2026regmcbo3,1630,Charizard-Mega-X,Incineroar,46.067
2026-09-30,M-C,gen9championsvgc2026regmcbo3,1630,Charizard-Mega-X,Milotic,40.733
2026-09-30,M-C,gen9championsvgc2026regmcbo3,1630,Charizard-Mega-X,Sneasler,31.31
2026-09-30,M-C,gen9championsvgc2026regmcbo3,1630,Charizard-Mega-X,Kingambit,24.69
2026-09-30,M-C,gen9championsvgc2026regmcbo3,1630,Charizard-Mega-X,Sylveon,21.339
2026-09-30,M-C,gen9championsvgc2026regmcbo3,1630,Charizard-Mega-X,Floette-Mega,19.258
2026-09-30,M-C,gen9championsvgc2026regmcbo3,1630,Charizard-Mega-X,Ninetales-Alola,15.689
2026-09-30,M-C,gen9championsvgc2026regmcbo3,1630,Charizard-Mega-X,Golisopod-Mega,14.632
2026-09-30,M-C,gen9championsvgc2026regmcbo3,1630,Charizard-Mega-X,Froslass-Mega,13.312
2026-09-30,M-C,gen9championsvgc2026regmcbo3,1630,Abomasnow-Mega,Camerupt-Mega,70.327
2026-09-30,M-C,gen9championsvgc2026regmcbo3,1630,Abomasnow-Mega,Farigiraf,61.276
2026-09-30,M-C,gen9championsvgc2026regmcbo3,1630,Abomasnow-Mega,Indeedee-F,48.034
2026-09-30,M-C,gen9championsvgc2026regmcbo3,1630,Abomasnow-Mega,Incineroar,47.832
2026-09-30,M-C,gen9championsvgc2026regmcbo3,1630,Abomasnow-Mega,Kingambit,27.374
2026-09-30,M-C,gen9championsvgc2026regmcbo3,1630,Abomasnow-Mega,Maushold,25.822
2026-09-30,M-C,gen9championsvgc2026regmcbo3,1630,Abomasnow-Mega,Primarina,20.792
2026-09-30,M-C,gen9championsvgc2026regmcbo3,1630,Abomasnow-Mega,Sneasler,19.995
2026-09-30,M-C,gen9championsvgc2026regmcbo3,1630,Abomasnow-Mega,Hatterene,16.552
2026-09-30,M-C,gen9championsvgc2026regmcbo3,1630,Abomasnow-Mega,Armarouge,13.087
2026-09-30,M-C,gen9championsvgc2026regmcbo3,1630,Greninja-Mega,Sneasler,71.925
2026-09-30,M-C,gen9championsvgc2026regmcbo3,1630,Greninja-Mega,Indeedee,60.897
2026-09-30,M-C,gen9championsvgc2026regmcbo3,1630,Greninja-Mega,Charizard-Mega-Y,59.981
2026-09-30,M-C,gen9championsvgc2026regmcbo3,1630,Greninja-Mega,Annihilape,59.631
2026-09-30,M-C,gen9championsvgc2026regmcbo3,1630,Greninja-Mega,Venusaur,59.463
2026-09-30,M-C,gen9championsvgc2026regmcbo3,1630,Greninja-Mega,Pelipper,10.639
2026-09-30,M-C,gen9championsvgc2026regmcbo3,1630,Greninja-Mega,Incineroar,8.887
2026-09-30,M-C,gen9championsvgc2026regmcbo3,1630,Greninja-Mega,Rillaboom,8.451
2026-09-30,M-C,gen9championsvgc2026regmcbo3,1630,Greninja-Mega,Archaludon,7.963
2026-09-30,M-C,gen9championsvgc2026regmcbo3,1630,Greninja-Mega,Tsareena,6.319
2026-09-30,M-C,gen9championsvgc2026regmcbo3,1630,Meowscarada,Indeedee-F,40.404
2026-09-30,M-C,gen9championsvgc2026regmcbo3,1630,Meowscarada,Armarouge,27.723
2026-09-30,M-C,gen9championsvgc2026regmcbo3,1630,Meowscarada,Indeedee,27.132
2026-09-30,M-C,gen9championsvgc2026regmcbo3,1630,Meowscarada,Raichu-Mega-Y,26.528
2026-09-30,M-C,gen9championsvgc2026regmcbo3,1630,Meowscarada,Sneasler,23.153
2026-09-30,M-C,gen9championsvgc2026regmcbo3,1630,Meowscarada,Basculegion,18.544
2026-09-30,M-C,gen9championsvgc2026regmcbo3,1630,Meowscarada,Salamence-Mega,17.35
2026-09-30,M-C,gen9championsvgc2026regmcbo3,1630,Meowscarada,Milotic,15.425
2026-09-30,M-C,gen9championsvgc2026regmcbo3,1630,Meowscarada,Metagross-Mega,14.867
2026-09-30,M-C,gen9championsvgc2026regmcbo3,1630,Meowscarada,Staraptor-Mega,14.628
2026-09-30,M-C,gen9championsvgc2026regmcbo3,1630,Azumarill,Rillaboom,80.524
2026-09-30,M-C,gen9championsvgc2026regmcbo3,1630,Azumarill,Salamence-Mega,62.911
2026-09-30,M-C,gen9championsvgc2026regmcbo3,1630,Azumarill,Raichu-Mega-Y,62.482
2026-09-30,M-C,gen9championsvgc2026regmcbo3,1630,Azumarill,Arcanine-Hisui,56.889
2026-09-30,M-C,gen9championsvgc2026regmcbo3,1630,Azumarill,Gholdengo,48.094
2026-09-30,M-C,gen9championsvgc2026regmcbo3,1630,Azumarill,Incineroar,18.138
2026-09-30,M-C,gen9championsvgc2026regmcbo3,1630,Azumarill,Kingambit,17.255
2026-09-30,M-C,gen9championsvgc2026regmcbo3,1630,Azumarill,Gengar-Mega,12.16
2026-09-30,M-C,gen9championsvgc2026regmcbo3,1630,Azumarill,Kommo-o,11.358
2026-09-30,M-C,gen9championsvgc2026regmcbo3,1630,Azumarill,Farigiraf,10.01
2026-09-30,M-C,gen9championsvgc2026regmcbo3,1630,Zoroark-Hisui,Kingambit,36.428
2026-09-30,M-C,gen9championsvgc2026regmcbo3,1630,Zoroark-Hisui,Glimmora-Mega,34.896
2026-09-30,M-C,gen9championsvgc2026regmcbo3,1630,Zoroark-Hisui,Incineroar,30.192
2026-09-30,M-C,gen9championsvgc2026regmcbo3,1630,Zoroark-Hisui,Gholdengo,28.648
2026-09-30,M-C,gen9championsvgc2026regmcbo3,1630,Zoroark-Hisui,Corviknight,27.394
2026-09-30,M-C,gen9championsvgc2026regmcbo3,1630,Zoroark-Hisui,Garchomp,26.81
2026-09-30,M-C,gen9championsvgc2026regmcbo3,1630,Zoroark-Hisui,Whimsicott,25.249
2026-09-30,M-C,gen9championsvgc2026regmcbo3,1630,Zoroark-Hisui,Floette-Mega,25.111
2026-09-30,M-C,gen9championsvgc2026regmcbo3,1630,Zoroark-Hisui,Rillaboom,23.726
2026-09-30,M-C,gen9championsvgc2026regmcbo3,1630,Zoroark-Hisui,Rotom-Wash,22.676
2026-09-30,M-C,gen9championsvgc2026regmcbo3,1630,Aggron-Mega,Rillaboom,70.161
2026-09-30,M-C,gen9championsvgc2026regmcbo3,1630,Aggron-Mega,Incineroar,70.058
2026-09-30,M-C,gen9championsvgc2026regmcbo3,1630,Aggron-Mega,Hydreigon,50.548
2026-09-30,M-C,gen9championsvgc2026regmcbo3,1630,Aggron-Mega,Basculegion,26.727
2026-09-30,M-C,gen9championsvgc2026regmcbo3,1630,Aggron-Mega,Aerodactyl-Mega,22.636
2026-09-30,M-C,gen9championsvgc2026regmcbo3,1630,Aggron-Mega,Blaziken-Mega,20.005
2026-09-30,M-C,gen9championsvgc2026regmcbo3,1630,Aggron-Mega,Volcarona,19.394
2026-09-30,M-C,gen9championsvgc2026regmcbo3,1630,Aggron-Mega,Slowking,18.661
2026-09-30,M-C,gen9championsvgc2026regmcbo3,1630,Aggron-Mega,Sinistcha,18.013
2026-09-30,M-C,gen9championsvgc2026regmcbo3,1630,Aggron-Mega,Farigiraf,15.631
2026-09-30,M-C,gen9championsvgc2026regmcbo3,1630,Lucario-Mega,Indeedee-F,44.207
2026-09-30,M-C,gen9championsvgc2026regmcbo3,1630,Lucario-Mega,Pelipper,43.333
2026-09-30,M-C,gen9championsvgc2026regmcbo3,1630,Lucario-Mega,Gholdengo,38.402
2026-09-30,M-C,gen9championsvgc2026regmcbo3,1630,Lucario-Mega,Archaludon,37.55
2026-09-30,M-C,gen9championsvgc2026regmcbo3,1630,Lucario-Mega,Grimmsnarl,37.035
2026-09-30,M-C,gen9championsvgc2026regmcbo3,1630,Lucario-Mega,Farigiraf,32.754
2026-09-30,M-C,gen9championsvgc2026regmcbo3,1630,Lucario-Mega,Incineroar,32.43
2026-09-30,M-C,gen9championsvgc2026regmcbo3,1630,Lucario-Mega,Hatterene,31.042
2026-09-30,M-C,gen9championsvgc2026regmcbo3,1630,Lucario-Mega,Torkoal,27.475
2026-09-30,M-C,gen9championsvgc2026regmcbo3,1630,Lucario-Mega,Grapploct,25.015
2026-09-30,M-C,gen9championsvgc2026regmcbo3,1630,Mimikyu,Rillaboom,37.802
2026-09-30,M-C,gen9championsvgc2026regmcbo3,1630,Mimikyu,Tyranitar-Mega,32.735
2026-09-30,M-C,gen9championsvgc2026regmcbo3,1630,Mimikyu,Corviknight,31.635
2026-09-30,M-C,gen9championsvgc2026regmcbo3,1630,Mimikyu,Rotom-Wash,30.219
2026-09-30,M-C,gen9championsvgc2026regmcbo3,1630,Mimikyu,Garchomp,27.135
2026-09-30,M-C,gen9championsvgc2026regmcbo3,1630,Mimikyu,Salamence-Mega,26.721
2026-09-30,M-C,gen9championsvgc2026regmcbo3,1630,Mimikyu,Scovillain-Mega,26.343
2026-09-30,M-C,gen9championsvgc2026regmcbo3,1630,Mimikyu,Garchomp-Mega-Z,23.88
2026-09-30,M-C,gen9championsvgc2026regmcbo3,1630,Mimikyu,Gholdengo,20.833
2026-09-30,M-C,gen9championsvgc2026regmcbo3,1630,Mimikyu,Incineroar,18.98
2026-09-30,M-C,gen9championsvgc2026regmcbo3,1630,Ninetales,Indeedee-F,66.412
2026-09-30,M-C,gen9championsvgc2026regmcbo3,1630,Ninetales,Pyroar-Mega,45.219
2026-09-30,M-C,gen9championsvgc2026regmcbo3,1630,Ninetales,Basculegion,40.987
2026-09-30,M-C,gen9championsvgc2026regmcbo3,1630,Ninetales,Whimsicott,40.497
2026-09-30,M-C,gen9championsvgc2026regmcbo3,1630,Ninetales,Gardevoir-Mega,35.259
2026-09-30,M-C,gen9championsvgc2026regmcbo3,1630,Ninetales,Sneasler,29.361
2026-09-30,M-C,gen9championsvgc2026regmcbo3,1630,Ninetales,Kingambit,15.115
2026-09-30,M-C,gen9championsvgc2026regmcbo3,1630,Ninetales,Meowstic-F-Mega,11.195
2026-09-30,M-C,gen9championsvgc2026regmcbo3,1630,Ninetales,Farigiraf,10.673
2026-09-30,M-C,gen9championsvgc2026regmcbo3,1630,Ninetales,Incineroar,10.275
2026-09-30,M-C,gen9championsvgc2026regmcbo3,1630,Basculegion-F,Pelipper,81.771
2026-09-30,M-C,gen9championsvgc2026regmcbo3,1630,Basculegion-F,Golisopod-Mega,70.795
2026-09-30,M-C,gen9championsvgc2026regmcbo3,1630,Basculegion-F,Tsareena,42.578
2026-09-30,M-C,gen9championsvgc2026regmcbo3,1630,Basculegion-F,Incineroar,32.203
2026-09-30,M-C,gen9championsvgc2026regmcbo3,1630,Basculegion-F,Gardevoir-Mega,29.771
2026-09-30,M-C,gen9championsvgc2026regmcbo3,1630,Basculegion-F,Sneasler,24.532
2026-09-30,M-C,gen9championsvgc2026regmcbo3,1630,Basculegion-F,Archaludon,23.683
2026-09-30,M-C,gen9championsvgc2026regmcbo3,1630,Basculegion-F,Swampert-Mega,13.383
2026-09-30,M-C,gen9championsvgc2026regmcbo3,1630,Basculegion-F,Rillaboom,12.935
2026-09-30,M-C,gen9championsvgc2026regmcbo3,1630,Basculegion-F,Indeedee-F,10.317
2026-09-30,M-C,gen9championsvgc2026regmcbo3,1630,Steelix-Mega,Tyranitar,39.319
2026-09-30,M-C,gen9championsvgc2026regmcbo3,1630,Steelix-Mega,Tyranitar-Mega,39.314
2026-09-30,M-C,gen9championsvgc2026regmcbo3,1630,Steelix-Mega,Sinistcha,34.237
2026-09-30,M-C,gen9championsvgc2026regmcbo3,1630,Steelix-Mega,Farigiraf,30.961
2026-09-30,M-C,gen9championsvgc2026regmcbo3,1630,Steelix-Mega,Sneasler,30.885
2026-09-30,M-C,gen9championsvgc2026regmcbo3,1630,Steelix-Mega,Incineroar,25.29
2026-09-30,M-C,gen9championsvgc2026regmcbo3,1630,Steelix-Mega,Indeedee-F,22.206
2026-09-30,M-C,gen9championsvgc2026regmcbo3,1630,Steelix-Mega,Rillaboom,19.444
2026-09-30,M-C,gen9championsvgc2026regmcbo3,1630,Steelix-Mega,Milotic,19.387
2026-09-30,M-C,gen9championsvgc2026regmcbo3,1630,Steelix-Mega,Armarouge,10.503
2026-09-30,M-C,gen9championsvgc2026regmcbo3,1630,Pidgeot-Mega,Kommo-o,81.241
2026-09-30,M-C,gen9championsvgc2026regmcbo3,1630,Pidgeot-Mega,Excadrill,79.031
2026-09-30,M-C,gen9championsvgc2026regmcbo3,1630,Pidgeot-Mega,Tyranitar-Mega,48.656
2026-09-30,M-C,gen9championsvgc2026regmcbo3,1630,Pidgeot-Mega,Aegislash,48.51
2026-09-30,M-C,gen9championsvgc2026regmcbo3,1630,Pidgeot-Mega,Tsareena,41.274
2026-09-30,M-C,gen9championsvgc2026regmcbo3,1630,Pidgeot-Mega,Indeedee-F,31.79
2026-09-30,M-C,gen9championsvgc2026regmcbo3,1630,Pidgeot-Mega,Gardevoir-Mega,30.959
2026-09-30,M-C,gen9championsvgc2026regmcbo3,1630,Pidgeot-Mega,Tyranitar,30.897
2026-09-30,M-C,gen9championsvgc2026regmcbo3,1630,Pidgeot-Mega,Raichu-Mega-Y,6.894
2026-09-30,M-C,gen9championsvgc2026regmcbo3,1630,Pidgeot-Mega,Rotom-Wash,6.882
2026-09-30,M-C,gen9championsvgc2026regmcbo3,1630,Houndoom-Mega,Torkoal,84.689
2026-09-30,M-C,gen9championsvgc2026regmcbo3,1630,Houndoom-Mega,Mawile-Mega,64.679
2026-09-30,M-C,gen9championsvgc2026regmcbo3,1630,Houndoom-Mega,Farigiraf,57.156
2026-09-30,M-C,gen9championsvgc2026regmcbo3,1630,Houndoom-Mega,Vileplume,56.985
2026-09-30,M-C,gen9championsvgc2026regmcbo3,1630,Houndoom-Mega,Kangaskhan,55.028
2026-09-30,M-C,gen9championsvgc2026regmcbo3,1630,Houndoom-Mega,Indeedee-F,30.652
2026-09-30,M-C,gen9championsvgc2026regmcbo3,1630,Houndoom-Mega,Gardevoir-Mega,13.719
2026-09-30,M-C,gen9championsvgc2026regmcbo3,1630,Houndoom-Mega,Whimsicott,13.336
2026-09-30,M-C,gen9championsvgc2026regmcbo3,1630,Houndoom-Mega,Sneasler,11.756
2026-09-30,M-C,gen9championsvgc2026regmcbo3,1630,Houndoom-Mega,Hatterene,9.59
2026-09-30,M-C,gen9championsvgc2026regmcbo3,1630,Delphox,Indeedee-F,63.943
2026-09-30,M-C,gen9championsvgc2026regmcbo3,1630,Delphox,Sneasler,47.586
2026-09-30,M-C,gen9championsvgc2026regmcbo3,1630,Delphox,Annihilape,27.931
2026-09-30,M-C,gen9championsvgc2026regmcbo3,1630,Delphox,Incineroar,27.526
2026-09-30,M-C,gen9championsvgc2026regmcbo3,1630,Delphox,Basculegion,21.625
2026-09-30,M-C,gen9championsvgc2026regmcbo3,1630,Delphox,Golisopod-Mega,20.425
2026-09-30,M-C,gen9championsvgc2026regmcbo3,1630,Delphox,Baxcalibur-Mega,19.969
2026-09-30,M-C,gen9championsvgc2026regmcbo3,1630,Delphox,Whimsicott,16.324
2026-09-30,M-C,gen9championsvgc2026regmcbo3,1630,Delphox,Indeedee,14.446
2026-09-30,M-C,gen9championsvgc2026regmcbo3,1630,Delphox,Floette-Mega,13.647
2026-09-30,M-C,gen9championsvgc2026regmcbo3,1630,Krookodile,Sneasler,46.036
2026-09-30,M-C,gen9championsvgc2026regmcbo3,1630,Krookodile,Whimsicott,39.98
2026-09-30,M-C,gen9championsvgc2026regmcbo3,1630,Krookodile,Gholdengo,39.763
2026-09-30,M-C,gen9championsvgc2026regmcbo3,1630,Krookodile,Garchomp-Mega-Z,34.111
2026-09-30,M-C,gen9championsvgc2026regmcbo3,1630,Krookodile,Raichu-Mega-Y,32.706
2026-09-30,M-C,gen9championsvgc2026regmcbo3,1630,Krookodile,Charizard-Mega-Y,31.942
2026-09-30,M-C,gen9championsvgc2026regmcbo3,1630,Krookodile,Venusaur,29.587
2026-09-30,M-C,gen9championsvgc2026regmcbo3,1630,Krookodile,Indeedee,28.273
2026-09-30,M-C,gen9championsvgc2026regmcbo3,1630,Krookodile,Empoleon,27.598
2026-09-30,M-C,gen9championsvgc2026regmcbo3,1630,Krookodile,Rillaboom,17.145
2026-09-30,M-C,gen9championsvgc2026regmcbo3,1630,Slowbro-Mega,Indeedee-F,60.1
2026-09-30,M-C,gen9championsvgc2026regmcbo3,1630,Slowbro-Mega,Incineroar,42.679
2026-09-30,M-C,gen9championsvgc2026regmcbo3,1630,Slowbro-Mega,Camerupt-Mega,36.625
2026-09-30,M-C,gen9championsvgc2026regmcbo3,1630,Slowbro-Mega,Farigiraf,35.141
2026-09-30,M-C,gen9championsvgc2026regmcbo3,1630,Slowbro-Mega,Grapploct,35.129
2026-09-30,M-C,gen9championsvgc2026regmcbo3,1630,Slowbro-Mega,Torkoal,31.387
2026-09-30,M-C,gen9championsvgc2026regmcbo3,1630,Slowbro-Mega,Kingambit,25.394
2026-09-30,M-C,gen9championsvgc2026regmcbo3,1630,Slowbro-Mega,Kangaskhan,15.673
2026-09-30,M-C,gen9championsvgc2026regmcbo3,1630,Slowbro-Mega,Typhlosion-Hisui,15.007
2026-09-30,M-C,gen9championsvgc2026regmcbo3,1630,Slowbro-Mega,Rillaboom,12.657
2026-09-30,M-C,gen9championsvgc2026regmcbo3,1630,Scizor,Rillaboom,69.821
2026-09-30,M-C,gen9championsvgc2026regmcbo3,1630,Scizor,Incineroar,61.092
2026-09-30,M-C,gen9championsvgc2026regmcbo3,1630,Scizor,Basculegion,38.132
2026-09-30,M-C,gen9championsvgc2026regmcbo3,1630,Scizor,Grimmsnarl,37.794
2026-09-30,M-C,gen9championsvgc2026regmcbo3,1630,Scizor,Staraptor-Mega,32.649
2026-09-30,M-C,gen9championsvgc2026regmcbo3,1630,Scizor,Gengar-Mega,22.101
2026-09-30,M-C,gen9championsvgc2026regmcbo3,1630,Scizor,Kommo-o,21.803
2026-09-30,M-C,gen9championsvgc2026regmcbo3,1630,Scizor,Hippowdon,14.33
2026-09-30,M-C,gen9championsvgc2026regmcbo3,1630,Scizor,Sylveon,12.402
2026-09-30,M-C,gen9championsvgc2026regmcbo3,1630,Scizor,Annihilape,9.261
2026-09-30,M-C,gen9championsvgc2026regmcbo3,1630,Salamence,Sneasler,56.044
2026-09-30,M-C,gen9championsvgc2026regmcbo3,1630,Salamence,Rillaboom,37.2
2026-09-30,M-C,gen9championsvgc2026regmcbo3,1630,Salamence,Indeedee-F,33.544
2026-09-30,M-C,gen9championsvgc2026regmcbo3,1630,Salamence,Tyranitar-Mega,33.474
2026-09-30,M-C,gen9championsvgc2026regmcbo3,1630,Salamence,Gardevoir-Mega,33.417
2026-09-30,M-C,gen9championsvgc2026regmcbo3,1630,Salamence,Excadrill,32.661
2026-09-30,M-C,gen9championsvgc2026regmcbo3,1630,Salamence,Kingambit,25.973
2026-09-30,M-C,gen9championsvgc2026regmcbo3,1630,Salamence,Floette-Mega,14.566
2026-09-30,M-C,gen9championsvgc2026regmcbo3,1630,Salamence,Gholdengo,12.254
2026-09-30,M-C,gen9championsvgc2026regmcbo3,1630,Salamence,Swampert-Mega,11.992
2026-09-30,M-C,gen9championsvgc2026regmcbo3,1630,Skarmory-Mega,Rillaboom,45.841
2026-09-30,M-C,gen9championsvgc2026regmcbo3,1630,Skarmory-Mega,Raichu-Mega-Y,41.841
2026-09-30,M-C,gen9championsvgc2026regmcbo3,1630,Skarmory-Mega,Volcarona,35.592
2026-09-30,M-C,gen9championsvgc2026regmcbo3,1630,Skarmory-Mega,Primarina,32.723
2026-09-30,M-C,gen9championsvgc2026regmcbo3,1630,Skarmory-Mega,Kommo-o,32.161
2026-09-30,M-C,gen9championsvgc2026regmcbo3,1630,Skarmory-Mega,Archaludon,19.61
2026-09-30,M-C,gen9championsvgc2026regmcbo3,1630,Skarmory-Mega,Pelipper,19.358
2026-09-30,M-C,gen9championsvgc2026regmcbo3,1630,Skarmory-Mega,Garchomp,18.919
2026-09-30,M-C,gen9championsvgc2026regmcbo3,1630,Skarmory-Mega,Glimmora,17.396
2026-09-30,M-C,gen9championsvgc2026regmcbo3,1630,Skarmory-Mega,Indeedee-F,16.277
2026-09-30,M-C,gen9championsvgc2026regmcbo3,1630,Inteleon,Rillaboom,34.996
2026-09-30,M-C,gen9championsvgc2026regmcbo3,1630,Inteleon,Sneasler,34.758
2026-09-30,M-C,gen9championsvgc2026regmcbo3,1630,Inteleon,Indeedee-F,34.508
2026-09-30,M-C,gen9championsvgc2026regmcbo3,1630,Inteleon,Gholdengo,24.084
2026-09-30,M-C,gen9championsvgc2026regmcbo3,1630,Inteleon,Golisopod-Mega,24.062
2026-09-30,M-C,gen9championsvgc2026regmcbo3,1630,Inteleon,Incineroar,19.019
2026-09-30,M-C,gen9championsvgc2026regmcbo3,1630,Inteleon,Farigiraf,17.372
2026-09-30,M-C,gen9championsvgc2026regmcbo3,1630,Inteleon,Kingambit,15.84
2026-09-30,M-C,gen9championsvgc2026regmcbo3,1630,Inteleon,Pelipper,15.267
2026-09-30,M-C,gen9championsvgc2026regmcbo3,1630,Inteleon,Raichu-Mega-Y,14.36
2026-09-30,M-C,gen9championsvgc2026regmcbo3,1630,Pincurchin,Farigiraf,40.172
2026-09-30,M-C,gen9championsvgc2026regmcbo3,1630,Pincurchin,Indeedee-F,37.117
2026-09-30,M-C,gen9championsvgc2026regmcbo3,1630,Pincurchin,Torkoal,22.234
2026-09-30,M-C,gen9championsvgc2026regmcbo3,1630,Pincurchin,Sneasler,21.459
2026-09-30,M-C,gen9championsvgc2026regmcbo3,1630,Pincurchin,Hatterene,19.551
2026-09-30,M-C,gen9championsvgc2026regmcbo3,1630,Pincurchin,Raichu-Alola,17.729
2026-09-30,M-C,gen9championsvgc2026regmcbo3,1630,Pincurchin,Incineroar,16.197
2026-09-30,M-C,gen9championsvgc2026regmcbo3,1630,Pincurchin,Rillaboom,15.99
2026-09-30,M-C,gen9championsvgc2026regmcbo3,1630,Pincurchin,Kingambit,14.147
2026-09-30,M-C,gen9championsvgc2026regmcbo3,1630,Pincurchin,Sinistcha,12.948
2026-09-30,M-C,gen9championsvgc2026regmcbo3,1630,Araquanid,Indeedee-F,51.588
2026-09-30,M-C,gen9championsvgc2026regmcbo3,1630,Araquanid,Gardevoir-Mega,33.945
2026-09-30,M-C,gen9championsvgc2026regmcbo3,1630,Araquanid,Whimsicott,26.735
2026-09-30,M-C,gen9championsvgc2026regmcbo3,1630,Araquanid,Pawmot,26.273
2026-09-30,M-C,gen9championsvgc2026regmcbo3,1630,Araquanid,Pyroar-Mega,25.704
2026-09-30,M-C,gen9championsvgc2026regmcbo3,1630,Araquanid,Rillaboom,24.224
2026-09-30,M-C,gen9championsvgc2026regmcbo3,1630,Araquanid,Gholdengo,21.122
2026-09-30,M-C,gen9championsvgc2026regmcbo3,1630,Araquanid,Arcanine-Hisui,18.097
2026-09-30,M-C,gen9championsvgc2026regmcbo3,1630,Araquanid,Sneasler,14.908
2026-09-30,M-C,gen9championsvgc2026regmcbo3,1630,Araquanid,Kingambit,12.29
2026-09-30,M-C,gen9championsvgc2026regmcbo3,1630,Persian-Alola,Staraptor-Mega,38.432
2026-09-30,M-C,gen9championsvgc2026regmcbo3,1630,Persian-Alola,Gholdengo,36.169
2026-09-30,M-C,gen9championsvgc2026regmcbo3,1630,Persian-Alola,Volcarona,33.188
2026-09-30,M-C,gen9championsvgc2026regmcbo3,1630,Persian-Alola,Sneasler,31.471
2026-09-30,M-C,gen9championsvgc2026regmcbo3,1630,Persian-Alola,Milotic,30.237
2026-09-30,M-C,gen9championsvgc2026regmcbo3,1630,Persian-Alola,Tyranitar-Mega,25.401
2026-09-30,M-C,gen9championsvgc2026regmcbo3,1630,Persian-Alola,Rillaboom,22.888
2026-09-30,M-C,gen9championsvgc2026regmcbo3,1630,Persian-Alola,Salamence-Mega,22.863
2026-09-30,M-C,gen9championsvgc2026regmcbo3,1630,Persian-Alola,Indeedee-F,15.282
2026-09-30,M-C,gen9championsvgc2026regmcbo3,1630,Persian-Alola,Armarouge,13.45
2026-09-30,M-C,gen9championsvgc2026regmcbo3,1630,Umbreon,Rillaboom,43.546
2026-09-30,M-C,gen9championsvgc2026regmcbo3,1630,Umbreon,Kommo-o,40.628
2026-09-30,M-C,gen9championsvgc2026regmcbo3,1630,Umbreon,Charizard-Mega-Y,39.596
2026-09-30,M-C,gen9championsvgc2026regmcbo3,1630,Umbreon,Incineroar,38.039
2026-09-30,M-C,gen9championsvgc2026regmcbo3,1630,Umbreon,Gengar-Mega,37.25
2026-09-30,M-C,gen9championsvgc2026regmcbo3,1630,Umbreon,Sneasler,34.616
2026-09-30,M-C,gen9championsvgc2026regmcbo3,1630,Umbreon,Maushold,33.344
2026-09-30,M-C,gen9championsvgc2026regmcbo3,1630,Umbreon,Milotic,22.816
2026-09-30,M-C,gen9championsvgc2026regmcbo3,1630,Umbreon,Salamence-Mega,20.407
2026-09-30,M-C,gen9championsvgc2026regmcbo3,1630,Umbreon,Whimsicott,20.239
2026-09-30,M-C,gen9championsvgc2026regmcbo3,1630,Gardevoir,Indeedee-F,82.348
2026-09-30,M-C,gen9championsvgc2026regmcbo3,1630,Gardevoir,Metagross-Mega,68.221
2026-09-30,M-C,gen9championsvgc2026regmcbo3,1630,Gardevoir,Arcanine-Hisui,66.297
2026-09-30,M-C,gen9championsvgc2026regmcbo3,1630,Gardevoir,Salamence-Mega,36.431
2026-09-30,M-C,gen9championsvgc2026regmcbo3,1630,Gardevoir,Ditto,28.701
2026-09-30,M-C,gen9championsvgc2026regmcbo3,1630,Gardevoir,Garchomp,23.45
2026-09-30,M-C,gen9championsvgc2026regmcbo3,1630,Gardevoir,Dragonite-Mega,21.494
2026-09-30,M-C,gen9championsvgc2026regmcbo3,1630,Gardevoir,Rillaboom,14.877
2026-09-30,M-C,gen9championsvgc2026regmcbo3,1630,Gardevoir,Torkoal,8.762
2026-09-30,M-C,gen9championsvgc2026regmcbo3,1630,Gardevoir,Armarouge,8.656
2026-09-30,M-C,gen9championsvgc2026regmcbo3,1630,Orthworm,Sneasler,66.444
2026-09-30,M-C,gen9championsvgc2026regmcbo3,1630,Orthworm,Indeedee,61.645
2026-09-30,M-C,gen9championsvgc2026regmcbo3,1630,Orthworm,Salamence-Mega,58.368
2026-09-30,M-C,gen9championsvgc2026regmcbo3,1630,Orthworm,Basculegion,56.751
2026-09-30,M-C,gen9championsvgc2026regmcbo3,1630,Orthworm,Floette-Mega,55.889
2026-09-30,M-C,gen9championsvgc2026regmcbo3,1630,Orthworm,Garchomp,11.537
2026-09-30,M-C,gen9championsvgc2026regmcbo3,1630,Orthworm,Indeedee-F,11.314
2026-09-30,M-C,gen9championsvgc2026regmcbo3,1630,Orthworm,Incineroar,9.862
2026-09-30,M-C,gen9championsvgc2026regmcbo3,1630,Orthworm,Sinistcha,9.657
2026-09-30,M-C,gen9championsvgc2026regmcbo3,1630,Orthworm,Blastoise-Mega,8.237
2026-09-30,M-C,gen9championsvgc2026regmcbo3,1630,Bellibolt,Staraptor-Mega,90.756
2026-09-30,M-C,gen9championsvgc2026regmcbo3,1630,Bellibolt,Ninetales-Alola,83.481
2026-09-30,M-C,gen9championsvgc2026regmcbo3,1630,Bellibolt,Grimmsnarl,79.527
2026-09-30,M-C,gen9championsvgc2026regmcbo3,1630,Bellibolt,Raichu-Mega-X,78.38
2026-09-30,M-C,gen9championsvgc2026regmcbo3,1630,Bellibolt,Volcarona,63.252
2026-09-30,M-C,gen9championsvgc2026regmcbo3,1630,Bellibolt,Raichu-Mega-Y,9.766
2026-09-30,M-C,gen9championsvgc2026regmcbo3,1630,Bellibolt,Ceruledge,9.714
2026-09-30,M-C,gen9championsvgc2026regmcbo3,1630,Bellibolt,Sableye,7.901
2026-09-30,M-C,gen9championsvgc2026regmcbo3,1630,Bellibolt,Rillaboom,7.842
2026-09-30,M-C,gen9championsvgc2026regmcbo3,1630,Bellibolt,Garchomp,4.78
2026-09-30,M-C,gen9championsvgc2026regmcbo3,1630,Drampa-Mega,Farigiraf,59.924
2026-09-30,M-C,gen9championsvgc2026regmcbo3,1630,Drampa-Mega,Sneasler,45.492
2026-09-30,M-C,gen9championsvgc2026regmcbo3,1630,Drampa-Mega,Charizard-Mega-Y,38.546
2026-09-30,M-C,gen9championsvgc2026regmcbo3,1630,Drampa-Mega,Milotic,38.381
2026-09-30,M-C,gen9championsvgc2026regmcbo3,1630,Drampa-Mega,Swampert,26.401
2026-09-30,M-C,gen9championsvgc2026regmcbo3,1630,Drampa-Mega,Rillaboom,25.684
2026-09-30,M-C,gen9championsvgc2026regmcbo3,1630,Drampa-Mega,Metagross-Mega,19.838
2026-09-30,M-C,gen9championsvgc2026regmcbo3,1630,Drampa-Mega,Incineroar,17.257
2026-09-30,M-C,gen9championsvgc2026regmcbo3,1630,Drampa-Mega,Gholdengo,12.575
2026-09-30,M-C,gen9championsvgc2026regmcbo3,1630,Drampa-Mega,Annihilape,12.241
2026-09-30,M-C,gen9championsvgc2026regmcbo3,1630,Drampa,Indeedee-F,53.684
2026-09-30,M-C,gen9championsvgc2026regmcbo3,1630,Drampa,Incineroar,42.379
2026-09-30,M-C,gen9championsvgc2026regmcbo3,1630,Drampa,Farigiraf,38.535
2026-09-30,M-C,gen9championsvgc2026regmcbo3,1630,Drampa,Kingambit,31.289
2026-09-30,M-C,gen9championsvgc2026regmcbo3,1630,Drampa,Gardevoir-Mega,26.083
2026-09-30,M-C,gen9championsvgc2026regmcbo3,1630,Drampa,Rillaboom,25.348
2026-09-30,M-C,gen9championsvgc2026regmcbo3,1630,Drampa,Sneasler,21.888
2026-09-30,M-C,gen9championsvgc2026regmcbo3,1630,Drampa,Lucario-Mega-Z,21.349
2026-09-30,M-C,gen9championsvgc2026regmcbo3,1630,Drampa,Mudsdale,19.027
2026-09-30,M-C,gen9championsvgc2026regmcbo3,1630,Drampa,Floette-Mega,18.957
2026-09-30,M-C,gen9championsvgc2026regmcbo3,1630,Gyarados,Rillaboom,43.8
2026-09-30,M-C,gen9championsvgc2026regmcbo3,1630,Gyarados,Lucario-Mega-Z,36.11
2026-09-30,M-C,gen9championsvgc2026regmcbo3,1630,Gyarados,Dragapult,25.71
2026-09-30,M-C,gen9championsvgc2026regmcbo3,1630,Gyarados,Kingambit,22.813
2026-09-30,M-C,gen9championsvgc2026regmcbo3,1630,Gyarados,Sneasler,21.104
2026-09-30,M-C,gen9championsvgc2026regmcbo3,1630,Gyarados,Garchomp,19.989
2026-09-30,M-C,gen9championsvgc2026regmcbo3,1630,Gyarados,Farigiraf,18.922
2026-09-30,M-C,gen9championsvgc2026regmcbo3,1630,Gyarados,Arcanine-Hisui,18.664
2026-09-30,M-C,gen9championsvgc2026regmcbo3,1630,Gyarados,Froslass-Mega,15.236
2026-09-30,M-C,gen9championsvgc2026regmcbo3,1630,Gyarados,Maushold,13.655
2026-09-30,M-C,gen9championsvgc2026regmcbo3,1630,Reuniclus,Indeedee-F,81.18
2026-09-30,M-C,gen9championsvgc2026regmcbo3,1630,Reuniclus,Kingambit,62.667
2026-09-30,M-C,gen9championsvgc2026regmcbo3,1630,Reuniclus,Camerupt-Mega,59.831
2026-09-30,M-C,gen9championsvgc2026regmcbo3,1630,Reuniclus,Farigiraf,59.808
2026-09-30,M-C,gen9championsvgc2026regmcbo3,1630,Reuniclus,Incineroar,59.126
2026-09-30,M-C,gen9championsvgc2026regmcbo3,1630,Reuniclus,Golisopod-Mega,24.64
2026-09-30,M-C,gen9championsvgc2026regmcbo3,1630,Reuniclus,Archaludon,19.899
2026-09-30,M-C,gen9championsvgc2026regmcbo3,1630,Reuniclus,Sneasler,12.993
2026-09-30,M-C,gen9championsvgc2026regmcbo3,1630,Reuniclus,Pelipper,12.634
2026-09-30,M-C,gen9championsvgc2026regmcbo3,1630,Reuniclus,Lopunny-Mega,8.058
2026-09-30,M-C,gen9championsvgc2026regmcbo3,1630,Slowking-Galar,Kingambit,35.45
2026-09-30,M-C,gen9championsvgc2026regmcbo3,1630,Slowking-Galar,Rillaboom,32.215
2026-09-30,M-C,gen9championsvgc2026regmcbo3,1630,Slowking-Galar,Golisopod-Mega,30.781
2026-09-30,M-C,gen9championsvgc2026regmcbo3,1630,Slowking-Galar,Archaludon,26.19
2026-09-30,M-C,gen9championsvgc2026regmcbo3,1630,Slowking-Galar,Pelipper,25.721
2026-09-30,M-C,gen9championsvgc2026regmcbo3,1630,Slowking-Galar,Basculegion,18.687
2026-09-30,M-C,gen9championsvgc2026regmcbo3,1630,Slowking-Galar,Raichu-Mega-Y,17.423
2026-09-30,M-C,gen9championsvgc2026regmcbo3,1630,Slowking-Galar,Camerupt-Mega,16.128
2026-09-30,M-C,gen9championsvgc2026regmcbo3,1630,Slowking-Galar,Incineroar,14.033
2026-09-30,M-C,gen9championsvgc2026regmcbo3,1630,Slowking-Galar,Garchomp-Mega-Z,12.713
2026-09-30,M-C,gen9championsvgc2026regmcbo3,1630,Ditto,Metagross-Mega,45.963
2026-09-30,M-C,gen9championsvgc2026regmcbo3,1630,Ditto,Indeedee-F,45.745
2026-09-30,M-C,gen9championsvgc2026regmcbo3,1630,Ditto,Salamence-Mega,43.288
2026-09-30,M-C,gen9championsvgc2026regmcbo3,1630,Ditto,Arcanine-Hisui,37.735
2026-09-30,M-C,gen9championsvgc2026regmcbo3,1630,Ditto,Gardevoir,37.026
2026-09-30,M-C,gen9championsvgc2026regmcbo3,1630,Ditto,Incineroar,21.273
2026-09-30,M-C,gen9championsvgc2026regmcbo3,1630,Ditto,Rillaboom,14.069
2026-09-30,M-C,gen9championsvgc2026regmcbo3,1630,Ditto,Sneasler,11.215
2026-09-30,M-C,gen9championsvgc2026regmcbo3,1630,Ditto,Garchomp-Mega,9.355
2026-09-30,M-C,gen9championsvgc2026regmcbo3,1630,Ditto,Floette-Mega,9.142
2026-09-30,M-C,gen9championsvgc2026regmcbo3,1630,Floette-Eternal,Rillaboom,87.183
2026-09-30,M-C,gen9championsvgc2026regmcbo3,1630,Floette-Eternal,Kingambit,52.247
2026-09-30,M-C,gen9championsvgc2026regmcbo3,1630,Floette-Eternal,Metagross-Mega,41.522
2026-09-30,M-C,gen9championsvgc2026regmcbo3,1630,Floette-Eternal,Arcanine-Hisui,41.407
2026-09-30,M-C,gen9championsvgc2026regmcbo3,1630,Floette-Eternal,Kommo-o,40.125
2026-09-30,M-C,gen9championsvgc2026regmcbo3,1630,Floette-Eternal,Incineroar,28.2
2026-09-30,M-C,gen9championsvgc2026regmcbo3,1630,Floette-Eternal,Scizor-Mega,19.938
2026-09-30,M-C,gen9championsvgc2026regmcbo3,1630,Floette-Eternal,Charizard-Mega-X,19.898
2026-09-30,M-C,gen9championsvgc2026regmcbo3,1630,Floette-Eternal,Ninetales-Alola,19.898
2026-09-30,M-C,gen9championsvgc2026regmcbo3,1630,Floette-Eternal,Salamence-Mega,11.968
2026-09-30,M-C,gen9championsvgc2026regmcbo3,1630,Hydrapple,Indeedee-F,85.221
2026-09-30,M-C,gen9championsvgc2026regmcbo3,1630,Hydrapple,Camerupt-Mega,84.48
2026-09-30,M-C,gen9championsvgc2026regmcbo3,1630,Hydrapple,Farigiraf,82.799
2026-09-30,M-C,gen9championsvgc2026regmcbo3,1630,Hydrapple,Incineroar,81.557
2026-09-30,M-C,gen9championsvgc2026regmcbo3,1630,Hydrapple,Kingambit,81.128
2026-09-30,M-C,gen9championsvgc2026regmcbo3,1630,Hydrapple,Sneasler,3.751
2026-09-30,M-C,gen9championsvgc2026regmcbo3,1630,Hydrapple,Araquanid,3.566
2026-09-30,M-C,gen9championsvgc2026regmcbo3,1630,Hydrapple,Hatterene,2.25
2026-09-30,M-C,gen9championsvgc2026regmcbo3,1630,Hydrapple,Golisopod-Mega,2.13
2026-09-30,M-C,gen9championsvgc2026regmcbo3,1630,Hydrapple,Pelipper,1.865
2026-09-30,M-C,gen9championsvgc2026regmcbo3,1630,Ampharos-Mega,Incineroar,48.373
2026-09-30,M-C,gen9championsvgc2026regmcbo3,1630,Ampharos-Mega,Rillaboom,46.256
2026-09-30,M-C,gen9championsvgc2026regmcbo3,1630,Ampharos-Mega,Farigiraf,41.622
2026-09-30,M-C,gen9championsvgc2026regmcbo3,1630,Ampharos-Mega,Sneasler,31.805
2026-09-30,M-C,gen9championsvgc2026regmcbo3,1630,Ampharos-Mega,Indeedee-F,27.26
2026-09-30,M-C,gen9championsvgc2026regmcbo3,1630,Ampharos-Mega,Gholdengo,25.987
2026-09-30,M-C,gen9championsvgc2026regmcbo3,1630,Ampharos-Mega,Torkoal,22.579
2026-09-30,M-C,gen9championsvgc2026regmcbo3,1630,Ampharos-Mega,Armarouge,19.414
2026-09-30,M-C,gen9championsvgc2026regmcbo3,1630,Ampharos-Mega,Kangaskhan-Mega,14.323
2026-09-30,M-C,gen9championsvgc2026regmcbo3,1630,Ampharos-Mega,Espathra,12.869
2026-09-30,M-C,gen9championsvgc2026regmcbo3,1630,Chesnaught-Mega,Indeedee-F,52.515
2026-09-30,M-C,gen9championsvgc2026regmcbo3,1630,Chesnaught-Mega,Farigiraf,41.375
2026-09-30,M-C,gen9championsvgc2026regmcbo3,1630,Chesnaught-Mega,Incineroar,38.916
2026-09-30,M-C,gen9championsvgc2026regmcbo3,1630,Chesnaught-Mega,Kingambit,32.123
2026-09-30,M-C,gen9championsvgc2026regmcbo3,1630,Chesnaught-Mega,Rillaboom,26.6
2026-09-30,M-C,gen9championsvgc2026regmcbo3,1630,Chesnaught-Mega,Armarouge,24.445
2026-09-30,M-C,gen9championsvgc2026regmcbo3,1630,Chesnaught-Mega,Annihilape,23.174
2026-09-30,M-C,gen9championsvgc2026regmcbo3,1630,Chesnaught-Mega,Camerupt-Mega,22.758
2026-09-30,M-C,gen9championsvgc2026regmcbo3,1630,Chesnaught-Mega,Pelipper,16.625
2026-09-30,M-C,gen9championsvgc2026regmcbo3,1630,Chesnaught-Mega,Torkoal,14.792
2026-09-30,M-C,gen9championsvgc2026regmcbo3,1630,Golurk-Mega,Indeedee-F,56.402
2026-09-30,M-C,gen9championsvgc2026regmcbo3,1630,Golurk-Mega,Torkoal,49.447
2026-09-30,M-C,gen9championsvgc2026regmcbo3,1630,Golurk-Mega,Armarouge,31.729
2026-09-30,M-C,gen9championsvgc2026regmcbo3,1630,Golurk-Mega,Farigiraf,29.868
2026-09-30,M-C,gen9championsvgc2026regmcbo3,1630,Golurk-Mega,Incineroar,28.6
2026-09-30,M-C,gen9championsvgc2026regmcbo3,1630,Golurk-Mega,Kingambit,24.655
2026-09-30,M-C,gen9championsvgc2026regmcbo3,1630,Golurk-Mega,Hatterene,23.008
2026-09-30,M-C,gen9championsvgc2026regmcbo3,1630,Golurk-Mega,Maushold,16.918
2026-09-30,M-C,gen9championsvgc2026regmcbo3,1630,Golurk-Mega,Rillaboom,15.082
2026-09-30,M-C,gen9championsvgc2026regmcbo3,1630,Golurk-Mega,Floette-Mega,11.922
2026-09-30,M-C,gen9championsvgc2026regmcbo3,1630,Meowstic,Archaludon,44.396
2026-09-30,M-C,gen9championsvgc2026regmcbo3,1630,Meowstic,Pelipper,40.901
2026-09-30,M-C,gen9championsvgc2026regmcbo3,1630,Meowstic,Golisopod-Mega,37.463
2026-09-30,M-C,gen9championsvgc2026regmcbo3,1630,Meowstic,Basculegion,36.027
2026-09-30,M-C,gen9championsvgc2026regmcbo3,1630,Meowstic,Garchomp-Mega-Z,26.333
2026-09-30,M-C,gen9championsvgc2026regmcbo3,1630,Meowstic,Aegislash,25.339
2026-09-30,M-C,gen9championsvgc2026regmcbo3,1630,Meowstic,Floette-Mega,24.273
2026-09-30,M-C,gen9championsvgc2026regmcbo3,1630,Meowstic,Sneasler,16.158
2026-09-30,M-C,gen9championsvgc2026regmcbo3,1630,Meowstic,Salamence-Mega,15.945
2026-09-30,M-C,gen9championsvgc2026regmcbo3,1630,Meowstic,Charizard-Mega-Y,14.545
2026-09-30,M-C,gen9championsvgc2026regmcbo3,1630,Decidueye-Hisui,Indeedee-F,72.95
2026-09-30,M-C,gen9championsvgc2026regmcbo3,1630,Decidueye-Hisui,Incineroar,46.882
2026-09-30,M-C,gen9championsvgc2026regmcbo3,1630,Decidueye-Hisui,Farigiraf,33.302
2026-09-30,M-C,gen9championsvgc2026regmcbo3,1630,Decidueye-Hisui,Camerupt-Mega,30.99
2026-09-30,M-C,gen9championsvgc2026regmcbo3,1630,Decidueye-Hisui,Hatterene,28.465
2026-09-30,M-C,gen9championsvgc2026regmcbo3,1630,Decidueye-Hisui,Raichu-Mega-Y,22.751
2026-09-30,M-C,gen9championsvgc2026regmcbo3,1630,Decidueye-Hisui,Armarouge,21.92
2026-09-30,M-C,gen9championsvgc2026regmcbo3,1630,Decidueye-Hisui,Golisopod-Mega,21.749
2026-09-30,M-C,gen9championsvgc2026regmcbo3,1630,Decidueye-Hisui,Primarina,17.14
2026-09-30,M-C,gen9championsvgc2026regmcbo3,1630,Decidueye-Hisui,Tyranitar-Mega,17.11
2026-09-30,M-C,gen9championsvgc2026regmcbo3,1630,Scizor-Mega,Rillaboom,65.229
2026-09-30,M-C,gen9championsvgc2026regmcbo3,1630,Scizor-Mega,Incineroar,42.332
2026-09-30,M-C,gen9championsvgc2026regmcbo3,1630,Scizor-Mega,Pelipper,32.982
2026-09-30,M-C,gen9championsvgc2026regmcbo3,1630,Scizor-Mega,Sneasler,32.351
2026-09-30,M-C,gen9championsvgc2026regmcbo3,1630,Scizor-Mega,Archaludon,31.955
2026-09-30,M-C,gen9championsvgc2026regmcbo3,1630,Scizor-Mega,Salamence-Mega,29.427
2026-09-30,M-C,gen9championsvgc2026regmcbo3,1630,Scizor-Mega,Ninetales-Alola,27.725
2026-09-30,M-C,gen9championsvgc2026regmcbo3,1630,Scizor-Mega,Charizard-Mega-X,22.673
2026-09-30,M-C,gen9championsvgc2026regmcbo3,1630,Scizor-Mega,Floette-Eternal,21.364
2026-09-30,M-C,gen9championsvgc2026regmcbo3,1630,Scizor-Mega,Milotic,13.346
2026-09-30,M-C,gen9championsvgc2026regmcbo3,1630,Overqwil,Golisopod-Mega,29.663
2026-09-30,M-C,gen9championsvgc2026regmcbo3,1630,Overqwil,Pelipper,28.362
2026-09-30,M-C,gen9championsvgc2026regmcbo3,1630,Overqwil,Raichu-Mega-Y,25.254
2026-09-30,M-C,gen9championsvgc2026regmcbo3,1630,Overqwil,Delphox-Mega,25.193
2026-09-30,M-C,gen9championsvgc2026regmcbo3,1630,Overqwil,Rillaboom,23.766
2026-09-30,M-C,gen9championsvgc2026regmcbo3,1630,Overqwil,Sableye,22.261
2026-09-30,M-C,gen9championsvgc2026regmcbo3,1630,Overqwil,Sneasler,18.476
2026-09-30,M-C,gen9championsvgc2026regmcbo3,1630,Overqwil,Garchomp,17.332
2026-09-30,M-C,gen9championsvgc2026regmcbo3,1630,Overqwil,Charizard-Mega-Y,16.558
2026-09-30,M-C,gen9championsvgc2026regmcbo3,1630,Overqwil,Sylveon,15.942
2026-09-30,M-C,gen9championsvgc2026regmcbo3,1630,Cinderace,Salamence-Mega,32.997
2026-09-30,M-C,gen9championsvgc2026regmcbo3,1630,Cinderace,Gholdengo,29.638
2026-09-30,M-C,gen9championsvgc2026regmcbo3,1630,Cinderace,Basculegion,27.26
2026-09-30,M-C,gen9championsvgc2026regmcbo3,1630,Cinderace,Whimsicott,27.038
2026-09-30,M-C,gen9championsvgc2026regmcbo3,1630,Cinderace,Floette-Mega,26.472
2026-09-30,M-C,gen9championsvgc2026regmcbo3,1630,Cinderace,Farigiraf,26.33
2026-09-30,M-C,gen9championsvgc2026regmcbo3,1630,Cinderace,Milotic,26.286
2026-09-30,M-C,gen9championsvgc2026regmcbo3,1630,Cinderace,Kingambit,23.575
2026-09-30,M-C,gen9championsvgc2026regmcbo3,1630,Cinderace,Sneasler,21.107
2026-09-30,M-C,gen9championsvgc2026regmcbo3,1630,Cinderace,Rillaboom,19.733
2026-09-30,M-C,gen9championsvgc2026regmcbo3,1630,Noivern,Incineroar,71.805
2026-09-30,M-C,gen9championsvgc2026regmcbo3,1630,Noivern,Charizard-Mega-Y,66.199
2026-09-30,M-C,gen9championsvgc2026regmcbo3,1630,Noivern,Venusaur,52.515
2026-09-30,M-C,gen9championsvgc2026regmcbo3,1630,Noivern,Gholdengo,45.056
2026-09-30,M-C,gen9championsvgc2026regmcbo3,1630,Noivern,Garchomp,44.971
2026-09-30,M-C,gen9championsvgc2026regmcbo3,1630,Noivern,Sylveon,28.831
2026-09-30,M-C,gen9championsvgc2026regmcbo3,1630,Noivern,Sneasler,20.527
2026-09-30,M-C,gen9championsvgc2026regmcbo3,1630,Noivern,Glimmora-Mega,15.839
2026-09-30,M-C,gen9championsvgc2026regmcbo3,1630,Noivern,Raichu-Mega-Y,14.782
2026-09-30,M-C,gen9championsvgc2026regmcbo3,1630,Noivern,Kingambit,13.571
2026-09-30,M-C,gen9championsvgc2026regmcbo3,1630,Tauros-Paldea-Aqua,Rillaboom,44.926
2026-09-30,M-C,gen9championsvgc2026regmcbo3,1630,Tauros-Paldea-Aqua,Incineroar,44.421
2026-09-30,M-C,gen9championsvgc2026regmcbo3,1630,Tauros-Paldea-Aqua,Kingambit,28.389
2026-09-30,M-C,gen9championsvgc2026regmcbo3,1630,Tauros-Paldea-Aqua,Raichu-Mega-Y,27.395
2026-09-30,M-C,gen9championsvgc2026regmcbo3,1630,Tauros-Paldea-Aqua,Delphox-Mega,23.699
2026-09-30,M-C,gen9championsvgc2026regmcbo3,1630,Tauros-Paldea-Aqua,Garchomp,23.225
2026-09-30,M-C,gen9championsvgc2026regmcbo3,1630,Tauros-Paldea-Aqua,Salamence-Mega,22.713
2026-09-30,M-C,gen9championsvgc2026regmcbo3,1630,Tauros-Paldea-Aqua,Floette-Mega,22.102
2026-09-30,M-C,gen9championsvgc2026regmcbo3,1630,Tauros-Paldea-Aqua,Glimmora,20.205
2026-09-30,M-C,gen9championsvgc2026regmcbo3,1630,Tauros-Paldea-Aqua,Gholdengo,15.07
2026-09-30,M-C,gen9championsvgc2026regmcbo3,1630,Wigglytuff,Rillaboom,48.725
2026-09-30,M-C,gen9championsvgc2026regmcbo3,1630,Wigglytuff,Indeedee-F,34.133
2026-09-30,M-C,gen9championsvgc2026regmcbo3,1630,Wigglytuff,Armarouge,24.15
2026-09-30,M-C,gen9championsvgc2026regmcbo3,1630,Wigglytuff,Cofagrigus,20.648
2026-09-30,M-C,gen9championsvgc2026regmcbo3,1630,Wigglytuff,Charizard-Mega-Y,20.138
2026-09-30,M-C,gen9championsvgc2026regmcbo3,1630,Wigglytuff,Aegislash,19.932
2026-09-30,M-C,gen9championsvgc2026regmcbo3,1630,Wigglytuff,Garchomp-Mega,19.919
2026-09-30,M-C,gen9championsvgc2026regmcbo3,1630,Wigglytuff,Wyrdeer,19.918
2026-09-30,M-C,gen9championsvgc2026regmcbo3,1630,Wigglytuff,Incineroar,15.99
2026-09-30,M-C,gen9championsvgc2026regmcbo3,1630,Wigglytuff,Excadrill,14.336
2026-09-30,M-C,gen9championsvgc2026regmcbo3,1630,Chandelure-Mega,Kingambit,49.124
2026-09-30,M-C,gen9championsvgc2026regmcbo3,1630,Chandelure-Mega,Sneasler,49.011
2026-09-30,M-C,gen9championsvgc2026regmcbo3,1630,Chandelure-Mega,Rillaboom,47.388
2026-09-30,M-C,gen9championsvgc2026regmcbo3,1630,Chandelure-Mega,Incineroar,38.481
2026-09-30,M-C,gen9championsvgc2026regmcbo3,1630,Chandelure-Mega,Indeedee-F,35.965
2026-09-30,M-C,gen9championsvgc2026regmcbo3,1630,Chandelure-Mega,Floette-Mega,31.248
2026-09-30,M-C,gen9championsvgc2026regmcbo3,1630,Chandelure-Mega,Salamence-Mega,28.401
2026-09-30,M-C,gen9championsvgc2026regmcbo3,1630,Chandelure-Mega,Basculegion,24.87
2026-09-30,M-C,gen9championsvgc2026regmcbo3,1630,Chandelure-Mega,Milotic,23.19
2026-09-30,M-C,gen9championsvgc2026regmcbo3,1630,Chandelure-Mega,Weavile,13.788
2026-09-30,M-C,gen9championsvgc2026regmcbo3,1630,Rotom-Mow,Indeedee-F,54.056
2026-09-30,M-C,gen9championsvgc2026regmcbo3,1630,Rotom-Mow,Armarouge,51.127
2026-09-30,M-C,gen9championsvgc2026regmcbo3,1630,Rotom-Mow,Sneasler,49.872
2026-09-30,M-C,gen9championsvgc2026regmcbo3,1630,Rotom-Mow,Absol-Mega-Z,49.062
2026-09-30,M-C,gen9championsvgc2026regmcbo3,1630,Rotom-Mow,Empoleon,48.83
2026-09-30,M-C,gen9championsvgc2026regmcbo3,1630,Rotom-Mow,Basculegion,41.593
2026-09-30,M-C,gen9championsvgc2026regmcbo3,1630,Rotom-Mow,Salamence-Mega,36.755
2026-09-30,M-C,gen9championsvgc2026regmcbo3,1630,Rotom-Mow,Tyranitar-Mega,34.793
2026-09-30,M-C,gen9championsvgc2026regmcbo3,1630,Rotom-Mow,Corviknight,34.014
2026-09-30,M-C,gen9championsvgc2026regmcbo3,1630,Rotom-Mow,Excadrill,33.508
2026-09-30,M-C,gen9championsvgc2026regmcbo3,1630,Skeledirge,Rillaboom,60.422
2026-09-30,M-C,gen9championsvgc2026regmcbo3,1630,Skeledirge,Toxtricity,34.033
2026-09-30,M-C,gen9championsvgc2026regmcbo3,1630,Skeledirge,Metagross-Mega,33.56
2026-09-30,M-C,gen9championsvgc2026regmcbo3,1630,Skeledirge,Samurott-Hisui,33.32
2026-09-30,M-C,gen9championsvgc2026regmcbo3,1630,Skeledirge,Lopunny-Mega,18.28
2026-09-30,M-C,gen9championsvgc2026regmcbo3,1630,Skeledirge,Espathra,17.608
2026-09-30,M-C,gen9championsvgc2026regmcbo3,1630,Skeledirge,Sneasler,17.168
2026-09-30,M-C,gen9championsvgc2026regmcbo3,1630,Skeledirge,Indeedee-F,16.289
2026-09-30,M-C,gen9championsvgc2026regmcbo3,1630,Skeledirge,Drampa-Mega,15.023
2026-09-30,M-C,gen9championsvgc2026regmcbo3,1630,Skeledirge,Kommo-o,13.619
2026-09-30,M-C,gen9championsvgc2026regmcbo3,1630,Golisopod,Rillaboom,77.622
2026-09-30,M-C,gen9championsvgc2026regmcbo3,1630,Golisopod,Incineroar,74.528
2026-09-30,M-C,gen9championsvgc2026regmcbo3,1630,Golisopod,Gengar-Mega,45.929
2026-09-30,M-C,gen9championsvgc2026regmcbo3,1630,Golisopod,Maushold,43.153
2026-09-30,M-C,gen9championsvgc2026regmcbo3,1630,Golisopod,Kommo-o,42.063
2026-09-30,M-C,gen9championsvgc2026regmcbo3,1630,Golisopod,Floette-Mega,31.586
2026-09-30,M-C,gen9championsvgc2026regmcbo3,1630,Golisopod,Gholdengo,27.871
2026-09-30,M-C,gen9championsvgc2026regmcbo3,1630,Golisopod,Dragonite-Mega,25.937
2026-09-30,M-C,gen9championsvgc2026regmcbo3,1630,Golisopod,Raichu-Mega-Y,8.955
2026-09-30,M-C,gen9championsvgc2026regmcbo3,1630,Golisopod,Arcanine-Hisui,6.779
2026-09-30,M-C,gen9championsvgc2026regmcbo3,1630,Houndstone,Tyranitar-Mega,44.799
2026-09-30,M-C,gen9championsvgc2026regmcbo3,1630,Houndstone,Sneasler,35.43
2026-09-30,M-C,gen9championsvgc2026regmcbo3,1630,Houndstone,Excadrill,30.928
2026-09-30,M-C,gen9championsvgc2026regmcbo3,1630,Houndstone,Incineroar,28.248
2026-09-30,M-C,gen9championsvgc2026regmcbo3,1630,Houndstone,Venusaur-Mega,26.311
2026-09-30,M-C,gen9championsvgc2026regmcbo3,1630,Houndstone,Rillaboom,24.946
2026-09-30,M-C,gen9championsvgc2026regmcbo3,1630,Houndstone,Rotom-Wash,16.86
2026-09-30,M-C,gen9championsvgc2026regmcbo3,1630,Houndstone,Corviknight,16.719
2026-09-30,M-C,gen9championsvgc2026regmcbo3,1630,Houndstone,Kingambit,14.591
2026-09-30,M-C,gen9championsvgc2026regmcbo3,1630,Houndstone,Ninetales-Alola,12.163
2026-09-30,M-C,gen9championsvgc2026regmcbo3,1630,Conkeldurr,Incineroar,58.253
2026-09-30,M-C,gen9championsvgc2026regmcbo3,1630,Conkeldurr,Charizard-Mega-Y,35.957
2026-09-30,M-C,gen9championsvgc2026regmcbo3,1630,Conkeldurr,Dragapult,34.767
2026-09-30,M-C,gen9championsvgc2026regmcbo3,1630,Conkeldurr,Venusaur,34.767
2026-09-30,M-C,gen9championsvgc2026regmcbo3,1630,Conkeldurr,Raichu-Mega-Y,32.96
2026-09-30,M-C,gen9championsvgc2026regmcbo3,1630,Conkeldurr,Rillaboom,23.876
2026-09-30,M-C,gen9championsvgc2026regmcbo3,1630,Conkeldurr,Golisopod-Mega,23.159
2026-09-30,M-C,gen9championsvgc2026regmcbo3,1630,Conkeldurr,Indeedee-F,19.834
2026-09-30,M-C,gen9championsvgc2026regmcbo3,1630,Conkeldurr,Kingambit,18.248
2026-09-30,M-C,gen9championsvgc2026regmcbo3,1630,Conkeldurr,Hatterene,16.31
2026-09-30,M-C,gen9championsvgc2026regmcbo3,1630,Heliolisk,Indeedee-F,43.095
2026-09-30,M-C,gen9championsvgc2026regmcbo3,1630,Heliolisk,Gardevoir-Mega,39.584
2026-09-30,M-C,gen9championsvgc2026regmcbo3,1630,Heliolisk,Sneasler,35.906
2026-09-30,M-C,gen9championsvgc2026regmcbo3,1630,Heliolisk,Charizard-Mega-Y,26.849
2026-09-30,M-C,gen9championsvgc2026regmcbo3,1630,Heliolisk,Farigiraf,26.069
2026-09-30,M-C,gen9championsvgc2026regmcbo3,1630,Heliolisk,Torkoal,24.067
2026-09-30,M-C,gen9championsvgc2026regmcbo3,1630,Heliolisk,Typhlosion-Hisui,20.462
2026-09-30,M-C,gen9championsvgc2026regmcbo3,1630,Heliolisk,Pyroar-Mega,19.405
2026-09-30,M-C,gen9championsvgc2026regmcbo3,1630,Heliolisk,Aerodactyl,18.864
2026-09-30,M-C,gen9championsvgc2026regmcbo3,1630,Heliolisk,Scrafty,18.499
2026-09-30,M-C,gen9championsvgc2026regmcbo3,1630,Squawkabilly,Indeedee-F,59.163
2026-09-30,M-C,gen9championsvgc2026regmcbo3,1630,Squawkabilly,Gholdengo,41.246
2026-09-30,M-C,gen9championsvgc2026regmcbo3,1630,Squawkabilly,Archaludon,39.703
2026-09-30,M-C,gen9championsvgc2026regmcbo3,1630,Squawkabilly,Pelipper,37.234
2026-09-30,M-C,gen9championsvgc2026regmcbo3,1630,Squawkabilly,Grimmsnarl,36.77
2026-09-30,M-C,gen9championsvgc2026regmcbo3,1630,Squawkabilly,Hatterene,20.817
2026-09-30,M-C,gen9championsvgc2026regmcbo3,1630,Squawkabilly,Torkoal,20.642
2026-09-30,M-C,gen9championsvgc2026regmcbo3,1630,Squawkabilly,Farigiraf,20.374
2026-09-30,M-C,gen9championsvgc2026regmcbo3,1630,Squawkabilly,Camerupt-Mega,16.436
2026-09-30,M-C,gen9championsvgc2026regmcbo3,1630,Squawkabilly,Kingambit,14.419
2026-09-30,M-C,gen9championsvgc2026regmcbo3,1630,Heracross-Mega,Kingambit,73.236
2026-09-30,M-C,gen9championsvgc2026regmcbo3,1630,Heracross-Mega,Milotic,73.021
2026-09-30,M-C,gen9championsvgc2026regmcbo3,1630,Heracross-Mega,Glimmora-Mega,62.85
2026-09-30,M-C,gen9championsvgc2026regmcbo3,1630,Heracross-Mega,Sinistcha,62.722
2026-09-30,M-C,gen9championsvgc2026regmcbo3,1630,Heracross-Mega,Talonflame,62.32
2026-09-30,M-C,gen9championsvgc2026regmcbo3,1630,Heracross-Mega,Indeedee-F,19.028
2026-09-30,M-C,gen9championsvgc2026regmcbo3,1630,Heracross-Mega,Whimsicott,9.83
2026-09-30,M-C,gen9championsvgc2026regmcbo3,1630,Heracross-Mega,Gliscor,9.346
2026-09-30,M-C,gen9championsvgc2026regmcbo3,1630,Heracross-Mega,Froslass-Mega,9.346
2026-09-30,M-C,gen9championsvgc2026regmcbo3,1630,Heracross-Mega,Toxtricity,9.346
2026-09-30,M-C,gen9championsvgc2026regmcbo3,1630,Chandelure,Rillaboom,46.373
2026-09-30,M-C,gen9championsvgc2026regmcbo3,1630,Chandelure,Sneasler,44.659
2026-09-30,M-C,gen9championsvgc2026regmcbo3,1630,Chandelure,Kingambit,34.181
2026-09-30,M-C,gen9championsvgc2026regmcbo3,1630,Chandelure,Farigiraf,29.574
2026-09-30,M-C,gen9championsvgc2026regmcbo3,1630,Chandelure,Floette-Mega,25.711
2026-09-30,M-C,gen9championsvgc2026regmcbo3,1630,Chandelure,Staraptor-Mega,20.459
2026-09-30,M-C,gen9championsvgc2026regmcbo3,1630,Chandelure,Golisopod-Mega,17.27
2026-09-30,M-C,gen9championsvgc2026regmcbo3,1630,Chandelure,Indeedee-F,14.551
2026-09-30,M-C,gen9championsvgc2026regmcbo3,1630,Chandelure,Sinistcha,14.088
2026-09-30,M-C,gen9championsvgc2026regmcbo3,1630,Chandelure,Milotic,12.615
2026-09-30,M-C,gen9championsvgc2026regmcbo3,1630,Beedrill-Mega,Indeedee-F,45.306
2026-09-30,M-C,gen9championsvgc2026regmcbo3,1630,Beedrill-Mega,Armarouge,39.882
2026-09-30,M-C,gen9championsvgc2026regmcbo3,1630,Beedrill-Mega,Incineroar,34.909
2026-09-30,M-C,gen9championsvgc2026regmcbo3,1630,Beedrill-Mega,Sneasler,34.175
2026-09-30,M-C,gen9championsvgc2026regmcbo3,1630,Beedrill-Mega,Milotic,32.971
2026-09-30,M-C,gen9championsvgc2026regmcbo3,1630,Beedrill-Mega,Hydreigon,32.968
2026-09-30,M-C,gen9championsvgc2026regmcbo3,1630,Beedrill-Mega,Pelipper,32.506
2026-09-30,M-C,gen9championsvgc2026regmcbo3,1630,Beedrill-Mega,Starmie-Mega,29.332
2026-09-30,M-C,gen9championsvgc2026regmcbo3,1630,Beedrill-Mega,Indeedee,26.058
2026-09-30,M-C,gen9championsvgc2026regmcbo3,1630,Beedrill-Mega,Sinistcha,12.639
2026-09-30,M-C,gen9championsvgc2026regmcbo3,1630,Mr. Mime,Rillaboom,84.082
2026-09-30,M-C,gen9championsvgc2026regmcbo3,1630,Mr. Mime,Salamence-Mega,65.752
2026-09-30,M-C,gen9championsvgc2026regmcbo3,1630,Mr. Mime,Arcanine-Hisui,39.387
2026-09-30,M-C,gen9championsvgc2026regmcbo3,1630,Mr. Mime,Annihilape,37.176
2026-09-30,M-C,gen9championsvgc2026regmcbo3,1630,Mr. Mime,Kingambit,35.531
2026-09-30,M-C,gen9championsvgc2026regmcbo3,1630,Mr. Mime,Musharna,35.458
2026-09-30,M-C,gen9championsvgc2026regmcbo3,1630,Mr. Mime,Basculegion,31.046
2026-09-30,M-C,gen9championsvgc2026regmcbo3,1630,Mr. Mime,Blaziken-Mega,30.222
2026-09-30,M-C,gen9championsvgc2026regmcbo3,1630,Mr. Mime,Gengar-Mega,18.812
2026-09-30,M-C,gen9championsvgc2026regmcbo3,1630,Mr. Mime,Incineroar,18.402
2026-09-30,M-C,gen9championsvgc2026regmcbo3,1630,Oranguru,Kingambit,51.809
2026-09-30,M-C,gen9championsvgc2026regmcbo3,1630,Oranguru,Rillaboom,40.074
2026-09-30,M-C,gen9championsvgc2026regmcbo3,1630,Oranguru,Sneasler,38.339
2026-09-30,M-C,gen9championsvgc2026regmcbo3,1630,Oranguru,Indeedee-F,24.019
2026-09-30,M-C,gen9championsvgc2026regmcbo3,1630,Oranguru,Camerupt-Mega,23.721
2026-09-30,M-C,gen9championsvgc2026regmcbo3,1630,Oranguru,Charizard-Mega-Y,22.672
2026-09-30,M-C,gen9championsvgc2026regmcbo3,1630,Oranguru,Floette-Mega,22.525
2026-09-30,M-C,gen9championsvgc2026regmcbo3,1630,Oranguru,Mudsdale,18.492
2026-09-30,M-C,gen9championsvgc2026regmcbo3,1630,Oranguru,Drampa,18.017
2026-09-30,M-C,gen9championsvgc2026regmcbo3,1630,Oranguru,Alakazam-Mega,16.977
2026-09-30,M-C,gen9championsvgc2026regmcbo3,1630,Excadrill-Mega,Incineroar,45.687
2026-09-30,M-C,gen9championsvgc2026regmcbo3,1630,Excadrill-Mega,Rillaboom,44.226
2026-09-30,M-C,gen9championsvgc2026regmcbo3,1630,Excadrill-Mega,Kommo-o,30.168
2026-09-30,M-C,gen9championsvgc2026regmcbo3,1630,Excadrill-Mega,Tyranitar-Mega,28.974
2026-09-30,M-C,gen9championsvgc2026regmcbo3,1630,Excadrill-Mega,Indeedee-F,28.682
2026-09-30,M-C,gen9championsvgc2026regmcbo3,1630,Excadrill-Mega,Torkoal,26.426
2026-09-30,M-C,gen9championsvgc2026regmcbo3,1630,Excadrill-Mega,Hatterene,26.425
2026-09-30,M-C,gen9championsvgc2026regmcbo3,1630,Excadrill-Mega,Vileplume,26.416
2026-09-30,M-C,gen9championsvgc2026regmcbo3,1630,Excadrill-Mega,Clefable,23.291
2026-09-30,M-C,gen9championsvgc2026regmcbo3,1630,Excadrill-Mega,Vivillon,18.686
2026-09-30,M-C,gen9championsvgc2026regmcbo3,1630,Malamar-Mega,Torkoal,58.631
2026-09-30,M-C,gen9championsvgc2026regmcbo3,1630,Malamar-Mega,Indeedee-F,57.507
2026-09-30,M-C,gen9championsvgc2026regmcbo3,1630,Malamar-Mega,Armarouge,54.926
2026-09-30,M-C,gen9championsvgc2026regmcbo3,1630,Malamar-Mega,Staraptor-Mega,51.96
2026-09-30,M-C,gen9championsvgc2026regmcbo3,1630,Malamar-Mega,Baxcalibur,36.161
2026-09-30,M-C,gen9championsvgc2026regmcbo3,1630,Malamar-Mega,Whimsicott,16.37
2026-09-30,M-C,gen9championsvgc2026regmcbo3,1630,Malamar-Mega,Farigiraf,14.0
2026-09-30,M-C,gen9championsvgc2026regmcbo3,1630,Malamar-Mega,Archaludon,10.511
2026-09-30,M-C,gen9championsvgc2026regmcbo3,1630,Malamar-Mega,Pelipper,10.177
2026-09-30,M-C,gen9championsvgc2026regmcbo3,1630,Malamar-Mega,Indeedee,9.153
2026-09-30,M-C,gen9championsvgc2026regmcbo3,1630,Musharna,Gholdengo,53.378
2026-09-30,M-C,gen9championsvgc2026regmcbo3,1630,Musharna,Talonflame,52.994
2026-09-30,M-C,gen9championsvgc2026regmcbo3,1630,Musharna,Sneasler,52.76
2026-09-30,M-C,gen9championsvgc2026regmcbo3,1630,Musharna,Garchomp-Mega,52.758
2026-09-30,M-C,gen9championsvgc2026regmcbo3,1630,Musharna,Tyranitar-Mega,52.758
2026-09-30,M-C,gen9championsvgc2026regmcbo3,1630,Musharna,Rillaboom,40.958
2026-09-30,M-C,gen9championsvgc2026regmcbo3,1630,Musharna,Arcanine-Hisui,40.335
2026-09-30,M-C,gen9championsvgc2026regmcbo3,1630,Musharna,Annihilape,40.335
2026-09-30,M-C,gen9championsvgc2026regmcbo3,1630,Musharna,Salamence-Mega,40.335
2026-09-30,M-C,gen9championsvgc2026regmcbo3,1630,Musharna,Mr. Mime,40.335
2026-09-30,M-C,gen9championsvgc2026regmcbo3,1630,Slowking,Rillaboom,89.195
2026-09-30,M-C,gen9championsvgc2026regmcbo3,1630,Slowking,Incineroar,88.395
2026-09-30,M-C,gen9championsvgc2026regmcbo3,1630,Slowking,Hydreigon,82.665
2026-09-30,M-C,gen9championsvgc2026regmcbo3,1630,Slowking,Aggron-Mega,82.488
2026-09-30,M-C,gen9championsvgc2026regmcbo3,1630,Slowking,Blaziken-Mega,82.488
2026-09-30,M-C,gen9championsvgc2026regmcbo3,1630,Slowking,Sinistcha,4.849
2026-09-30,M-C,gen9championsvgc2026regmcbo3,1630,Slowking,Golisopod-Mega,4.826
2026-09-30,M-C,gen9championsvgc2026regmcbo3,1630,Slowking,Dragalge-Mega,4.345
2026-09-30,M-C,gen9championsvgc2026regmcbo3,1630,Slowking,Staraptor,3.407
2026-09-30,M-C,gen9championsvgc2026regmcbo3,1630,Slowking,Indeedee-F,3.379
2026-09-30,M-C,gen9championsvgc2026regmcbo3,1630,Dragalge-Mega,Rillaboom,38.259
2026-09-30,M-C,gen9championsvgc2026regmcbo3,1630,Dragalge-Mega,Incineroar,35.532
2026-09-30,M-C,gen9championsvgc2026regmcbo3,1630,Dragalge-Mega,Golisopod-Mega,27.786
2026-09-30,M-C,gen9championsvgc2026regmcbo3,1630,Dragalge-Mega,Indeedee-F,23.793
2026-09-30,M-C,gen9championsvgc2026regmcbo3,1630,Dragalge-Mega,Kingambit,23.746
2026-09-30,M-C,gen9championsvgc2026regmcbo3,1630,Dragalge-Mega,Torkoal,23.109
2026-09-30,M-C,gen9championsvgc2026regmcbo3,1630,Dragalge-Mega,Farigiraf,22.65
2026-09-30,M-C,gen9championsvgc2026regmcbo3,1630,Dragalge-Mega,Sinistcha,17.711
2026-09-30,M-C,gen9championsvgc2026regmcbo3,1630,Dragalge-Mega,Armarouge,15.092
2026-09-30,M-C,gen9championsvgc2026regmcbo3,1630,Dragalge-Mega,Primarina,14.881
2026-09-30,M-C,gen9championsvgc2026regmcbo3,1630,Tauros-Paldea-Blaze,Golisopod-Mega,65.925
2026-09-30,M-C,gen9championsvgc2026regmcbo3,1630,Tauros-Paldea-Blaze,Archaludon,65.725
2026-09-30,M-C,gen9championsvgc2026regmcbo3,1630,Tauros-Paldea-Blaze,Raichu-Mega-X,65.725
2026-09-30,M-C,gen9championsvgc2026regmcbo3,1630,Tauros-Paldea-Blaze,Pelipper,65.724
2026-09-30,M-C,gen9championsvgc2026regmcbo3,1630,Tauros-Paldea-Blaze,Milotic,42.814
2026-09-30,M-C,gen9championsvgc2026regmcbo3,1630,Tauros-Paldea-Blaze,Basculegion,24.624
2026-09-30,M-C,gen9championsvgc2026regmcbo3,1630,Tauros-Paldea-Blaze,Rillaboom,10.01
2026-09-30,M-C,gen9championsvgc2026regmcbo3,1630,Tauros-Paldea-Blaze,Indeedee-F,9.614
2026-09-30,M-C,gen9championsvgc2026regmcbo3,1630,Tauros-Paldea-Blaze,Gardevoir-Mega,5.525
2026-09-30,M-C,gen9championsvgc2026regmcbo3,1630,Tauros-Paldea-Blaze,Kingambit,5.175
2026-09-30,M-C,gen9championsvgc2026regmcbo3,1630,Banette-Mega,Archaludon,62.51
2026-09-30,M-C,gen9championsvgc2026regmcbo3,1630,Banette-Mega,Incineroar,56.944
2026-09-30,M-C,gen9championsvgc2026regmcbo3,1630,Banette-Mega,Pelipper,41.593
2026-09-30,M-C,gen9championsvgc2026regmcbo3,1630,Banette-Mega,Rillaboom,35.445
2026-09-30,M-C,gen9championsvgc2026regmcbo3,1630,Banette-Mega,Grimmsnarl,34.835
2026-09-30,M-C,gen9championsvgc2026regmcbo3,1630,Banette-Mega,Venusaur-Mega,34.8
2026-09-30,M-C,gen9championsvgc2026regmcbo3,1630,Banette-Mega,Pawmot,22.938
2026-09-30,M-C,gen9championsvgc2026regmcbo3,1630,Banette-Mega,Politoed,20.882
2026-09-30,M-C,gen9championsvgc2026regmcbo3,1630,Banette-Mega,Basculegion,15.612
2026-09-30,M-C,gen9championsvgc2026regmcbo3,1630,Banette-Mega,Sneasler,14.551
2026-09-30,M-C,gen9championsvgc2026regmcbo3,1630,Feraligatr-Mega,Incineroar,54.101
2026-09-30,M-C,gen9championsvgc2026regmcbo3,1630,Feraligatr-Mega,Rillaboom,50.686
2026-09-30,M-C,gen9championsvgc2026regmcbo3,1630,Feraligatr-Mega,Sneasler,40.638
2026-09-30,M-C,gen9championsvgc2026regmcbo3,1630,Feraligatr-Mega,Kingambit,30.53
2026-09-30,M-C,gen9championsvgc2026regmcbo3,1630,Feraligatr-Mega,Raichu-Mega-Y,28.225
2026-09-30,M-C,gen9championsvgc2026regmcbo3,1630,Feraligatr-Mega,Houndstone,18.654
2026-09-30,M-C,gen9championsvgc2026regmcbo3,1630,Feraligatr-Mega,Floette-Mega,14.736
2026-09-30,M-C,gen9championsvgc2026regmcbo3,1630,Feraligatr-Mega,Volcarona,14.033
2026-09-30,M-C,gen9championsvgc2026regmcbo3,1630,Feraligatr-Mega,Pelipper,14.016
2026-09-30,M-C,gen9championsvgc2026regmcbo3,1630,Feraligatr-Mega,Archaludon,13.597
2026-09-30,M-C,gen9championsvgc2026regmcbo3,1630,Chesnaught,Incineroar,44.072
2026-09-30,M-C,gen9championsvgc2026regmcbo3,1630,Chesnaught,Indeedee-F,36.017
2026-09-30,M-C,gen9championsvgc2026regmcbo3,1630,Chesnaught,Gengar-Mega,33.597
2026-09-30,M-C,gen9championsvgc2026regmcbo3,1630,Chesnaught,Archaludon,33.597
2026-09-30,M-C,gen9championsvgc2026regmcbo3,1630,Chesnaught,Golisopod-Mega,33.51
2026-09-30,M-C,gen9championsvgc2026regmcbo3,1630,Chesnaught,Politoed,33.51
2026-09-30,M-C,gen9championsvgc2026regmcbo3,1630,Chesnaught,Volcarona,24.921
2026-09-30,M-C,gen9championsvgc2026regmcbo3,1630,Chesnaught,Staraptor-Mega,24.914
2026-09-30,M-C,gen9championsvgc2026regmcbo3,1630,Chesnaught,Gardevoir-Mega,24.913
2026-09-30,M-C,gen9championsvgc2026regmcbo3,1630,Chesnaught,Basculegion,24.913
2026-09-30,M-C,gen9championsvgc2026regmcbo3,1630,Metagross,Salamence-Mega,28.165
2026-09-30,M-C,gen9championsvgc2026regmcbo3,1630,Metagross,Sneasler,22.999
2026-09-30,M-C,gen9championsvgc2026regmcbo3,1630,Metagross,Froslass-Mega,22.569
2026-09-30,M-C,gen9championsvgc2026regmcbo3,1630,Metagross,Rillaboom,22.054
2026-09-30,M-C,gen9championsvgc2026regmcbo3,1630,Metagross,Garchomp,22.035
2026-09-30,M-C,gen9championsvgc2026regmcbo3,1630,Metagross,Charizard-Mega-Y,14.06
2026-09-30,M-C,gen9championsvgc2026regmcbo3,1630,Metagross,Aerodactyl,13.12
2026-09-30,M-C,gen9championsvgc2026regmcbo3,1630,Metagross,Tyranitar-Mega,12.369
2026-09-30,M-C,gen9championsvgc2026regmcbo3,1630,Metagross,Basculegion,11.293
2026-09-30,M-C,gen9championsvgc2026regmcbo3,1630,Metagross,Hydreigon,11.253
2026-09-30,M-C,gen9championsvgc2026regmcbo3,1630,Wyrdeer,Rillaboom,70.202
2026-09-30,M-C,gen9championsvgc2026regmcbo3,1630,Wyrdeer,Charizard-Mega-Y,40.172
2026-09-30,M-C,gen9championsvgc2026regmcbo3,1630,Wyrdeer,Wigglytuff,37.637
2026-09-30,M-C,gen9championsvgc2026regmcbo3,1630,Wyrdeer,Garchomp-Mega,37.632
2026-09-30,M-C,gen9championsvgc2026regmcbo3,1630,Wyrdeer,Aegislash,37.632
2026-09-30,M-C,gen9championsvgc2026regmcbo3,1630,Wyrdeer,Froslass-Mega,30.68
2026-09-30,M-C,gen9championsvgc2026regmcbo3,1630,Wyrdeer,Milotic,25.375
2026-09-30,M-C,gen9championsvgc2026regmcbo3,1630,Wyrdeer,Kingambit,23.18
2026-09-30,M-C,gen9championsvgc2026regmcbo3,1630,Wyrdeer,Arcanine-Hisui,22.291
2026-09-30,M-C,gen9championsvgc2026regmcbo3,1630,Wyrdeer,Volcarona,9.864
2026-09-30,M-C,gen9championsvgc2026regmcbo3,1630,Cofagrigus,Indeedee-F,50.876
2026-09-30,M-C,gen9championsvgc2026regmcbo3,1630,Cofagrigus,Wigglytuff,44.023
2026-09-30,M-C,gen9championsvgc2026regmcbo3,1630,Cofagrigus,Armarouge,41.069
2026-09-30,M-C,gen9championsvgc2026regmcbo3,1630,Cofagrigus,Venusaur-Mega,34.129
2026-09-30,M-C,gen9championsvgc2026regmcbo3,1630,Cofagrigus,Pangoro,22.574
2026-09-30,M-C,gen9championsvgc2026regmcbo3,1630,Cofagrigus,Charizard-Mega-Y,14.993
2026-09-30,M-C,gen9championsvgc2026regmcbo3,1630,Cofagrigus,Rillaboom,13.767
2026-09-30,M-C,gen9championsvgc2026regmcbo3,1630,Cofagrigus,Kingambit,11.564
2026-09-30,M-C,gen9championsvgc2026regmcbo3,1630,Cofagrigus,Decidueye-Hisui,9.671
2026-09-30,M-C,gen9championsvgc2026regmcbo3,1630,Cofagrigus,Steelix-Mega,9.671
2026-09-30,M-C,gen9championsvgc2026regmcbo3,1630,Pikachu,Rillaboom,81.034
2026-09-30,M-C,gen9championsvgc2026regmcbo3,1630,Pikachu,Arcanine-Hisui,76.473
2026-09-30,M-C,gen9championsvgc2026regmcbo3,1630,Pikachu,Salamence-Mega,76.199
2026-09-30,M-C,gen9championsvgc2026regmcbo3,1630,Pikachu,Annihilape,57.605
2026-09-30,M-C,gen9championsvgc2026regmcbo3,1630,Pikachu,Forretress,57.605
2026-09-30,M-C,gen9championsvgc2026regmcbo3,1630,Pikachu,Gholdengo,14.987
2026-09-30,M-C,gen9championsvgc2026regmcbo3,1630,Pikachu,Raichu-Mega-Y,11.605
2026-09-30,M-C,gen9championsvgc2026regmcbo3,1630,Pikachu,Sneasler,5.523
2026-09-30,M-C,gen9championsvgc2026regmcbo3,1630,Pikachu,Charizard-Mega-Y,4.966
2026-09-30,M-C,gen9championsvgc2026regmcbo3,1630,Pikachu,Tyranitar-Mega,4.895
2026-09-30,M-C,gen9championsvgc2026regmcbo3,1630,Perrserker,Indeedee-F,42.039
2026-09-30,M-C,gen9championsvgc2026regmcbo3,1630,Perrserker,Rillaboom,32.111
2026-09-30,M-C,gen9championsvgc2026regmcbo3,1630,Perrserker,Gholdengo,27.302
2026-09-30,M-C,gen9championsvgc2026regmcbo3,1630,Perrserker,Armarouge,25.078
2026-09-30,M-C,gen9championsvgc2026regmcbo3,1630,Perrserker,Hatterene,21.355
2026-09-30,M-C,gen9championsvgc2026regmcbo3,1630,Perrserker,Sneasler,19.116
2026-09-30,M-C,gen9championsvgc2026regmcbo3,1630,Perrserker,Lucario-Mega-Z,17.477
2026-09-30,M-C,gen9championsvgc2026regmcbo3,1630,Perrserker,Golisopod-Mega,16.53
2026-09-30,M-C,gen9championsvgc2026regmcbo3,1630,Perrserker,Metagross-Mega,15.746
2026-09-30,M-C,gen9championsvgc2026regmcbo3,1630,Perrserker,Basculegion,15.675
2026-09-30,M-C,gen9championsvgc2026regmcbo3,1630,Malamar,Incineroar,64.894
2026-09-30,M-C,gen9championsvgc2026regmcbo3,1630,Malamar,Venusaur,35.323
2026-09-30,M-C,gen9championsvgc2026regmcbo3,1630,Malamar,Charizard-Mega-Y,32.671
2026-09-30,M-C,gen9championsvgc2026regmcbo3,1630,Malamar,Garchomp-Mega-Z,29.272
2026-09-30,M-C,gen9championsvgc2026regmcbo3,1630,Malamar,Rillaboom,26.95
2026-09-30,M-C,gen9championsvgc2026regmcbo3,1630,Malamar,Golisopod-Mega,23.792
2026-09-30,M-C,gen9championsvgc2026regmcbo3,1630,Malamar,Aegislash,21.829
2026-09-30,M-C,gen9championsvgc2026regmcbo3,1630,Malamar,Gengar-Mega,19.978
2026-09-30,M-C,gen9championsvgc2026regmcbo3,1630,Malamar,Pawmot,19.866
2026-09-30,M-C,gen9championsvgc2026regmcbo3,1630,Malamar,Arcanine-Hisui,15.487
2026-09-30,M-C,gen9championsvgc2026regmcbo3,1630,Clefable-Mega,Sneasler,38.466
2026-09-30,M-C,gen9championsvgc2026regmcbo3,1630,Clefable-Mega,Gholdengo,36.951
2026-09-30,M-C,gen9championsvgc2026regmcbo3,1630,Clefable-Mega,Rillaboom,32.77
2026-09-30,M-C,gen9championsvgc2026regmcbo3,1630,Clefable-Mega,Arcanine-Hisui,27.489
2026-09-30,M-C,gen9championsvgc2026regmcbo3,1630,Clefable-Mega,Excadrill,26.23
2026-09-30,M-C,gen9championsvgc2026regmcbo3,1630,Clefable-Mega,Indeedee,21.092
2026-09-30,M-C,gen9championsvgc2026regmcbo3,1630,Clefable-Mega,Tyranitar-Mega,15.381
2026-09-30,M-C,gen9championsvgc2026regmcbo3,1630,Clefable-Mega,Baxcalibur-Mega,15.17
2026-09-30,M-C,gen9championsvgc2026regmcbo3,1630,Clefable-Mega,Corviknight,14.927
2026-09-30,M-C,gen9championsvgc2026regmcbo3,1630,Clefable-Mega,Incineroar,13.482
2026-09-30,M-C,gen9championsvgc2026regmcbo3,1630,Feraligatr,Rillaboom,68.796
2026-09-30,M-C,gen9championsvgc2026regmcbo3,1630,Feraligatr,Kingambit,53.69
2026-09-30,M-C,gen9championsvgc2026regmcbo3,1630,Feraligatr,Garchomp-Mega-Z,50.984
2026-09-30,M-C,gen9championsvgc2026regmcbo3,1630,Feraligatr,Raichu-Mega-Y,50.897
2026-09-30,M-C,gen9championsvgc2026regmcbo3,1630,Feraligatr,Volcarona,50.844
2026-09-30,M-C,gen9championsvgc2026regmcbo3,1630,Feraligatr,Venusaur-Mega,19.826
2026-09-30,M-C,gen9championsvgc2026regmcbo3,1630,Feraligatr,Houndstone,19.826
2026-09-30,M-C,gen9championsvgc2026regmcbo3,1630,Feraligatr,Tyranitar-Mega,19.826
2026-09-30,M-C,gen9championsvgc2026regmcbo3,1630,Feraligatr,Emboar,16.439
2026-09-30,M-C,gen9championsvgc2026regmcbo3,1630,Feraligatr,Incineroar,15.481
2026-09-30,M-C,gen9championsvgc2026regmcbo3,1630,Quaquaval,Rillaboom,56.689
2026-09-30,M-C,gen9championsvgc2026regmcbo3,1630,Quaquaval,Garchomp,44.005
2026-09-30,M-C,gen9championsvgc2026regmcbo3,1630,Quaquaval,Incineroar,39.179
2026-09-30,M-C,gen9championsvgc2026regmcbo3,1630,Quaquaval,Gholdengo,35.691
2026-09-30,M-C,gen9championsvgc2026regmcbo3,1630,Quaquaval,Delphox-Mega,31.844
2026-09-30,M-C,gen9championsvgc2026regmcbo3,1630,Quaquaval,Gengar-Mega,25.266
2026-09-30,M-C,gen9championsvgc2026regmcbo3,1630,Quaquaval,Sinistcha,20.101
2026-09-30,M-C,gen9championsvgc2026regmcbo3,1630,Quaquaval,Grimmsnarl,19.188
2026-09-30,M-C,gen9championsvgc2026regmcbo3,1630,Quaquaval,Kingambit,17.012
2026-09-30,M-C,gen9championsvgc2026regmcbo3,1630,Quaquaval,Ninetales-Alola,15.286
2026-09-30,M-C,gen9championsvgc2026regmcbo3,1630,Torterra,Kingambit,46.437
2026-09-30,M-C,gen9championsvgc2026regmcbo3,1630,Torterra,Garchomp-Mega-Z,46.305
2026-09-30,M-C,gen9championsvgc2026regmcbo3,1630,Torterra,Sneasler,45.843
2026-09-30,M-C,gen9championsvgc2026regmcbo3,1630,Torterra,Floette-Mega,37.886
2026-09-30,M-C,gen9championsvgc2026regmcbo3,1630,Torterra,Rotom-Heat,37.841
2026-09-30,M-C,gen9championsvgc2026regmcbo3,1630,Torterra,Farigiraf,30.808
2026-09-30,M-C,gen9championsvgc2026regmcbo3,1630,Torterra,Torkoal,21.371
2026-09-30,M-C,gen9championsvgc2026regmcbo3,1630,Torterra,Pyroar-Mega,20.814
2026-09-30,M-C,gen9championsvgc2026regmcbo3,1630,Torterra,Heliolisk,20.814
2026-09-30,M-C,gen9championsvgc2026regmcbo3,1630,Torterra,Scrafty,19.338
2026-09-30,M-C,gen9championsvgc2026regmcbo3,1630,Pangoro,Indeedee-F,83.113
2026-09-30,M-C,gen9championsvgc2026regmcbo3,1630,Pangoro,Camerupt-Mega,30.007
2026-09-30,M-C,gen9championsvgc2026regmcbo3,1630,Pangoro,Venusaur-Mega,28.814
2026-09-30,M-C,gen9championsvgc2026regmcbo3,1630,Pangoro,Armarouge,28.149
2026-09-30,M-C,gen9championsvgc2026regmcbo3,1630,Pangoro,Gardevoir-Mega,27.757
2026-09-30,M-C,gen9championsvgc2026regmcbo3,1630,Pangoro,Cofagrigus,27.695
2026-09-30,M-C,gen9championsvgc2026regmcbo3,1630,Pangoro,Wigglytuff,27.653
2026-09-30,M-C,gen9championsvgc2026regmcbo3,1630,Pangoro,Hatterene,27.535
2026-09-30,M-C,gen9championsvgc2026regmcbo3,1630,Pangoro,Sneasler,27.037
2026-09-30,M-C,gen9championsvgc2026regmcbo3,1630,Pangoro,Vanilluxe,24.991
2026-09-30,M-C,gen9championsvgc2026regmcbo3,1630,Toxicroak,Pelipper,82.892
2026-09-30,M-C,gen9championsvgc2026regmcbo3,1630,Toxicroak,Archaludon,77.077
2026-09-30,M-C,gen9championsvgc2026regmcbo3,1630,Toxicroak,Salamence-Mega,60.956
2026-09-30,M-C,gen9championsvgc2026regmcbo3,1630,Toxicroak,Volcarona,59.666
2026-09-30,M-C,gen9championsvgc2026regmcbo3,1630,Toxicroak,Basculegion,57.124
2026-09-30,M-C,gen9championsvgc2026regmcbo3,1630,Toxicroak,Incineroar,19.189
2026-09-30,M-C,gen9championsvgc2026regmcbo3,1630,Toxicroak,Aerodactyl-Mega,19.189
2026-09-30,M-C,gen9championsvgc2026regmcbo3,1630,Toxicroak,Venusaur-Mega,19.189
2026-09-30,M-C,gen9championsvgc2026regmcbo3,1630,Toxicroak,Politoed,6.644
2026-09-30,M-C,gen9championsvgc2026regmcbo3,1630,Toxicroak,Golisopod-Mega,5.894
2026-09-30,M-C,gen9championsvgc2026regmcbo3,1630,Raichu-Alola,Pincurchin,87.404
2026-09-30,M-C,gen9championsvgc2026regmcbo3,1630,Raichu-Alola,Indeedee-F,48.276
2026-09-30,M-C,gen9championsvgc2026regmcbo3,1630,Raichu-Alola,Sneasler,26.269
2026-09-30,M-C,gen9championsvgc2026regmcbo3,1630,Raichu-Alola,Rillaboom,24.329
2026-09-30,M-C,gen9championsvgc2026regmcbo3,1630,Raichu-Alola,Kingambit,21.738
2026-09-30,M-C,gen9championsvgc2026regmcbo3,1630,Raichu-Alola,Staraptor-Mega,21.025
2026-09-30,M-C,gen9championsvgc2026regmcbo3,1630,Raichu-Alola,Blastoise-Mega,17.473
2026-09-30,M-C,gen9championsvgc2026regmcbo3,1630,Raichu-Alola,Lucario-Mega-Z,16.962
2026-09-30,M-C,gen9championsvgc2026regmcbo3,1630,Raichu-Alola,Metagross-Mega,16.893
2026-09-30,M-C,gen9championsvgc2026regmcbo3,1630,Raichu-Alola,Basculegion,15.88
2026-09-30,M-C,gen9championsvgc2026regmcbo3,1630,Greninja,Charizard-Mega-Y,44.233
2026-09-30,M-C,gen9championsvgc2026regmcbo3,1630,Greninja,Venusaur,41.906
2026-09-30,M-C,gen9championsvgc2026regmcbo3,1630,Greninja,Incineroar,34.73
2026-09-30,M-C,gen9championsvgc2026regmcbo3,1630,Greninja,Farigiraf,28.912
2026-09-30,M-C,gen9championsvgc2026regmcbo3,1630,Greninja,Empoleon,22.058
2026-09-30,M-C,gen9championsvgc2026regmcbo3,1630,Greninja,Rillaboom,22.039
2026-09-30,M-C,gen9championsvgc2026regmcbo3,1630,Greninja,Steelix-Mega,18.816
2026-09-30,M-C,gen9championsvgc2026regmcbo3,1630,Greninja,Clefable,18.816
2026-09-30,M-C,gen9championsvgc2026regmcbo3,1630,Greninja,Swampert,17.454
2026-09-30,M-C,gen9championsvgc2026regmcbo3,1630,Greninja,Golisopod-Mega,13.303
2026-09-30,M-C,gen9championsvgc2026regmcbo3,1630,Forretress,Rillaboom,77.989
2026-09-30,M-C,gen9championsvgc2026regmcbo3,1630,Forretress,Salamence-Mega,75.504
2026-09-30,M-C,gen9championsvgc2026regmcbo3,1630,Forretress,Arcanine-Hisui,75.303
2026-09-30,M-C,gen9championsvgc2026regmcbo3,1630,Forretress,Annihilape,75.303
2026-09-30,M-C,gen9championsvgc2026regmcbo3,1630,Forretress,Pikachu,75.303
2026-09-30,M-C,gen9championsvgc2026regmcbo3,1630,Forretress,Incineroar,3.354
2026-09-30,M-C,gen9championsvgc2026regmcbo3,1630,Forretress,Gengar-Mega,3.029
2026-09-30,M-C,gen9championsvgc2026regmcbo3,1630,Forretress,Primarina,3.009
2026-09-30,M-C,gen9championsvgc2026regmcbo3,1630,Forretress,Grimmsnarl,2.685
2026-09-30,M-C,gen9championsvgc2026regmcbo3,1630,Forretress,Sinistcha,0.665
2026-09-30,M-C,gen9championsvgc2026regmcbo3,1630,Clawitzer,Indeedee-F,63.46
2026-09-30,M-C,gen9championsvgc2026regmcbo3,1630,Clawitzer,Armarouge,56.946
2026-09-30,M-C,gen9championsvgc2026regmcbo3,1630,Clawitzer,Golisopod-Mega,53.806
2026-09-30,M-C,gen9championsvgc2026regmcbo3,1630,Clawitzer,Kingambit,46.847
2026-09-30,M-C,gen9championsvgc2026regmcbo3,1630,Clawitzer,Golurk-Mega,36.485
2026-09-30,M-C,gen9championsvgc2026regmcbo3,1630,Clawitzer,Sinistcha,18.351
2026-09-30,M-C,gen9championsvgc2026regmcbo3,1630,Clawitzer,Pelipper,12.868
2026-09-30,M-C,gen9championsvgc2026regmcbo3,1630,Clawitzer,Archaludon,12.704
2026-09-30,M-C,gen9championsvgc2026regmcbo3,1630,Clawitzer,Swampert-Mega,12.703
2026-09-30,M-C,gen9championsvgc2026regmcbo3,1630,Clawitzer,Basculegion,11.41
2026-09-30,M-C,gen9championsvgc2026regmcbo3,1630,Goodra,Basculegion,71.655
2026-09-30,M-C,gen9championsvgc2026regmcbo3,1630,Goodra,Lucario-Mega-Z,67.659
2026-09-30,M-C,gen9championsvgc2026regmcbo3,1630,Goodra,Incineroar,52.639
2026-09-30,M-C,gen9championsvgc2026regmcbo3,1630,Goodra,Sinistcha,51.339
2026-09-30,M-C,gen9championsvgc2026regmcbo3,1630,Goodra,Ninetales-Alola,49.504
2026-09-30,M-C,gen9championsvgc2026regmcbo3,1630,Goodra,Rillaboom,34.863
2026-09-30,M-C,gen9championsvgc2026regmcbo3,1630,Goodra,Golisopod-Mega,25.497
2026-09-30,M-C,gen9championsvgc2026regmcbo3,1630,Goodra,Pelipper,24.594
2026-09-30,M-C,gen9championsvgc2026regmcbo3,1630,Goodra,Archaludon,22.163
2026-09-30,M-C,gen9championsvgc2026regmcbo3,1630,Goodra,Milotic,17.596
2026-09-30,M-C,gen9championsvgc2026regmcbo3,1630,Hawlucha,Metagross-Mega,39.339
2026-09-30,M-C,gen9championsvgc2026regmcbo3,1630,Hawlucha,Indeedee,36.295
2026-09-30,M-C,gen9championsvgc2026regmcbo3,1630,Hawlucha,Indeedee-F,31.511
2026-09-30,M-C,gen9championsvgc2026regmcbo3,1630,Hawlucha,Kingambit,30.233
2026-09-30,M-C,gen9championsvgc2026regmcbo3,1630,Hawlucha,Pelipper,27.589
2026-09-30,M-C,gen9championsvgc2026regmcbo3,1630,Hawlucha,Swampert-Mega,23.632
2026-09-30,M-C,gen9championsvgc2026regmcbo3,1630,Hawlucha,Salamence-Mega,18.44
2026-09-30,M-C,gen9championsvgc2026regmcbo3,1630,Hawlucha,Raichu-Mega-Y,18.36
2026-09-30,M-C,gen9championsvgc2026regmcbo3,1630,Hawlucha,Rillaboom,17.737
2026-09-30,M-C,gen9championsvgc2026regmcbo3,1630,Hawlucha,Hydreigon,15.936
2026-09-30,M-C,gen9championsvgc2026regmcbo3,1630,Gallade-Mega,Indeedee-F,40.272
2026-09-30,M-C,gen9championsvgc2026regmcbo3,1630,Gallade-Mega,Torkoal,19.902
2026-09-30,M-C,gen9championsvgc2026regmcbo3,1630,Gallade-Mega,Kingambit,19.731
2026-09-30,M-C,gen9championsvgc2026regmcbo3,1630,Gallade-Mega,Gardevoir-Mega,18.916
2026-09-30,M-C,gen9championsvgc2026regmcbo3,1630,Gallade-Mega,Milotic,16.66
2026-09-30,M-C,gen9championsvgc2026regmcbo3,1630,Gallade-Mega,Basculegion,16.476
2026-09-30,M-C,gen9championsvgc2026regmcbo3,1630,Gallade-Mega,Armarouge,15.667
2026-09-30,M-C,gen9championsvgc2026regmcbo3,1630,Gallade-Mega,Sneasler,14.807
2026-09-30,M-C,gen9championsvgc2026regmcbo3,1630,Gallade-Mega,Sinistcha,13.347
2026-09-30,M-C,gen9championsvgc2026regmcbo3,1630,Gallade-Mega,Whimsicott,12.06
2026-09-30,M-C,gen9championsvgc2026regmcbo3,1630,Jolteon,Incineroar,67.211
2026-09-30,M-C,gen9championsvgc2026regmcbo3,1630,Jolteon,Raichu-Mega-X,60.99
2026-09-30,M-C,gen9championsvgc2026regmcbo3,1630,Jolteon,Hydreigon,57.332
2026-09-30,M-C,gen9championsvgc2026regmcbo3,1630,Jolteon,Kangaskhan-Mega,53.381
2026-09-30,M-C,gen9championsvgc2026regmcbo3,1630,Jolteon,Polteageist,53.381
2026-09-30,M-C,gen9championsvgc2026regmcbo3,1630,Jolteon,Pelipper,15.705
2026-09-30,M-C,gen9championsvgc2026regmcbo3,1630,Jolteon,Sceptile-Mega,14.391
2026-09-30,M-C,gen9championsvgc2026regmcbo3,1630,Jolteon,Sneasler,9.274
2026-09-30,M-C,gen9championsvgc2026regmcbo3,1630,Jolteon,Golisopod-Mega,8.427
2026-09-30,M-C,gen9championsvgc2026regmcbo3,1630,Jolteon,Gholdengo,8.249
2026-09-30,M-C,gen9championsvgc2026regmcbo3,1630,Salazzle,Salamence-Mega,53.036
2026-09-30,M-C,gen9championsvgc2026regmcbo3,1630,Salazzle,Kingambit,48.146
2026-09-30,M-C,gen9championsvgc2026regmcbo3,1630,Salazzle,Sneasler,42.61
2026-09-30,M-C,gen9championsvgc2026regmcbo3,1630,Salazzle,Rillaboom,29.713
2026-09-30,M-C,gen9championsvgc2026regmcbo3,1630,Salazzle,Sinistcha,25.104
2026-09-30,M-C,gen9championsvgc2026regmcbo3,1630,Salazzle,Aerodactyl-Mega,22.818
2026-09-30,M-C,gen9championsvgc2026regmcbo3,1630,Salazzle,Sylveon,22.372
2026-09-30,M-C,gen9championsvgc2026regmcbo3,1630,Salazzle,Basculegion,18.667
2026-09-30,M-C,gen9championsvgc2026regmcbo3,1630,Salazzle,Floette-Mega,17.362
2026-09-30,M-C,gen9championsvgc2026regmcbo3,1630,Salazzle,Gholdengo,16.007
2026-09-30,M-C,gen9championsvgc2026regmcbo3,1760,Rillaboom,Incineroar,47.837
2026-09-30,M-C,gen9championsvgc2026regmcbo3,1760,Rillaboom,Sneasler,42.475
2026-09-30,M-C,gen9championsvgc2026regmcbo3,1760,Rillaboom,Gholdengo,35.412
2026-09-30,M-C,gen9championsvgc2026regmcbo3,1760,Rillaboom,Kingambit,30.088
2026-09-30,M-C,gen9championsvgc2026regmcbo3,1760,Rillaboom,Raichu-Mega-Y,29.734
2026-09-30,M-C,gen9championsvgc2026regmcbo3,1760,Rillaboom,Salamence-Mega,29.097
2026-09-30,M-C,gen9championsvgc2026regmcbo3,1760,Rillaboom,Floette-Mega,21.82
2026-09-30,M-C,gen9championsvgc2026regmcbo3,1760,Rillaboom,Arcanine-Hisui,20.034
2026-09-30,M-C,gen9championsvgc2026regmcbo3,1760,Rillaboom,Volcarona,14.935
2026-09-30,M-C,gen9championsvgc2026regmcbo3,1760,Rillaboom,Basculegion,14.19
2026-09-30,M-C,gen9championsvgc2026regmcbo3,1760,Sneasler,Rillaboom,53.522
2026-09-30,M-C,gen9championsvgc2026regmcbo3,1760,Sneasler,Kingambit,43.832
2026-09-30,M-C,gen9championsvgc2026regmcbo3,1760,Sneasler,Incineroar,41.491
2026-09-30,M-C,gen9championsvgc2026regmcbo3,1760,Sneasler,Salamence-Mega,33.329
2026-09-30,M-C,gen9championsvgc2026regmcbo3,1760,Sneasler,Floette-Mega,29.54
2026-09-30,M-C,gen9championsvgc2026regmcbo3,1760,Sneasler,Gholdengo,24.59
2026-09-30,M-C,gen9championsvgc2026regmcbo3,1760,Sneasler,Basculegion,20.497
2026-09-30,M-C,gen9championsvgc2026regmcbo3,1760,Sneasler,Arcanine-Hisui,16.413
2026-09-30,M-C,gen9championsvgc2026regmcbo3,1760,Sneasler,Indeedee-F,13.29
2026-09-30,M-C,gen9championsvgc2026regmcbo3,1760,Sneasler,Raichu-Mega-Y,13.161
2026-09-30,M-C,gen9championsvgc2026regmcbo3,1760,Incineroar,Rillaboom,62.457
2026-09-30,M-C,gen9championsvgc2026regmcbo3,1760,Incineroar,Sneasler,42.991
2026-09-30,M-C,gen9championsvgc2026regmcbo3,1760,Incineroar,Floette-Mega,35.874
2026-09-30,M-C,gen9championsvgc2026regmcbo3,1760,Incineroar,Gholdengo,25.454
2026-09-30,M-C,gen9championsvgc2026regmcbo3,1760,Incineroar,Kingambit,24.082
2026-09-30,M-C,gen9championsvgc2026regmcbo3,1760,Incineroar,Gengar-Mega,18.374
2026-09-30,M-C,gen9championsvgc2026regmcbo3,1760,Incineroar,Charizard-Mega-Y,14.468
2026-09-30,M-C,gen9championsvgc2026regmcbo3,1760,Incineroar,Garchomp-Mega-Z,13.661
2026-09-30,M-C,gen9championsvgc2026regmcbo3,1760,Incineroar,Raichu-Mega-Y,13.257
2026-09-30,M-C,gen9championsvgc2026regmcbo3,1760,Incineroar,Garchomp,13.234
2026-09-30,M-C,gen9championsvgc2026regmcbo3,1760,Kingambit,Sneasler,55.24
2026-09-30,M-C,gen9championsvgc2026regmcbo3,1760,Kingambit,Rillaboom,47.78
2026-09-30,M-C,gen9championsvgc2026regmcbo3,1760,Kingambit,Incineroar,29.29
2026-09-30,M-C,gen9championsvgc2026regmcbo3,1760,Kingambit,Salamence-Mega,28.82
2026-09-30,M-C,gen9championsvgc2026regmcbo3,1760,Kingambit,Basculegion,25.285
2026-09-30,M-C,gen9championsvgc2026regmcbo3,1760,Kingambit,Floette-Mega,20.675
2026-09-30,M-C,gen9championsvgc2026regmcbo3,1760,Kingambit,Charizard-Mega-Y,20.121
2026-09-30,M-C,gen9championsvgc2026regmcbo3,1760,Kingambit,Garchomp,16.798
2026-09-30,M-C,gen9championsvgc2026regmcbo3,1760,Kingambit,Farigiraf,15.435
2026-09-30,M-C,gen9championsvgc2026regmcbo3,1760,Kingambit,Sylveon,14.835
2026-09-30,M-C,gen9championsvgc2026regmcbo3,1760,Salamence-Mega,Rillaboom,63.822
2026-09-30,M-C,gen9championsvgc2026regmcbo3,1760,Salamence-Mega,Sneasler,58.017
2026-09-30,M-C,gen9championsvgc2026regmcbo3,1760,Salamence-Mega,Kingambit,39.808
2026-09-30,M-C,gen9championsvgc2026regmcbo3,1760,Salamence-Mega,Gholdengo,32.394
2026-09-30,M-C,gen9championsvgc2026regmcbo3,1760,Salamence-Mega,Arcanine-Hisui,28.154
2026-09-30,M-C,gen9championsvgc2026regmcbo3,1760,Salamence-Mega,Basculegion,20.524
2026-09-30,M-C,gen9championsvgc2026regmcbo3,1760,Salamence-Mega,Raichu-Mega-Y,19.859
2026-09-30,M-C,gen9championsvgc2026regmcbo3,1760,Salamence-Mega,Incineroar,19.825
2026-09-30,M-C,gen9championsvgc2026regmcbo3,1760,Salamence-Mega,Floette-Mega,15.212
2026-09-30,M-C,gen9championsvgc2026regmcbo3,1760,Salamence-Mega,Milotic,13.81
2026-09-30,M-C,gen9championsvgc2026regmcbo3,1760,Gholdengo,Rillaboom,80.231
2026-09-30,M-C,gen9championsvgc2026regmcbo3,1760,Gholdengo,Raichu-Mega-Y,45.082
2026-09-30,M-C,gen9championsvgc2026regmcbo3,1760,Gholdengo,Sneasler,44.214
2026-09-30,M-C,gen9championsvgc2026regmcbo3,1760,Gholdengo,Incineroar,44.169
2026-09-30,M-C,gen9championsvgc2026regmcbo3,1760,Gholdengo,Salamence-Mega,33.461
2026-09-30,M-C,gen9championsvgc2026regmcbo3,1760,Gholdengo,Arcanine-Hisui,27.708
2026-09-30,M-C,gen9championsvgc2026regmcbo3,1760,Gholdengo,Floette-Mega,24.986
2026-09-30,M-C,gen9championsvgc2026regmcbo3,1760,Gholdengo,Staraptor-Mega,21.461
2026-09-30,M-C,gen9championsvgc2026regmcbo3,1760,Gholdengo,Sylveon,16.225
2026-09-30,M-C,gen9championsvgc2026regmcbo3,1760,Gholdengo,Dragonite-Mega,13.03
2026-09-30,M-C,gen9championsvgc2026regmcbo3,1760,Charizard-Mega-Y,Garchomp,43.881
2026-09-30,M-C,gen9championsvgc2026regmcbo3,1760,Charizard-Mega-Y,Venusaur,33.212
2026-09-30,M-C,gen9championsvgc2026regmcbo3,1760,Charizard-Mega-Y,Kingambit,32.625
2026-09-30,M-C,gen9championsvgc2026regmcbo3,1760,Charizard-Mega-Y,Archaludon,29.861
2026-09-30,M-C,gen9championsvgc2026regmcbo3,1760,Charizard-Mega-Y,Incineroar,28.532
2026-09-30,M-C,gen9championsvgc2026regmcbo3,1760,Charizard-Mega-Y,Grimmsnarl,28.244
2026-09-30,M-C,gen9championsvgc2026regmcbo3,1760,Charizard-Mega-Y,Sylveon,25.885
2026-09-30,M-C,gen9championsvgc2026regmcbo3,1760,Charizard-Mega-Y,Pelipper,25.563
2026-09-30,M-C,gen9championsvgc2026regmcbo3,1760,Charizard-Mega-Y,Farigiraf,24.062
2026-09-30,M-C,gen9championsvgc2026regmcbo3,1760,Charizard-Mega-Y,Basculegion,21.496
2026-09-30,M-C,gen9championsvgc2026regmcbo3,1760,Raichu-Mega-Y,Rillaboom,82.766
2026-09-30,M-C,gen9championsvgc2026regmcbo3,1760,Raichu-Mega-Y,Gholdengo,55.387
2026-09-30,M-C,gen9championsvgc2026regmcbo3,1760,Raichu-Mega-Y,Arcanine-Hisui,41.507
2026-09-30,M-C,gen9championsvgc2026regmcbo3,1760,Raichu-Mega-Y,Sneasler,29.072
2026-09-30,M-C,gen9championsvgc2026regmcbo3,1760,Raichu-Mega-Y,Incineroar,28.263
2026-09-30,M-C,gen9championsvgc2026regmcbo3,1760,Raichu-Mega-Y,Staraptor-Mega,27.019
2026-09-30,M-C,gen9championsvgc2026regmcbo3,1760,Raichu-Mega-Y,Salamence-Mega,25.202
2026-09-30,M-C,gen9championsvgc2026regmcbo3,1760,Raichu-Mega-Y,Kingambit,24.596
2026-09-30,M-C,gen9championsvgc2026regmcbo3,1760,Raichu-Mega-Y,Sylveon,23.811
2026-09-30,M-C,gen9championsvgc2026regmcbo3,1760,Raichu-Mega-Y,Volcarona,17.365
2026-09-30,M-C,gen9championsvgc2026regmcbo3,1760,Floette-Mega,Incineroar,79.433
2026-09-30,M-C,gen9championsvgc2026regmcbo3,1760,Floette-Mega,Sneasler,67.774
2026-09-30,M-C,gen9championsvgc2026regmcbo3,1760,Floette-Mega,Rillaboom,63.08
2026-09-30,M-C,gen9championsvgc2026regmcbo3,1760,Floette-Mega,Kingambit,37.639
2026-09-30,M-C,gen9championsvgc2026regmcbo3,1760,Floette-Mega,Gholdengo,31.882
2026-09-30,M-C,gen9championsvgc2026regmcbo3,1760,Floette-Mega,Basculegion,23.418
2026-09-30,M-C,gen9championsvgc2026regmcbo3,1760,Floette-Mega,Salamence-Mega,20.05
2026-09-30,M-C,gen9championsvgc2026regmcbo3,1760,Floette-Mega,Garchomp,15.394
2026-09-30,M-C,gen9championsvgc2026regmcbo3,1760,Floette-Mega,Dragonite-Mega,14.32
2026-09-30,M-C,gen9championsvgc2026regmcbo3,1760,Floette-Mega,Sinistcha,13.768
2026-09-30,M-C,gen9championsvgc2026regmcbo3,1760,Basculegion,Sneasler,48.006
2026-09-30,M-C,gen9championsvgc2026regmcbo3,1760,Basculegion,Kingambit,46.99
2026-09-30,M-C,gen9championsvgc2026regmcbo3,1760,Basculegion,Rillaboom,41.877
2026-09-30,M-C,gen9championsvgc2026regmcbo3,1760,Basculegion,Incineroar,28.49
2026-09-30,M-C,gen9championsvgc2026regmcbo3,1760,Basculegion,Salamence-Mega,27.614
2026-09-30,M-C,gen9championsvgc2026regmcbo3,1760,Basculegion,Whimsicott,26.572
2026-09-30,M-C,gen9championsvgc2026regmcbo3,1760,Basculegion,Charizard-Mega-Y,24.638
2026-09-30,M-C,gen9championsvgc2026regmcbo3,1760,Basculegion,Floette-Mega,23.905
2026-09-30,M-C,gen9championsvgc2026regmcbo3,1760,Basculegion,Garchomp,18.958
2026-09-30,M-C,gen9championsvgc2026regmcbo3,1760,Basculegion,Volcarona,15.4
2026-09-30,M-C,gen9championsvgc2026regmcbo3,1760,Arcanine-Hisui,Rillaboom,69.991
2026-09-30,M-C,gen9championsvgc2026regmcbo3,1760,Arcanine-Hisui,Raichu-Mega-Y,52.095
2026-09-30,M-C,gen9championsvgc2026regmcbo3,1760,Arcanine-Hisui,Sneasler,45.505
2026-09-30,M-C,gen9championsvgc2026regmcbo3,1760,Arcanine-Hisui,Salamence-Mega,44.842
2026-09-30,M-C,gen9championsvgc2026regmcbo3,1760,Arcanine-Hisui,Gholdengo,42.724
2026-09-30,M-C,gen9championsvgc2026regmcbo3,1760,Arcanine-Hisui,Kingambit,30.729
2026-09-30,M-C,gen9championsvgc2026regmcbo3,1760,Arcanine-Hisui,Sylveon,29.073
2026-09-30,M-C,gen9championsvgc2026regmcbo3,1760,Arcanine-Hisui,Staraptor-Mega,25.519
2026-09-30,M-C,gen9championsvgc2026regmcbo3,1760,Arcanine-Hisui,Milotic,16.871
2026-09-30,M-C,gen9championsvgc2026regmcbo3,1760,Arcanine-Hisui,Froslass-Mega,11.468
2026-09-30,M-C,gen9championsvgc2026regmcbo3,1760,Archaludon,Pelipper,58.349
2026-09-30,M-C,gen9championsvgc2026regmcbo3,1760,Archaludon,Grimmsnarl,48.095
2026-09-30,M-C,gen9championsvgc2026regmcbo3,1760,Archaludon,Charizard-Mega-Y,41.904
2026-09-30,M-C,gen9championsvgc2026regmcbo3,1760,Archaludon,Swampert-Mega,32.978
2026-09-30,M-C,gen9championsvgc2026regmcbo3,1760,Archaludon,Venusaur,32.449
2026-09-30,M-C,gen9championsvgc2026regmcbo3,1760,Archaludon,Politoed,29.858
2026-09-30,M-C,gen9championsvgc2026regmcbo3,1760,Archaludon,Rillaboom,27.128
2026-09-30,M-C,gen9championsvgc2026regmcbo3,1760,Archaludon,Golisopod-Mega,24.867
2026-09-30,M-C,gen9championsvgc2026regmcbo3,1760,Archaludon,Incineroar,24.449
2026-09-30,M-C,gen9championsvgc2026regmcbo3,1760,Archaludon,Gengar-Mega,21.045
2026-09-30,M-C,gen9championsvgc2026regmcbo3,1760,Sylveon,Rillaboom,45.307
2026-09-30,M-C,gen9championsvgc2026regmcbo3,1760,Sylveon,Charizard-Mega-Y,37.766
2026-09-30,M-C,gen9championsvgc2026regmcbo3,1760,Sylveon,Farigiraf,35.398
2026-09-30,M-C,gen9championsvgc2026regmcbo3,1760,Sylveon,Kingambit,35.096
2026-09-30,M-C,gen9championsvgc2026regmcbo3,1760,Sylveon,Raichu-Mega-Y,32.135
2026-09-30,M-C,gen9championsvgc2026regmcbo3,1760,Sylveon,Garchomp,31.327
2026-09-30,M-C,gen9championsvgc2026regmcbo3,1760,Sylveon,Arcanine-Hisui,31.263
2026-09-30,M-C,gen9championsvgc2026regmcbo3,1760,Sylveon,Incineroar,28.469
2026-09-30,M-C,gen9championsvgc2026regmcbo3,1760,Sylveon,Gholdengo,26.902
2026-09-30,M-C,gen9championsvgc2026regmcbo3,1760,Sylveon,Staraptor-Mega,22.707
2026-09-30,M-C,gen9championsvgc2026regmcbo3,1760,Garchomp,Charizard-Mega-Y,68.65
2026-09-30,M-C,gen9championsvgc2026regmcbo3,1760,Garchomp,Kingambit,42.61
2026-09-30,M-C,gen9championsvgc2026regmcbo3,1760,Garchomp,Incineroar,40.83
2026-09-30,M-C,gen9championsvgc2026regmcbo3,1760,Garchomp,Sylveon,33.592
2026-09-30,M-C,gen9championsvgc2026regmcbo3,1760,Garchomp,Whimsicott,28.165
2026-09-30,M-C,gen9championsvgc2026regmcbo3,1760,Garchomp,Basculegion,25.878
2026-09-30,M-C,gen9championsvgc2026regmcbo3,1760,Garchomp,Farigiraf,23.951
2026-09-30,M-C,gen9championsvgc2026regmcbo3,1760,Garchomp,Floette-Mega,21.451
2026-09-30,M-C,gen9championsvgc2026regmcbo3,1760,Garchomp,Aerodactyl-Mega,20.163
2026-09-30,M-C,gen9championsvgc2026regmcbo3,1760,Garchomp,Sneasler,19.512
2026-09-30,M-C,gen9championsvgc2026regmcbo3,1760,Indeedee-F,Sneasler,43.558
2026-09-30,M-C,gen9championsvgc2026regmcbo3,1760,Indeedee-F,Gardevoir-Mega,32.992
2026-09-30,M-C,gen9championsvgc2026regmcbo3,1760,Indeedee-F,Armarouge,27.249
2026-09-30,M-C,gen9championsvgc2026regmcbo3,1760,Indeedee-F,Kingambit,25.114
2026-09-30,M-C,gen9championsvgc2026regmcbo3,1760,Indeedee-F,Incineroar,22.365
2026-09-30,M-C,gen9championsvgc2026regmcbo3,1760,Indeedee-F,Milotic,17.199
2026-09-30,M-C,gen9championsvgc2026regmcbo3,1760,Indeedee-F,Basculegion,15.381
2026-09-30,M-C,gen9championsvgc2026regmcbo3,1760,Indeedee-F,Salamence-Mega,14.096
2026-09-30,M-C,gen9championsvgc2026regmcbo3,1760,Indeedee-F,Staraptor-Mega,12.229
2026-09-30,M-C,gen9championsvgc2026regmcbo3,1760,Indeedee-F,Golisopod-Mega,11.071
2026-09-30,M-C,gen9championsvgc2026regmcbo3,1760,Farigiraf,Kingambit,41.677
2026-09-30,M-C,gen9championsvgc2026regmcbo3,1760,Farigiraf,Sylveon,40.403
2026-09-30,M-C,gen9championsvgc2026regmcbo3,1760,Farigiraf,Charizard-Mega-Y,40.07
2026-09-30,M-C,gen9championsvgc2026regmcbo3,1760,Farigiraf,Incineroar,34.276
2026-09-30,M-C,gen9championsvgc2026regmcbo3,1760,Farigiraf,Garchomp,25.495
2026-09-30,M-C,gen9championsvgc2026regmcbo3,1760,Farigiraf,Rillaboom,25.311
2026-09-30,M-C,gen9championsvgc2026regmcbo3,1760,Farigiraf,Aerodactyl-Mega,21.458
2026-09-30,M-C,gen9championsvgc2026regmcbo3,1760,Farigiraf,Golisopod-Mega,19.674
2026-09-30,M-C,gen9championsvgc2026regmcbo3,1760,Farigiraf,Archaludon,16.936
2026-09-30,M-C,gen9championsvgc2026regmcbo3,1760,Farigiraf,Garchomp-Mega-Z,15.553
2026-09-30,M-C,gen9championsvgc2026regmcbo3,1760,Pelipper,Archaludon,82.69
2026-09-30,M-C,gen9championsvgc2026regmcbo3,1760,Pelipper,Grimmsnarl,58.166
2026-09-30,M-C,gen9championsvgc2026regmcbo3,1760,Pelipper,Charizard-Mega-Y,50.838
2026-09-30,M-C,gen9championsvgc2026regmcbo3,1760,Pelipper,Venusaur,45.343
2026-09-30,M-C,gen9championsvgc2026regmcbo3,1760,Pelipper,Swampert-Mega,44.507
2026-09-30,M-C,gen9championsvgc2026regmcbo3,1760,Pelipper,Golisopod-Mega,24.839
2026-09-30,M-C,gen9championsvgc2026regmcbo3,1760,Pelipper,Basculegion,16.123
2026-09-30,M-C,gen9championsvgc2026regmcbo3,1760,Pelipper,Garchomp-Mega-Z,13.915
2026-09-30,M-C,gen9championsvgc2026regmcbo3,1760,Pelipper,Sneasler,12.161
2026-09-30,M-C,gen9championsvgc2026regmcbo3,1760,Pelipper,Farigiraf,10.906
2026-09-30,M-C,gen9championsvgc2026regmcbo3,1760,Volcarona,Rillaboom,80.021
2026-09-30,M-C,gen9championsvgc2026regmcbo3,1760,Volcarona,Raichu-Mega-Y,33.427
2026-09-30,M-C,gen9championsvgc2026regmcbo3,1760,Volcarona,Salamence-Mega,32.555
2026-09-30,M-C,gen9championsvgc2026regmcbo3,1760,Volcarona,Incineroar,29.095
2026-09-30,M-C,gen9championsvgc2026regmcbo3,1760,Volcarona,Basculegion,27.959
2026-09-30,M-C,gen9championsvgc2026regmcbo3,1760,Volcarona,Kingambit,27.336
2026-09-30,M-C,gen9championsvgc2026regmcbo3,1760,Volcarona,Garchomp-Mega-Z,27.131
2026-09-30,M-C,gen9championsvgc2026regmcbo3,1760,Volcarona,Gholdengo,26.367
2026-09-30,M-C,gen9championsvgc2026regmcbo3,1760,Volcarona,Sneasler,23.309
2026-09-30,M-C,gen9championsvgc2026regmcbo3,1760,Volcarona,Glimmora-Mega,18.528
2026-09-30,M-C,gen9championsvgc2026regmcbo3,1760,Garchomp-Mega-Z,Rillaboom,64.096
2026-09-30,M-C,gen9championsvgc2026regmcbo3,1760,Garchomp-Mega-Z,Incineroar,57.677
2026-09-30,M-C,gen9championsvgc2026regmcbo3,1760,Garchomp-Mega-Z,Sneasler,39.252
2026-09-30,M-C,gen9championsvgc2026regmcbo3,1760,Garchomp-Mega-Z,Volcarona,27.912
2026-09-30,M-C,gen9championsvgc2026regmcbo3,1760,Garchomp-Mega-Z,Gholdengo,26.674
2026-09-30,M-C,gen9championsvgc2026regmcbo3,1760,Garchomp-Mega-Z,Farigiraf,19.994
2026-09-30,M-C,gen9championsvgc2026regmcbo3,1760,Garchomp-Mega-Z,Raichu-Mega-Y,19.743
2026-09-30,M-C,gen9championsvgc2026regmcbo3,1760,Garchomp-Mega-Z,Kingambit,18.575
2026-09-30,M-C,gen9championsvgc2026regmcbo3,1760,Garchomp-Mega-Z,Basculegion,17.954
2026-09-30,M-C,gen9championsvgc2026regmcbo3,1760,Garchomp-Mega-Z,Charizard-Mega-Y,17.628
2026-09-30,M-C,gen9championsvgc2026regmcbo3,1760,Gengar-Mega,Incineroar,80.352
2026-09-30,M-C,gen9championsvgc2026regmcbo3,1760,Gengar-Mega,Rillaboom,79.34
2026-09-30,M-C,gen9championsvgc2026regmcbo3,1760,Gengar-Mega,Politoed,54.475
2026-09-30,M-C,gen9championsvgc2026regmcbo3,1760,Gengar-Mega,Archaludon,33.254
2026-09-30,M-C,gen9championsvgc2026regmcbo3,1760,Gengar-Mega,Kommo-o,31.261
2026-09-30,M-C,gen9championsvgc2026regmcbo3,1760,Gengar-Mega,Vivillon,17.577
2026-09-30,M-C,gen9championsvgc2026regmcbo3,1760,Gengar-Mega,Sneasler,16.77
2026-09-30,M-C,gen9championsvgc2026regmcbo3,1760,Gengar-Mega,Kingambit,15.048
2026-09-30,M-C,gen9championsvgc2026regmcbo3,1760,Gengar-Mega,Milotic,11.277
2026-09-30,M-C,gen9championsvgc2026regmcbo3,1760,Gengar-Mega,Indeedee-F,11.062
2026-09-30,M-C,gen9championsvgc2026regmcbo3,1760,Milotic,Rillaboom,47.025
2026-09-30,M-C,gen9championsvgc2026regmcbo3,1760,Milotic,Salamence-Mega,37.243
2026-09-30,M-C,gen9championsvgc2026regmcbo3,1760,Milotic,Sneasler,33.915
2026-09-30,M-C,gen9championsvgc2026regmcbo3,1760,Milotic,Gholdengo,33.313
2026-09-30,M-C,gen9championsvgc2026regmcbo3,1760,Milotic,Arcanine-Hisui,28.565
2026-09-30,M-C,gen9championsvgc2026regmcbo3,1760,Milotic,Indeedee-F,24.635
2026-09-30,M-C,gen9championsvgc2026regmcbo3,1760,Milotic,Staraptor-Mega,24.562
2026-09-30,M-C,gen9championsvgc2026regmcbo3,1760,Milotic,Raichu-Mega-Y,22.453
2026-09-30,M-C,gen9championsvgc2026regmcbo3,1760,Milotic,Metagross-Mega,15.828
2026-09-30,M-C,gen9championsvgc2026regmcbo3,1760,Milotic,Indeedee,14.78
2026-09-30,M-C,gen9championsvgc2026regmcbo3,1760,Staraptor-Mega,Rillaboom,63.769
2026-09-30,M-C,gen9championsvgc2026regmcbo3,1760,Staraptor-Mega,Raichu-Mega-Y,59.618
2026-09-30,M-C,gen9championsvgc2026regmcbo3,1760,Staraptor-Mega,Gholdengo,58.178
2026-09-30,M-C,gen9championsvgc2026regmcbo3,1760,Staraptor-Mega,Arcanine-Hisui,44.864
2026-09-30,M-C,gen9championsvgc2026regmcbo3,1760,Staraptor-Mega,Sylveon,37.123
2026-09-30,M-C,gen9championsvgc2026regmcbo3,1760,Staraptor-Mega,Milotic,25.503
2026-09-30,M-C,gen9championsvgc2026regmcbo3,1760,Staraptor-Mega,Indeedee-F,18.188
2026-09-30,M-C,gen9championsvgc2026regmcbo3,1760,Staraptor-Mega,Armarouge,13.029
2026-09-30,M-C,gen9championsvgc2026regmcbo3,1760,Staraptor-Mega,Kingambit,12.489
2026-09-30,M-C,gen9championsvgc2026regmcbo3,1760,Staraptor-Mega,Volcarona,11.759
2026-09-30,M-C,gen9championsvgc2026regmcbo3,1760,Grimmsnarl,Archaludon,88.929
2026-09-30,M-C,gen9championsvgc2026regmcbo3,1760,Grimmsnarl,Pelipper,75.891
2026-09-30,M-C,gen9championsvgc2026regmcbo3,1760,Grimmsnarl,Charizard-Mega-Y,73.287
2026-09-30,M-C,gen9championsvgc2026regmcbo3,1760,Grimmsnarl,Venusaur,58.427
2026-09-30,M-C,gen9championsvgc2026regmcbo3,1760,Grimmsnarl,Swampert-Mega,50.969
2026-09-30,M-C,gen9championsvgc2026regmcbo3,1760,Grimmsnarl,Golisopod-Mega,26.147
2026-09-30,M-C,gen9championsvgc2026regmcbo3,1760,Grimmsnarl,Politoed,13.176
2026-09-30,M-C,gen9championsvgc2026regmcbo3,1760,Grimmsnarl,Farigiraf,11.053
2026-09-30,M-C,gen9championsvgc2026regmcbo3,1760,Grimmsnarl,Garchomp-Mega-Z,10.163
2026-09-30,M-C,gen9championsvgc2026regmcbo3,1760,Grimmsnarl,Rillaboom,5.421
2026-09-30,M-C,gen9championsvgc2026regmcbo3,1760,Venusaur,Charizard-Mega-Y,90.346
2026-09-30,M-C,gen9championsvgc2026regmcbo3,1760,Venusaur,Archaludon,62.9
2026-09-30,M-C,gen9championsvgc2026regmcbo3,1760,Venusaur,Pelipper,62.022
2026-09-30,M-C,gen9championsvgc2026regmcbo3,1760,Venusaur,Grimmsnarl,61.253
2026-09-30,M-C,gen9championsvgc2026regmcbo3,1760,Venusaur,Swampert-Mega,47.378
2026-09-30,M-C,gen9championsvgc2026regmcbo3,1760,Venusaur,Incineroar,25.306
2026-09-30,M-C,gen9championsvgc2026regmcbo3,1760,Venusaur,Garchomp,22.362
2026-09-30,M-C,gen9championsvgc2026regmcbo3,1760,Venusaur,Sylveon,20.077
2026-09-30,M-C,gen9championsvgc2026regmcbo3,1760,Venusaur,Toxapex,14.497
2026-09-30,M-C,gen9championsvgc2026regmcbo3,1760,Venusaur,Farigiraf,10.342
2026-09-30,M-C,gen9championsvgc2026regmcbo3,1760,Politoed,Rillaboom,71.126
2026-09-30,M-C,gen9championsvgc2026regmcbo3,1760,Politoed,Incineroar,69.8
2026-09-30,M-C,gen9championsvgc2026regmcbo3,1760,Politoed,Gengar-Mega,68.385
2026-09-30,M-C,gen9championsvgc2026regmcbo3,1760,Politoed,Archaludon,59.227
2026-09-30,M-C,gen9championsvgc2026regmcbo3,1760,Politoed,Kommo-o,25.733
2026-09-30,M-C,gen9championsvgc2026regmcbo3,1760,Politoed,Golisopod-Mega,24.311
2026-09-30,M-C,gen9championsvgc2026regmcbo3,1760,Politoed,Farigiraf,17.109
2026-09-30,M-C,gen9championsvgc2026regmcbo3,1760,Politoed,Vivillon,16.332
2026-09-30,M-C,gen9championsvgc2026regmcbo3,1760,Politoed,Grimmsnarl,14.135
2026-09-30,M-C,gen9championsvgc2026regmcbo3,1760,Politoed,Charizard-Mega-Y,13.597
2026-09-30,M-C,gen9championsvgc2026regmcbo3,1760,Whimsicott,Basculegion,66.461
2026-09-30,M-C,gen9championsvgc2026regmcbo3,1760,Whimsicott,Charizard-Mega-Y,60.465
2026-09-30,M-C,gen9championsvgc2026regmcbo3,1760,Whimsicott,Garchomp,51.609
2026-09-30,M-C,gen9championsvgc2026regmcbo3,1760,Whimsicott,Kingambit,45.033
2026-09-30,M-C,gen9championsvgc2026regmcbo3,1760,Whimsicott,Floette-Mega,33.809
2026-09-30,M-C,gen9championsvgc2026regmcbo3,1760,Whimsicott,Sneasler,31.495
2026-09-30,M-C,gen9championsvgc2026regmcbo3,1760,Whimsicott,Incineroar,29.61
2026-09-30,M-C,gen9championsvgc2026regmcbo3,1760,Whimsicott,Indeedee-F,12.677
2026-09-30,M-C,gen9championsvgc2026regmcbo3,1760,Whimsicott,Kommo-o,11.112
2026-09-30,M-C,gen9championsvgc2026regmcbo3,1760,Whimsicott,Salamence-Mega,10.884
2026-09-30,M-C,gen9championsvgc2026regmcbo3,1760,Golisopod-Mega,Archaludon,53.57
2026-09-30,M-C,gen9championsvgc2026regmcbo3,1760,Golisopod-Mega,Pelipper,37.758
2026-09-30,M-C,gen9championsvgc2026regmcbo3,1760,Golisopod-Mega,Farigiraf,35.716
2026-09-30,M-C,gen9championsvgc2026regmcbo3,1760,Golisopod-Mega,Grimmsnarl,30.463
2026-09-30,M-C,gen9championsvgc2026regmcbo3,1760,Golisopod-Mega,Politoed,26.402
2026-09-30,M-C,gen9championsvgc2026regmcbo3,1760,Golisopod-Mega,Rillaboom,25.417
2026-09-30,M-C,gen9championsvgc2026regmcbo3,1760,Golisopod-Mega,Incineroar,22.019
2026-09-30,M-C,gen9championsvgc2026regmcbo3,1760,Golisopod-Mega,Indeedee-F,20.869
2026-09-30,M-C,gen9championsvgc2026regmcbo3,1760,Golisopod-Mega,Charizard-Mega-Y,17.996
2026-09-30,M-C,gen9championsvgc2026regmcbo3,1760,Golisopod-Mega,Basculegion,14.877
2026-09-30,M-C,gen9championsvgc2026regmcbo3,1760,Kommo-o,Rillaboom,62.409
2026-09-30,M-C,gen9championsvgc2026regmcbo3,1760,Kommo-o,Incineroar,58.262
2026-09-30,M-C,gen9championsvgc2026regmcbo3,1760,Kommo-o,Gengar-Mega,44.774
2026-09-30,M-C,gen9championsvgc2026regmcbo3,1760,Kommo-o,Kingambit,30.419
2026-09-30,M-C,gen9championsvgc2026regmcbo3,1760,Kommo-o,Politoed,29.36
2026-09-30,M-C,gen9championsvgc2026regmcbo3,1760,Kommo-o,Raichu-Mega-Y,19.52
2026-09-30,M-C,gen9championsvgc2026regmcbo3,1760,Kommo-o,Sneasler,19.062
2026-09-30,M-C,gen9championsvgc2026regmcbo3,1760,Kommo-o,Indeedee-F,13.706
2026-09-30,M-C,gen9championsvgc2026regmcbo3,1760,Kommo-o,Charizard-Mega-Y,12.745
2026-09-30,M-C,gen9championsvgc2026regmcbo3,1760,Kommo-o,Whimsicott,12.31
2026-09-30,M-C,gen9championsvgc2026regmcbo3,1760,Sinistcha,Incineroar,75.224
2026-09-30,M-C,gen9championsvgc2026regmcbo3,1760,Sinistcha,Delphox-Mega,70.565
2026-09-30,M-C,gen9championsvgc2026regmcbo3,1760,Sinistcha,Sneasler,60.153
2026-09-30,M-C,gen9championsvgc2026regmcbo3,1760,Sinistcha,Kingambit,54.479
2026-09-30,M-C,gen9championsvgc2026regmcbo3,1760,Sinistcha,Floette-Mega,43.397
2026-09-30,M-C,gen9championsvgc2026regmcbo3,1760,Sinistcha,Indeedee-F,18.437
2026-09-30,M-C,gen9championsvgc2026regmcbo3,1760,Sinistcha,Blastoise-Mega,16.592
2026-09-30,M-C,gen9championsvgc2026regmcbo3,1760,Sinistcha,Pawmot,10.063
2026-09-30,M-C,gen9championsvgc2026regmcbo3,1760,Sinistcha,Archaludon,8.701
2026-09-30,M-C,gen9championsvgc2026regmcbo3,1760,Sinistcha,Pelipper,8.156
2026-09-30,M-C,gen9championsvgc2026regmcbo3,1760,Froslass-Mega,Rillaboom,76.322
2026-09-30,M-C,gen9championsvgc2026regmcbo3,1760,Froslass-Mega,Sneasler,67.74
2026-09-30,M-C,gen9championsvgc2026regmcbo3,1760,Froslass-Mega,Kingambit,65.376
2026-09-30,M-C,gen9championsvgc2026regmcbo3,1760,Froslass-Mega,Basculegion,34.336
2026-09-30,M-C,gen9championsvgc2026regmcbo3,1760,Froslass-Mega,Arcanine-Hisui,30.044
2026-09-30,M-C,gen9championsvgc2026regmcbo3,1760,Froslass-Mega,Incineroar,24.274
2026-09-30,M-C,gen9championsvgc2026regmcbo3,1760,Froslass-Mega,Raichu-Mega-Y,18.591
2026-09-30,M-C,gen9championsvgc2026regmcbo3,1760,Froslass-Mega,Volcarona,17.211
2026-09-30,M-C,gen9championsvgc2026regmcbo3,1760,Froslass-Mega,Salamence-Mega,14.064
2026-09-30,M-C,gen9championsvgc2026regmcbo3,1760,Froslass-Mega,Lycanroc-Dusk,8.082
2026-09-30,M-C,gen9championsvgc2026regmcbo3,1760,Delphox-Mega,Incineroar,75.569
2026-09-30,M-C,gen9championsvgc2026regmcbo3,1760,Delphox-Mega,Sinistcha,73.945
2026-09-30,M-C,gen9championsvgc2026regmcbo3,1760,Delphox-Mega,Sneasler,69.374
2026-09-30,M-C,gen9championsvgc2026regmcbo3,1760,Delphox-Mega,Kingambit,66.015
2026-09-30,M-C,gen9championsvgc2026regmcbo3,1760,Delphox-Mega,Floette-Mega,43.797
2026-09-30,M-C,gen9championsvgc2026regmcbo3,1760,Delphox-Mega,Indeedee-F,18.781
2026-09-30,M-C,gen9championsvgc2026regmcbo3,1760,Delphox-Mega,Blastoise-Mega,16.288
2026-09-30,M-C,gen9championsvgc2026regmcbo3,1760,Delphox-Mega,Rillaboom,14.168
2026-09-30,M-C,gen9championsvgc2026regmcbo3,1760,Delphox-Mega,Pawmot,9.819
2026-09-30,M-C,gen9championsvgc2026regmcbo3,1760,Delphox-Mega,Garchomp,8.649
2026-09-30,M-C,gen9championsvgc2026regmcbo3,1760,Swampert-Mega,Archaludon,86.712
2026-09-30,M-C,gen9championsvgc2026regmcbo3,1760,Swampert-Mega,Pelipper,82.579
2026-09-30,M-C,gen9championsvgc2026regmcbo3,1760,Swampert-Mega,Grimmsnarl,72.481
2026-09-30,M-C,gen9championsvgc2026regmcbo3,1760,Swampert-Mega,Charizard-Mega-Y,65.134
2026-09-30,M-C,gen9championsvgc2026regmcbo3,1760,Swampert-Mega,Venusaur,64.266
2026-09-30,M-C,gen9championsvgc2026regmcbo3,1760,Swampert-Mega,Rillaboom,14.113
2026-09-30,M-C,gen9championsvgc2026regmcbo3,1760,Swampert-Mega,Incineroar,12.249
2026-09-30,M-C,gen9championsvgc2026regmcbo3,1760,Swampert-Mega,Gengar-Mega,11.324
2026-09-30,M-C,gen9championsvgc2026regmcbo3,1760,Swampert-Mega,Politoed,10.61
2026-09-30,M-C,gen9championsvgc2026regmcbo3,1760,Swampert-Mega,Golisopod-Mega,8.962
2026-09-30,M-C,gen9championsvgc2026regmcbo3,1760,Gardevoir-Mega,Indeedee-F,87.404
2026-09-30,M-C,gen9championsvgc2026regmcbo3,1760,Gardevoir-Mega,Sneasler,61.767
2026-09-30,M-C,gen9championsvgc2026regmcbo3,1760,Gardevoir-Mega,Basculegion,28.099
2026-09-30,M-C,gen9championsvgc2026regmcbo3,1760,Gardevoir-Mega,Incineroar,19.283
2026-09-30,M-C,gen9championsvgc2026regmcbo3,1760,Gardevoir-Mega,Arcanine-Hisui,18.086
2026-09-30,M-C,gen9championsvgc2026regmcbo3,1760,Gardevoir-Mega,Armarouge,16.232
2026-09-30,M-C,gen9championsvgc2026regmcbo3,1760,Gardevoir-Mega,Pelipper,14.116
2026-09-30,M-C,gen9championsvgc2026regmcbo3,1760,Gardevoir-Mega,Salamence-Mega,13.86
2026-09-30,M-C,gen9championsvgc2026regmcbo3,1760,Gardevoir-Mega,Kommo-o,13.41
2026-09-30,M-C,gen9championsvgc2026regmcbo3,1760,Gardevoir-Mega,Milotic,12.762
2026-09-30,M-C,gen9championsvgc2026regmcbo3,1760,Dragonite-Mega,Sneasler,77.854
2026-09-30,M-C,gen9championsvgc2026regmcbo3,1760,Dragonite-Mega,Incineroar,72.025
2026-09-30,M-C,gen9championsvgc2026regmcbo3,1760,Dragonite-Mega,Rillaboom,70.864
2026-09-30,M-C,gen9championsvgc2026regmcbo3,1760,Dragonite-Mega,Gholdengo,67.18
2026-09-30,M-C,gen9championsvgc2026regmcbo3,1760,Dragonite-Mega,Floette-Mega,57.859
2026-09-30,M-C,gen9championsvgc2026regmcbo3,1760,Dragonite-Mega,Basculegion,15.916
2026-09-30,M-C,gen9championsvgc2026regmcbo3,1760,Dragonite-Mega,Kingambit,13.983
2026-09-30,M-C,gen9championsvgc2026regmcbo3,1760,Dragonite-Mega,Raichu-Mega-Y,10.06
2026-09-30,M-C,gen9championsvgc2026regmcbo3,1760,Dragonite-Mega,Sylveon,9.219
2026-09-30,M-C,gen9championsvgc2026regmcbo3,1760,Dragonite-Mega,Arcanine-Hisui,7.226
2026-09-30,M-C,gen9championsvgc2026regmcbo3,1760,Tyranitar-Mega,Excadrill,80.108
2026-09-30,M-C,gen9championsvgc2026regmcbo3,1760,Tyranitar-Mega,Salamence-Mega,51.986
2026-09-30,M-C,gen9championsvgc2026regmcbo3,1760,Tyranitar-Mega,Sneasler,50.057
2026-09-30,M-C,gen9championsvgc2026regmcbo3,1760,Tyranitar-Mega,Rillaboom,42.084
2026-09-30,M-C,gen9championsvgc2026regmcbo3,1760,Tyranitar-Mega,Gholdengo,32.636
2026-09-30,M-C,gen9championsvgc2026regmcbo3,1760,Tyranitar-Mega,Milotic,29.41
2026-09-30,M-C,gen9championsvgc2026regmcbo3,1760,Tyranitar-Mega,Indeedee,27.132
2026-09-30,M-C,gen9championsvgc2026regmcbo3,1760,Tyranitar-Mega,Corviknight,21.516
2026-09-30,M-C,gen9championsvgc2026regmcbo3,1760,Tyranitar-Mega,Volcarona,20.253
2026-09-30,M-C,gen9championsvgc2026regmcbo3,1760,Tyranitar-Mega,Staraptor-Mega,13.712
2026-09-30,M-C,gen9championsvgc2026regmcbo3,1760,Excadrill,Tyranitar-Mega,80.23
2026-09-30,M-C,gen9championsvgc2026regmcbo3,1760,Excadrill,Salamence-Mega,57.033
2026-09-30,M-C,gen9championsvgc2026regmcbo3,1760,Excadrill,Sneasler,47.986
2026-09-30,M-C,gen9championsvgc2026regmcbo3,1760,Excadrill,Rillaboom,40.929
2026-09-30,M-C,gen9championsvgc2026regmcbo3,1760,Excadrill,Gholdengo,29.622
2026-09-30,M-C,gen9championsvgc2026regmcbo3,1760,Excadrill,Milotic,28.87
2026-09-30,M-C,gen9championsvgc2026regmcbo3,1760,Excadrill,Indeedee,28.193
2026-09-30,M-C,gen9championsvgc2026regmcbo3,1760,Excadrill,Volcarona,21.953
2026-09-30,M-C,gen9championsvgc2026regmcbo3,1760,Excadrill,Corviknight,20.129
2026-09-30,M-C,gen9championsvgc2026regmcbo3,1760,Excadrill,Staraptor-Mega,12.396
2026-09-30,M-C,gen9championsvgc2026regmcbo3,1760,Indeedee,Sneasler,81.475
2026-09-30,M-C,gen9championsvgc2026regmcbo3,1760,Indeedee,Salamence-Mega,53.644
2026-09-30,M-C,gen9championsvgc2026regmcbo3,1760,Indeedee,Milotic,31.585
2026-09-30,M-C,gen9championsvgc2026regmcbo3,1760,Indeedee,Excadrill,28.793
2026-09-30,M-C,gen9championsvgc2026regmcbo3,1760,Indeedee,Tyranitar-Mega,27.751
2026-09-30,M-C,gen9championsvgc2026regmcbo3,1760,Indeedee,Metagross-Mega,25.691
2026-09-30,M-C,gen9championsvgc2026regmcbo3,1760,Indeedee,Arcanine-Hisui,25.632
2026-09-30,M-C,gen9championsvgc2026regmcbo3,1760,Indeedee,Corviknight,17.588
2026-09-30,M-C,gen9championsvgc2026regmcbo3,1760,Indeedee,Kingambit,15.815
2026-09-30,M-C,gen9championsvgc2026regmcbo3,1760,Indeedee,Charizard-Mega-Y,13.971
2026-09-30,M-C,gen9championsvgc2026regmcbo3,1760,Metagross-Mega,Sneasler,58.756
2026-09-30,M-C,gen9championsvgc2026regmcbo3,1760,Metagross-Mega,Arcanine-Hisui,37.765
2026-09-30,M-C,gen9championsvgc2026regmcbo3,1760,Metagross-Mega,Milotic,35.172
2026-09-30,M-C,gen9championsvgc2026regmcbo3,1760,Metagross-Mega,Salamence-Mega,30.657
2026-09-30,M-C,gen9championsvgc2026regmcbo3,1760,Metagross-Mega,Rillaboom,27.684
2026-09-30,M-C,gen9championsvgc2026regmcbo3,1760,Metagross-Mega,Indeedee,26.716
2026-09-30,M-C,gen9championsvgc2026regmcbo3,1760,Metagross-Mega,Indeedee-F,25.024
2026-09-30,M-C,gen9championsvgc2026regmcbo3,1760,Metagross-Mega,Basculegion,21.476
2026-09-30,M-C,gen9championsvgc2026regmcbo3,1760,Metagross-Mega,Garchomp-Mega-Z,21.024
2026-09-30,M-C,gen9championsvgc2026regmcbo3,1760,Metagross-Mega,Incineroar,20.346
2026-09-30,M-C,gen9championsvgc2026regmcbo3,1760,Aerodactyl-Mega,Sylveon,70.843
2026-09-30,M-C,gen9championsvgc2026regmcbo3,1760,Aerodactyl-Mega,Charizard-Mega-Y,69.703
2026-09-30,M-C,gen9championsvgc2026regmcbo3,1760,Aerodactyl-Mega,Kingambit,69.442
2026-09-30,M-C,gen9championsvgc2026regmcbo3,1760,Aerodactyl-Mega,Garchomp,64.752
2026-09-30,M-C,gen9championsvgc2026regmcbo3,1760,Aerodactyl-Mega,Farigiraf,64.738
2026-09-30,M-C,gen9championsvgc2026regmcbo3,1760,Aerodactyl-Mega,Incineroar,19.711
2026-09-30,M-C,gen9championsvgc2026regmcbo3,1760,Aerodactyl-Mega,Rillaboom,15.533
2026-09-30,M-C,gen9championsvgc2026regmcbo3,1760,Aerodactyl-Mega,Gholdengo,8.721
2026-09-30,M-C,gen9championsvgc2026regmcbo3,1760,Aerodactyl-Mega,Basculegion,7.438
2026-09-30,M-C,gen9championsvgc2026regmcbo3,1760,Aerodactyl-Mega,Lucario-Mega-Z,6.72
2026-09-30,M-C,gen9championsvgc2026regmcbo3,1760,Armarouge,Indeedee-F,89.216
2026-09-30,M-C,gen9championsvgc2026regmcbo3,1760,Armarouge,Sneasler,43.051
2026-09-30,M-C,gen9championsvgc2026regmcbo3,1760,Armarouge,Kingambit,30.369
2026-09-30,M-C,gen9championsvgc2026regmcbo3,1760,Armarouge,Milotic,29.199
2026-09-30,M-C,gen9championsvgc2026regmcbo3,1760,Armarouge,Staraptor-Mega,28.683
2026-09-30,M-C,gen9championsvgc2026regmcbo3,1760,Armarouge,Dragapult,22.747
2026-09-30,M-C,gen9championsvgc2026regmcbo3,1760,Armarouge,Golisopod-Mega,20.614
2026-09-30,M-C,gen9championsvgc2026regmcbo3,1760,Armarouge,Gardevoir-Mega,20.06
2026-09-30,M-C,gen9championsvgc2026regmcbo3,1760,Armarouge,Salamence-Mega,19.201
2026-09-30,M-C,gen9championsvgc2026regmcbo3,1760,Armarouge,Torkoal,13.634
2026-09-30,M-C,gen9championsvgc2026regmcbo3,1760,Glimmora-Mega,Volcarona,53.1
2026-09-30,M-C,gen9championsvgc2026regmcbo3,1760,Glimmora-Mega,Rillaboom,49.741
2026-09-30,M-C,gen9championsvgc2026regmcbo3,1760,Glimmora-Mega,Salamence-Mega,46.028
2026-09-30,M-C,gen9championsvgc2026regmcbo3,1760,Glimmora-Mega,Kingambit,39.943
2026-09-30,M-C,gen9championsvgc2026regmcbo3,1760,Glimmora-Mega,Basculegion,31.49
2026-09-30,M-C,gen9championsvgc2026regmcbo3,1760,Glimmora-Mega,Archaludon,21.703
2026-09-30,M-C,gen9championsvgc2026regmcbo3,1760,Glimmora-Mega,Garchomp,17.378
2026-09-30,M-C,gen9championsvgc2026regmcbo3,1760,Glimmora-Mega,Whimsicott,16.237
2026-09-30,M-C,gen9championsvgc2026regmcbo3,1760,Glimmora-Mega,Kommo-o,15.906
2026-09-30,M-C,gen9championsvgc2026regmcbo3,1760,Glimmora-Mega,Charizard-Mega-Y,14.187
2026-09-30,M-C,gen9championsvgc2026regmcbo3,1760,Primarina,Rillaboom,71.428
2026-09-30,M-C,gen9championsvgc2026regmcbo3,1760,Primarina,Raichu-Mega-Y,41.257
2026-09-30,M-C,gen9championsvgc2026regmcbo3,1760,Primarina,Incineroar,38.069
2026-09-30,M-C,gen9championsvgc2026regmcbo3,1760,Primarina,Gholdengo,35.079
2026-09-30,M-C,gen9championsvgc2026regmcbo3,1760,Primarina,Arcanine-Hisui,28.666
2026-09-30,M-C,gen9championsvgc2026regmcbo3,1760,Primarina,Salamence-Mega,25.349
2026-09-30,M-C,gen9championsvgc2026regmcbo3,1760,Primarina,Sneasler,24.347
2026-09-30,M-C,gen9championsvgc2026regmcbo3,1760,Primarina,Staraptor-Mega,23.81
2026-09-30,M-C,gen9championsvgc2026regmcbo3,1760,Primarina,Kingambit,20.713
2026-09-30,M-C,gen9championsvgc2026regmcbo3,1760,Primarina,Garchomp-Mega-Z,15.374
2026-09-30,M-C,gen9championsvgc2026regmcbo3,1760,Torkoal,Farigiraf,51.44
2026-09-30,M-C,gen9championsvgc2026regmcbo3,1760,Torkoal,Indeedee-F,50.466
2026-09-30,M-C,gen9championsvgc2026regmcbo3,1760,Torkoal,Kingambit,35.564
2026-09-30,M-C,gen9championsvgc2026regmcbo3,1760,Torkoal,Incineroar,29.27
2026-09-30,M-C,gen9championsvgc2026regmcbo3,1760,Torkoal,Sneasler,23.153
2026-09-30,M-C,gen9championsvgc2026regmcbo3,1760,Torkoal,Armarouge,22.963
2026-09-30,M-C,gen9championsvgc2026regmcbo3,1760,Torkoal,Gardevoir-Mega,17.48
2026-09-30,M-C,gen9championsvgc2026regmcbo3,1760,Torkoal,Sylveon,17.039
2026-09-30,M-C,gen9championsvgc2026regmcbo3,1760,Torkoal,Hatterene,16.588
2026-09-30,M-C,gen9championsvgc2026regmcbo3,1760,Torkoal,Golisopod-Mega,13.719
2026-09-30,M-C,gen9championsvgc2026regmcbo3,1760,Dragapult,Indeedee-F,56.886
2026-09-30,M-C,gen9championsvgc2026regmcbo3,1760,Dragapult,Milotic,46.599
2026-09-30,M-C,gen9championsvgc2026regmcbo3,1760,Dragapult,Staraptor-Mega,43.379
2026-09-30,M-C,gen9championsvgc2026regmcbo3,1760,Dragapult,Armarouge,40.59
2026-09-30,M-C,gen9championsvgc2026regmcbo3,1760,Dragapult,Golisopod-Mega,22.991
2026-09-30,M-C,gen9championsvgc2026regmcbo3,1760,Dragapult,Kingambit,16.56
2026-09-30,M-C,gen9championsvgc2026regmcbo3,1760,Dragapult,Sneasler,15.866
2026-09-30,M-C,gen9championsvgc2026regmcbo3,1760,Dragapult,Rillaboom,14.712
2026-09-30,M-C,gen9championsvgc2026regmcbo3,1760,Dragapult,Incineroar,13.891
2026-09-30,M-C,gen9championsvgc2026regmcbo3,1760,Dragapult,Metagross-Mega,13.393
2026-09-30,M-C,gen9championsvgc2026regmcbo3,1760,Annihilape,Rillaboom,56.633
2026-09-30,M-C,gen9championsvgc2026regmcbo3,1760,Annihilape,Salamence-Mega,26.962
2026-09-30,M-C,gen9championsvgc2026regmcbo3,1760,Annihilape,Arcanine-Hisui,25.87
2026-09-30,M-C,gen9championsvgc2026regmcbo3,1760,Annihilape,Incineroar,18.647
2026-09-30,M-C,gen9championsvgc2026regmcbo3,1760,Annihilape,Volcarona,18.134
2026-09-30,M-C,gen9championsvgc2026regmcbo3,1760,Annihilape,Tyranitar-Mega,17.144
2026-09-30,M-C,gen9championsvgc2026regmcbo3,1760,Annihilape,Excadrill,15.849
2026-09-30,M-C,gen9championsvgc2026regmcbo3,1760,Annihilape,Staraptor-Mega,15.563
2026-09-30,M-C,gen9championsvgc2026regmcbo3,1760,Annihilape,Indeedee-F,14.507
2026-09-30,M-C,gen9championsvgc2026regmcbo3,1760,Annihilape,Golisopod-Mega,13.001
2026-09-30,M-C,gen9championsvgc2026regmcbo3,1760,Vivillon,Incineroar,80.881
2026-09-30,M-C,gen9championsvgc2026regmcbo3,1760,Vivillon,Rillaboom,79.399
2026-09-30,M-C,gen9championsvgc2026regmcbo3,1760,Vivillon,Gengar-Mega,78.873
2026-09-30,M-C,gen9championsvgc2026regmcbo3,1760,Vivillon,Politoed,58.379
2026-09-30,M-C,gen9championsvgc2026regmcbo3,1760,Vivillon,Archaludon,35.206
2026-09-30,M-C,gen9championsvgc2026regmcbo3,1760,Vivillon,Kommo-o,34.129
2026-09-30,M-C,gen9championsvgc2026regmcbo3,1760,Vivillon,Farigiraf,9.061
2026-09-30,M-C,gen9championsvgc2026regmcbo3,1760,Vivillon,Garchomp-Mega-Z,8.146
2026-09-30,M-C,gen9championsvgc2026regmcbo3,1760,Vivillon,Floette-Mega,8.096
2026-09-30,M-C,gen9championsvgc2026regmcbo3,1760,Vivillon,Torkoal,7.549
2026-09-30,M-C,gen9championsvgc2026regmcbo3,1760,Toxapex,Incineroar,90.165
2026-09-30,M-C,gen9championsvgc2026regmcbo3,1760,Toxapex,Charizard-Mega-Y,86.835
2026-09-30,M-C,gen9championsvgc2026regmcbo3,1760,Toxapex,Garchomp,75.695
2026-09-30,M-C,gen9championsvgc2026regmcbo3,1760,Toxapex,Venusaur,61.819
2026-09-30,M-C,gen9championsvgc2026regmcbo3,1760,Toxapex,Sylveon,60.806
2026-09-30,M-C,gen9championsvgc2026regmcbo3,1760,Toxapex,Rillaboom,20.506
2026-09-30,M-C,gen9championsvgc2026regmcbo3,1760,Toxapex,Kingambit,14.885
2026-09-30,M-C,gen9championsvgc2026regmcbo3,1760,Toxapex,Floette-Mega,9.591
2026-09-30,M-C,gen9championsvgc2026regmcbo3,1760,Toxapex,Farigiraf,7.414
2026-09-30,M-C,gen9championsvgc2026regmcbo3,1760,Toxapex,Salamence-Mega,7.205
2026-09-30,M-C,gen9championsvgc2026regmcbo3,1760,Pawmot,Incineroar,50.441
2026-09-30,M-C,gen9championsvgc2026regmcbo3,1760,Pawmot,Rillaboom,35.198
2026-09-30,M-C,gen9championsvgc2026regmcbo3,1760,Pawmot,Indeedee-F,34.699
2026-09-30,M-C,gen9championsvgc2026regmcbo3,1760,Pawmot,Sinistcha,32.577
2026-09-30,M-C,gen9championsvgc2026regmcbo3,1760,Pawmot,Delphox-Mega,30.333
2026-09-30,M-C,gen9championsvgc2026regmcbo3,1760,Pawmot,Blastoise-Mega,25.753
2026-09-30,M-C,gen9championsvgc2026regmcbo3,1760,Pawmot,Kingambit,21.962
2026-09-30,M-C,gen9championsvgc2026regmcbo3,1760,Pawmot,Basculegion,18.707
2026-09-30,M-C,gen9championsvgc2026regmcbo3,1760,Pawmot,Froslass-Mega,14.242
2026-09-30,M-C,gen9championsvgc2026regmcbo3,1760,Pawmot,Gengar-Mega,12.164
2026-09-30,M-C,gen9championsvgc2026regmcbo3,1760,Garchomp-Mega,Rillaboom,91.107
2026-09-30,M-C,gen9championsvgc2026regmcbo3,1760,Garchomp-Mega,Sneasler,89.881
2026-09-30,M-C,gen9championsvgc2026regmcbo3,1760,Garchomp-Mega,Incineroar,89.485
2026-09-30,M-C,gen9championsvgc2026regmcbo3,1760,Garchomp-Mega,Kingambit,89.437
2026-09-30,M-C,gen9championsvgc2026regmcbo3,1760,Garchomp-Mega,Floette-Mega,89.265
2026-09-30,M-C,gen9championsvgc2026regmcbo3,1760,Garchomp-Mega,Tyranitar,1.703
2026-09-30,M-C,gen9championsvgc2026regmcbo3,1760,Garchomp-Mega,Indeedee-F,1.567
2026-09-30,M-C,gen9championsvgc2026regmcbo3,1760,Garchomp-Mega,Milotic,0.97
2026-09-30,M-C,gen9championsvgc2026regmcbo3,1760,Garchomp-Mega,Excadrill,0.862
2026-09-30,M-C,gen9championsvgc2026regmcbo3,1760,Garchomp-Mega,Raichu-Mega-Y,0.788
2026-09-30,M-C,gen9championsvgc2026regmcbo3,1760,Lucario-Mega-Z,Rillaboom,67.75
2026-09-30,M-C,gen9championsvgc2026regmcbo3,1760,Lucario-Mega-Z,Incineroar,64.501
2026-09-30,M-C,gen9championsvgc2026regmcbo3,1760,Lucario-Mega-Z,Basculegion,57.092
2026-09-30,M-C,gen9championsvgc2026regmcbo3,1760,Lucario-Mega-Z,Sneasler,32.671
2026-09-30,M-C,gen9championsvgc2026regmcbo3,1760,Lucario-Mega-Z,Salamence-Mega,30.666
2026-09-30,M-C,gen9championsvgc2026regmcbo3,1760,Lucario-Mega-Z,Sylveon,18.871
2026-09-30,M-C,gen9championsvgc2026regmcbo3,1760,Lucario-Mega-Z,Aerodactyl-Mega,15.774
2026-09-30,M-C,gen9championsvgc2026regmcbo3,1760,Lucario-Mega-Z,Garchomp-Mega-Z,14.94
2026-09-30,M-C,gen9championsvgc2026regmcbo3,1760,Lucario-Mega-Z,Kingambit,12.953
2026-09-30,M-C,gen9championsvgc2026regmcbo3,1760,Lucario-Mega-Z,Baxcalibur,11.101
2026-09-30,M-C,gen9championsvgc2026regmcbo3,1760,Ceruledge,Rillaboom,83.52
2026-09-30,M-C,gen9championsvgc2026regmcbo3,1760,Ceruledge,Raichu-Mega-Y,70.695
2026-09-30,M-C,gen9championsvgc2026regmcbo3,1760,Ceruledge,Milotic,58.965
2026-09-30,M-C,gen9championsvgc2026regmcbo3,1760,Ceruledge,Gholdengo,43.302
2026-09-30,M-C,gen9championsvgc2026regmcbo3,1760,Ceruledge,Salamence-Mega,38.737
2026-09-30,M-C,gen9championsvgc2026regmcbo3,1760,Ceruledge,Staraptor-Mega,38.089
2026-09-30,M-C,gen9championsvgc2026regmcbo3,1760,Ceruledge,Kingambit,38.037
2026-09-30,M-C,gen9championsvgc2026regmcbo3,1760,Ceruledge,Indeedee-F,11.498
2026-09-30,M-C,gen9championsvgc2026regmcbo3,1760,Ceruledge,Sneasler,10.998
2026-09-30,M-C,gen9championsvgc2026regmcbo3,1760,Ceruledge,Garchomp-Mega-Z,4.49
2026-09-30,M-C,gen9championsvgc2026regmcbo3,1760,Blastoise-Mega,Indeedee-F,62.899
2026-09-30,M-C,gen9championsvgc2026regmcbo3,1760,Blastoise-Mega,Sinistcha,62.026
2026-09-30,M-C,gen9championsvgc2026regmcbo3,1760,Blastoise-Mega,Incineroar,62.012
2026-09-30,M-C,gen9championsvgc2026regmcbo3,1760,Blastoise-Mega,Delphox-Mega,58.109
2026-09-30,M-C,gen9championsvgc2026regmcbo3,1760,Blastoise-Mega,Sneasler,48.901
2026-09-30,M-C,gen9championsvgc2026regmcbo3,1760,Blastoise-Mega,Pawmot,29.739
2026-09-30,M-C,gen9championsvgc2026regmcbo3,1760,Blastoise-Mega,Kingambit,22.039
2026-09-30,M-C,gen9championsvgc2026regmcbo3,1760,Blastoise-Mega,Maushold,17.085
2026-09-30,M-C,gen9championsvgc2026regmcbo3,1760,Blastoise-Mega,Rillaboom,16.614
2026-09-30,M-C,gen9championsvgc2026regmcbo3,1760,Blastoise-Mega,Farigiraf,9.631
2026-09-30,M-C,gen9championsvgc2026regmcbo3,1760,Camerupt-Mega,Farigiraf,84.027
2026-09-30,M-C,gen9championsvgc2026regmcbo3,1760,Camerupt-Mega,Incineroar,69.984
2026-09-30,M-C,gen9championsvgc2026regmcbo3,1760,Camerupt-Mega,Kingambit,67.258
2026-09-30,M-C,gen9championsvgc2026regmcbo3,1760,Camerupt-Mega,Indeedee-F,62.075
2026-09-30,M-C,gen9championsvgc2026regmcbo3,1760,Camerupt-Mega,Hatterene,31.518
2026-09-30,M-C,gen9championsvgc2026regmcbo3,1760,Camerupt-Mega,Rillaboom,21.034
2026-09-30,M-C,gen9championsvgc2026regmcbo3,1760,Camerupt-Mega,Sneasler,11.466
2026-09-30,M-C,gen9championsvgc2026regmcbo3,1760,Camerupt-Mega,Sylveon,10.739
2026-09-30,M-C,gen9championsvgc2026regmcbo3,1760,Camerupt-Mega,Grapploct,10.247
2026-09-30,M-C,gen9championsvgc2026regmcbo3,1760,Camerupt-Mega,Basculegion,7.338
2026-09-30,M-C,gen9championsvgc2026regmcbo3,1760,Maushold,Incineroar,57.267
2026-09-30,M-C,gen9championsvgc2026regmcbo3,1760,Maushold,Rillaboom,55.395
2026-09-30,M-C,gen9championsvgc2026regmcbo3,1760,Maushold,Gengar-Mega,40.864
2026-09-30,M-C,gen9championsvgc2026regmcbo3,1760,Maushold,Kommo-o,33.197
2026-09-30,M-C,gen9championsvgc2026regmcbo3,1760,Maushold,Politoed,32.824
2026-09-30,M-C,gen9championsvgc2026regmcbo3,1760,Maushold,Sneasler,27.983
2026-09-30,M-C,gen9championsvgc2026regmcbo3,1760,Maushold,Delphox-Mega,24.114
2026-09-30,M-C,gen9championsvgc2026regmcbo3,1760,Maushold,Sinistcha,20.819
2026-09-30,M-C,gen9championsvgc2026regmcbo3,1760,Maushold,Blastoise-Mega,17.527
2026-09-30,M-C,gen9championsvgc2026regmcbo3,1760,Maushold,Indeedee-F,13.248
2026-09-30,M-C,gen9championsvgc2026regmcbo3,1760,Ninetales-Alola,Rillaboom,61.392
2026-09-30,M-C,gen9championsvgc2026regmcbo3,1760,Ninetales-Alola,Incineroar,42.25
2026-09-30,M-C,gen9championsvgc2026regmcbo3,1760,Ninetales-Alola,Kingambit,34.255
2026-09-30,M-C,gen9championsvgc2026regmcbo3,1760,Ninetales-Alola,Sneasler,28.791
2026-09-30,M-C,gen9championsvgc2026regmcbo3,1760,Ninetales-Alola,Gengar-Mega,24.068
2026-09-30,M-C,gen9championsvgc2026regmcbo3,1760,Ninetales-Alola,Baxcalibur-Mega,18.946
2026-09-30,M-C,gen9championsvgc2026regmcbo3,1760,Ninetales-Alola,Salamence-Mega,18.303
2026-09-30,M-C,gen9championsvgc2026regmcbo3,1760,Ninetales-Alola,Kommo-o,18.2
2026-09-30,M-C,gen9championsvgc2026regmcbo3,1760,Ninetales-Alola,Glimmora-Mega,16.674
2026-09-30,M-C,gen9championsvgc2026regmcbo3,1760,Ninetales-Alola,Arcanine-Hisui,16.024
2026-09-30,M-C,gen9championsvgc2026regmcbo3,1760,Glimmora,Kingambit,46.721
2026-09-30,M-C,gen9championsvgc2026regmcbo3,1760,Glimmora,Indeedee-F,39.17
2026-09-30,M-C,gen9championsvgc2026regmcbo3,1760,Glimmora,Rillaboom,33.928
2026-09-30,M-C,gen9championsvgc2026regmcbo3,1760,Glimmora,Staraptor-Mega,31.876
2026-09-30,M-C,gen9championsvgc2026regmcbo3,1760,Glimmora,Pyroar-Mega,24.146
2026-09-30,M-C,gen9championsvgc2026regmcbo3,1760,Glimmora,Espathra,24.065
2026-09-30,M-C,gen9championsvgc2026regmcbo3,1760,Glimmora,Incineroar,23.474
2026-09-30,M-C,gen9championsvgc2026regmcbo3,1760,Glimmora,Salamence-Mega,20.879
2026-09-30,M-C,gen9championsvgc2026regmcbo3,1760,Glimmora,Torkoal,10.52
2026-09-30,M-C,gen9championsvgc2026regmcbo3,1760,Glimmora,Whimsicott,10.458
2026-09-30,M-C,gen9championsvgc2026regmcbo3,1760,Corviknight,Tyranitar-Mega,76.789
2026-09-30,M-C,gen9championsvgc2026regmcbo3,1760,Corviknight,Excadrill,71.726
2026-09-30,M-C,gen9championsvgc2026regmcbo3,1760,Corviknight,Sneasler,62.372
2026-09-30,M-C,gen9championsvgc2026regmcbo3,1760,Corviknight,Indeedee,61.366
2026-09-30,M-C,gen9championsvgc2026regmcbo3,1760,Corviknight,Salamence-Mega,55.375
2026-09-30,M-C,gen9championsvgc2026regmcbo3,1760,Corviknight,Rillaboom,9.255
2026-09-30,M-C,gen9championsvgc2026regmcbo3,1760,Corviknight,Dragapult,8.509
2026-09-30,M-C,gen9championsvgc2026regmcbo3,1760,Corviknight,Indeedee-F,8.308
2026-09-30,M-C,gen9championsvgc2026regmcbo3,1760,Corviknight,Garchomp-Mega-Z,7.422
2026-09-30,M-C,gen9championsvgc2026regmcbo3,1760,Corviknight,Garchomp,6.088
2026-09-30,M-C,gen9championsvgc2026regmcbo3,1760,Hatterene,Indeedee-F,89.739
2026-09-30,M-C,gen9championsvgc2026regmcbo3,1760,Hatterene,Kingambit,62.24
2026-09-30,M-C,gen9championsvgc2026regmcbo3,1760,Hatterene,Farigiraf,61.848
2026-09-30,M-C,gen9championsvgc2026regmcbo3,1760,Hatterene,Camerupt-Mega,45.736
2026-09-30,M-C,gen9championsvgc2026regmcbo3,1760,Hatterene,Incineroar,42.983
2026-09-30,M-C,gen9championsvgc2026regmcbo3,1760,Hatterene,Torkoal,37.296
2026-09-30,M-C,gen9championsvgc2026regmcbo3,1760,Hatterene,Kangaskhan-Mega,13.264
2026-09-30,M-C,gen9championsvgc2026regmcbo3,1760,Hatterene,Golisopod-Mega,10.623
2026-09-30,M-C,gen9championsvgc2026regmcbo3,1760,Hatterene,Blaziken-Mega,8.326
2026-09-30,M-C,gen9championsvgc2026regmcbo3,1760,Hatterene,Glimmora,8.244
2026-09-30,M-C,gen9championsvgc2026regmcbo3,1760,Baxcalibur-Mega,Rillaboom,63.401
2026-09-30,M-C,gen9championsvgc2026regmcbo3,1760,Baxcalibur-Mega,Sneasler,55.009
2026-09-30,M-C,gen9championsvgc2026regmcbo3,1760,Baxcalibur-Mega,Incineroar,49.076
2026-09-30,M-C,gen9championsvgc2026regmcbo3,1760,Baxcalibur-Mega,Ninetales-Alola,29.579
2026-09-30,M-C,gen9championsvgc2026regmcbo3,1760,Baxcalibur-Mega,Kingambit,27.849
2026-09-30,M-C,gen9championsvgc2026regmcbo3,1760,Baxcalibur-Mega,Basculegion,26.717
2026-09-30,M-C,gen9championsvgc2026regmcbo3,1760,Baxcalibur-Mega,Volcarona,23.651
2026-09-30,M-C,gen9championsvgc2026regmcbo3,1760,Baxcalibur-Mega,Gholdengo,16.149
2026-09-30,M-C,gen9championsvgc2026regmcbo3,1760,Baxcalibur-Mega,Glimmora-Mega,14.794
2026-09-30,M-C,gen9championsvgc2026regmcbo3,1760,Baxcalibur-Mega,Annihilape,14.272
2026-09-30,M-C,gen9championsvgc2026regmcbo3,1760,Talonflame,Sneasler,66.397
2026-09-30,M-C,gen9championsvgc2026regmcbo3,1760,Talonflame,Indeedee-F,63.492
2026-09-30,M-C,gen9championsvgc2026regmcbo3,1760,Talonflame,Gardevoir-Mega,62.82
2026-09-30,M-C,gen9championsvgc2026regmcbo3,1760,Talonflame,Armarouge,44.963
2026-09-30,M-C,gen9championsvgc2026regmcbo3,1760,Talonflame,Kommo-o,40.65
2026-09-30,M-C,gen9championsvgc2026regmcbo3,1760,Talonflame,Basculegion,21.495
2026-09-30,M-C,gen9championsvgc2026regmcbo3,1760,Talonflame,Kingambit,18.018
2026-09-30,M-C,gen9championsvgc2026regmcbo3,1760,Talonflame,Froslass-Mega,11.464
2026-09-30,M-C,gen9championsvgc2026regmcbo3,1760,Talonflame,Glimmora-Mega,10.322
2026-09-30,M-C,gen9championsvgc2026regmcbo3,1760,Talonflame,Garchomp,9.059
2026-09-30,M-C,gen9championsvgc2026regmcbo3,1760,Blaziken-Mega,Kingambit,68.247
2026-09-30,M-C,gen9championsvgc2026regmcbo3,1760,Blaziken-Mega,Rillaboom,52.841
2026-09-30,M-C,gen9championsvgc2026regmcbo3,1760,Blaziken-Mega,Sneasler,32.434
2026-09-30,M-C,gen9championsvgc2026regmcbo3,1760,Blaziken-Mega,Froslass-Mega,22.599
2026-09-30,M-C,gen9championsvgc2026regmcbo3,1760,Blaziken-Mega,Gholdengo,18.423
2026-09-30,M-C,gen9championsvgc2026regmcbo3,1760,Blaziken-Mega,Salamence-Mega,17.723
2026-09-30,M-C,gen9championsvgc2026regmcbo3,1760,Blaziken-Mega,Basculegion,17.493
2026-09-30,M-C,gen9championsvgc2026regmcbo3,1760,Blaziken-Mega,Indeedee-F,16.649
2026-09-30,M-C,gen9championsvgc2026regmcbo3,1760,Blaziken-Mega,Farigiraf,13.71
2026-09-30,M-C,gen9championsvgc2026regmcbo3,1760,Blaziken-Mega,Milotic,12.578
2026-09-30,M-C,gen9championsvgc2026regmcbo3,1760,Espathra,Indeedee-F,59.569
2026-09-30,M-C,gen9championsvgc2026regmcbo3,1760,Espathra,Kingambit,52.449
2026-09-30,M-C,gen9championsvgc2026regmcbo3,1760,Espathra,Staraptor-Mega,44.503
2026-09-30,M-C,gen9championsvgc2026regmcbo3,1760,Espathra,Pyroar-Mega,39.166
2026-09-30,M-C,gen9championsvgc2026regmcbo3,1760,Espathra,Glimmora,38.315
2026-09-30,M-C,gen9championsvgc2026regmcbo3,1760,Espathra,Archaludon,20.361
2026-09-30,M-C,gen9championsvgc2026regmcbo3,1760,Espathra,Raichu-Mega-X,16.015
2026-09-30,M-C,gen9championsvgc2026regmcbo3,1760,Espathra,Sneasler,15.359
2026-09-30,M-C,gen9championsvgc2026regmcbo3,1760,Espathra,Rillaboom,13.781
2026-09-30,M-C,gen9championsvgc2026regmcbo3,1760,Espathra,Incineroar,11.987
2026-09-30,M-C,gen9championsvgc2026regmcbo3,1760,Pyroar-Mega,Indeedee-F,68.421
2026-09-30,M-C,gen9championsvgc2026regmcbo3,1760,Pyroar-Mega,Kingambit,42.72
2026-09-30,M-C,gen9championsvgc2026regmcbo3,1760,Pyroar-Mega,Espathra,40.547
2026-09-30,M-C,gen9championsvgc2026regmcbo3,1760,Pyroar-Mega,Glimmora,39.799
2026-09-30,M-C,gen9championsvgc2026regmcbo3,1760,Pyroar-Mega,Staraptor-Mega,39.407
2026-09-30,M-C,gen9championsvgc2026regmcbo3,1760,Pyroar-Mega,Whimsicott,38.994
2026-09-30,M-C,gen9championsvgc2026regmcbo3,1760,Pyroar-Mega,Basculegion,20.146
2026-09-30,M-C,gen9championsvgc2026regmcbo3,1760,Pyroar-Mega,Gardevoir-Mega,19.776
2026-09-30,M-C,gen9championsvgc2026regmcbo3,1760,Pyroar-Mega,Kommo-o,17.922
2026-09-30,M-C,gen9championsvgc2026regmcbo3,1760,Pyroar-Mega,Farigiraf,10.947
2026-09-30,M-C,gen9championsvgc2026regmcbo3,1760,Tyranitar,Salamence-Mega,65.155
2026-09-30,M-C,gen9championsvgc2026regmcbo3,1760,Tyranitar,Excadrill,49.368
2026-09-30,M-C,gen9championsvgc2026regmcbo3,1760,Tyranitar,Sneasler,49.039
2026-09-30,M-C,gen9championsvgc2026regmcbo3,1760,Tyranitar,Rillaboom,31.584
2026-09-30,M-C,gen9championsvgc2026regmcbo3,1760,Tyranitar,Gholdengo,28.253
2026-09-30,M-C,gen9championsvgc2026regmcbo3,1760,Tyranitar,Milotic,22.24
2026-09-30,M-C,gen9championsvgc2026regmcbo3,1760,Tyranitar,Volcarona,19.281
2026-09-30,M-C,gen9championsvgc2026regmcbo3,1760,Tyranitar,Indeedee,18.7
2026-09-30,M-C,gen9championsvgc2026regmcbo3,1760,Tyranitar,Indeedee-F,13.083
2026-09-30,M-C,gen9championsvgc2026regmcbo3,1760,Tyranitar,Incineroar,12.883
2026-09-30,M-C,gen9championsvgc2026regmcbo3,1760,Lycanroc-Dusk,Kingambit,78.154
2026-09-30,M-C,gen9championsvgc2026regmcbo3,1760,Lycanroc-Dusk,Sneasler,74.766
2026-09-30,M-C,gen9championsvgc2026regmcbo3,1760,Lycanroc-Dusk,Froslass-Mega,73.423
2026-09-30,M-C,gen9championsvgc2026regmcbo3,1760,Lycanroc-Dusk,Basculegion,72.222
2026-09-30,M-C,gen9championsvgc2026regmcbo3,1760,Lycanroc-Dusk,Rillaboom,61.581
2026-09-30,M-C,gen9championsvgc2026regmcbo3,1760,Lycanroc-Dusk,Scovillain-Mega,25.037
2026-09-30,M-C,gen9championsvgc2026regmcbo3,1760,Lycanroc-Dusk,Gholdengo,10.419
2026-09-30,M-C,gen9championsvgc2026regmcbo3,1760,Lycanroc-Dusk,Incineroar,7.55
2026-09-30,M-C,gen9championsvgc2026regmcbo3,1760,Lycanroc-Dusk,Raichu-Mega-Y,6.919
2026-09-30,M-C,gen9championsvgc2026regmcbo3,1760,Lycanroc-Dusk,Golisopod-Mega,6.411
2026-09-30,M-C,gen9championsvgc2026regmcbo3,1760,Absol-Mega-Z,Sneasler,47.52
2026-09-30,M-C,gen9championsvgc2026regmcbo3,1760,Absol-Mega-Z,Indeedee-F,46.435
2026-09-30,M-C,gen9championsvgc2026regmcbo3,1760,Absol-Mega-Z,Rillaboom,28.173
2026-09-30,M-C,gen9championsvgc2026regmcbo3,1760,Absol-Mega-Z,Armarouge,24.163
2026-09-30,M-C,gen9championsvgc2026regmcbo3,1760,Absol-Mega-Z,Incineroar,23.314
2026-09-30,M-C,gen9championsvgc2026regmcbo3,1760,Absol-Mega-Z,Pelipper,21.12
2026-09-30,M-C,gen9championsvgc2026regmcbo3,1760,Absol-Mega-Z,Archaludon,20.845
2026-09-30,M-C,gen9championsvgc2026regmcbo3,1760,Absol-Mega-Z,Gardevoir-Mega,20.186
2026-09-30,M-C,gen9championsvgc2026regmcbo3,1760,Absol-Mega-Z,Basculegion,19.924
2026-09-30,M-C,gen9championsvgc2026regmcbo3,1760,Absol-Mega-Z,Salamence-Mega,15.317
2026-09-30,M-C,gen9championsvgc2026regmcbo3,1760,Dragonite,Incineroar,67.332
2026-09-30,M-C,gen9championsvgc2026regmcbo3,1760,Dragonite,Rillaboom,64.863
2026-09-30,M-C,gen9championsvgc2026regmcbo3,1760,Dragonite,Gengar-Mega,61.09
2026-09-30,M-C,gen9championsvgc2026regmcbo3,1760,Dragonite,Sneasler,50.921
2026-09-30,M-C,gen9championsvgc2026regmcbo3,1760,Dragonite,Kingambit,45.767
2026-09-30,M-C,gen9championsvgc2026regmcbo3,1760,Dragonite,Snorlax,13.817
2026-09-30,M-C,gen9championsvgc2026regmcbo3,1760,Dragonite,Scrafty,13.516
2026-09-30,M-C,gen9championsvgc2026regmcbo3,1760,Dragonite,Ninetales-Alola,12.87
2026-09-30,M-C,gen9championsvgc2026regmcbo3,1760,Dragonite,Floette-Mega,12.119
2026-09-30,M-C,gen9championsvgc2026regmcbo3,1760,Dragonite,Indeedee-F,10.482
2026-09-30,M-C,gen9championsvgc2026regmcbo3,1760,Scovillain-Mega,Basculegion,58.038
2026-09-30,M-C,gen9championsvgc2026regmcbo3,1760,Scovillain-Mega,Kingambit,54.213
2026-09-30,M-C,gen9championsvgc2026regmcbo3,1760,Scovillain-Mega,Sneasler,50.495
2026-09-30,M-C,gen9championsvgc2026regmcbo3,1760,Scovillain-Mega,Froslass-Mega,44.641
2026-09-30,M-C,gen9championsvgc2026regmcbo3,1760,Scovillain-Mega,Lycanroc-Dusk,28.016
2026-09-30,M-C,gen9championsvgc2026regmcbo3,1760,Scovillain-Mega,Salamence-Mega,22.874
2026-09-30,M-C,gen9championsvgc2026regmcbo3,1760,Scovillain-Mega,Farigiraf,16.152
2026-09-30,M-C,gen9championsvgc2026regmcbo3,1760,Scovillain-Mega,Rillaboom,15.714
2026-09-30,M-C,gen9championsvgc2026regmcbo3,1760,Scovillain-Mega,Tyranitar,13.078
2026-09-30,M-C,gen9championsvgc2026regmcbo3,1760,Scovillain-Mega,Archaludon,12.519
2026-09-30,M-C,gen9championsvgc2026regmcbo3,1760,Klefki,Archaludon,92.457
2026-09-30,M-C,gen9championsvgc2026regmcbo3,1760,Klefki,Volcarona,89.258
2026-09-30,M-C,gen9championsvgc2026regmcbo3,1760,Klefki,Glimmora-Mega,88.729
2026-09-30,M-C,gen9championsvgc2026regmcbo3,1760,Klefki,Salamence-Mega,88.724
2026-09-30,M-C,gen9championsvgc2026regmcbo3,1760,Klefki,Garchomp,88.477
2026-09-30,M-C,gen9championsvgc2026regmcbo3,1760,Klefki,Basculegion,2.859
2026-09-30,M-C,gen9championsvgc2026regmcbo3,1760,Klefki,Sneasler,2.568
2026-09-30,M-C,gen9championsvgc2026regmcbo3,1760,Klefki,Sinistcha,2.513
2026-09-30,M-C,gen9championsvgc2026regmcbo3,1760,Klefki,Incineroar,1.914
2026-09-30,M-C,gen9championsvgc2026regmcbo3,1760,Klefki,Kingambit,1.884
2026-09-30,M-C,gen9championsvgc2026regmcbo3,1760,Raichu-Mega-X,Incineroar,49.539
2026-09-30,M-C,gen9championsvgc2026regmcbo3,1760,Raichu-Mega-X,Archaludon,48.218
2026-09-30,M-C,gen9championsvgc2026regmcbo3,1760,Raichu-Mega-X,Kingambit,34.938
2026-09-30,M-C,gen9championsvgc2026regmcbo3,1760,Raichu-Mega-X,Pelipper,26.84
2026-09-30,M-C,gen9championsvgc2026regmcbo3,1760,Raichu-Mega-X,Espathra,23.591
2026-09-30,M-C,gen9championsvgc2026regmcbo3,1760,Raichu-Mega-X,Charizard-Mega-Y,23.007
2026-09-30,M-C,gen9championsvgc2026regmcbo3,1760,Raichu-Mega-X,Politoed,22.148
2026-09-30,M-C,gen9championsvgc2026regmcbo3,1760,Raichu-Mega-X,Sinistcha,21.843
2026-09-30,M-C,gen9championsvgc2026regmcbo3,1760,Raichu-Mega-X,Delphox-Mega,17.875
2026-09-30,M-C,gen9championsvgc2026regmcbo3,1760,Raichu-Mega-X,Kommo-o,16.919
2026-09-30,M-C,gen9championsvgc2026regmcbo3,1760,Kangaskhan-Mega,Farigiraf,85.121
2026-09-30,M-C,gen9championsvgc2026regmcbo3,1760,Kangaskhan-Mega,Torkoal,59.927
2026-09-30,M-C,gen9championsvgc2026regmcbo3,1760,Kangaskhan-Mega,Kingambit,32.909
2026-09-30,M-C,gen9championsvgc2026regmcbo3,1760,Kangaskhan-Mega,Indeedee-F,31.851
2026-09-30,M-C,gen9championsvgc2026regmcbo3,1760,Kangaskhan-Mega,Hatterene,26.53
2026-09-30,M-C,gen9championsvgc2026regmcbo3,1760,Kangaskhan-Mega,Vivillon,23.718
2026-09-30,M-C,gen9championsvgc2026regmcbo3,1760,Kangaskhan-Mega,Venusaur,23.274
2026-09-30,M-C,gen9championsvgc2026regmcbo3,1760,Kangaskhan-Mega,Barbaracle-Mega,23.249
2026-09-30,M-C,gen9championsvgc2026regmcbo3,1760,Kangaskhan-Mega,Pelipper,23.13
2026-09-30,M-C,gen9championsvgc2026regmcbo3,1760,Kangaskhan-Mega,Grapploct,22.958
2026-09-30,M-C,gen9championsvgc2026regmcbo3,1760,Aerodactyl,Charizard-Mega-Y,53.939
2026-09-30,M-C,gen9championsvgc2026regmcbo3,1760,Aerodactyl,Incineroar,44.862
2026-09-30,M-C,gen9championsvgc2026regmcbo3,1760,Aerodactyl,Rillaboom,41.188
2026-09-30,M-C,gen9championsvgc2026regmcbo3,1760,Aerodactyl,Garchomp,32.959
2026-09-30,M-C,gen9championsvgc2026regmcbo3,1760,Aerodactyl,Sneasler,27.64
2026-09-30,M-C,gen9championsvgc2026regmcbo3,1760,Aerodactyl,Kommo-o,24.179
2026-09-30,M-C,gen9championsvgc2026regmcbo3,1760,Aerodactyl,Sylveon,21.167
2026-09-30,M-C,gen9championsvgc2026regmcbo3,1760,Aerodactyl,Farigiraf,18.948
2026-09-30,M-C,gen9championsvgc2026regmcbo3,1760,Aerodactyl,Kingambit,16.549
2026-09-30,M-C,gen9championsvgc2026regmcbo3,1760,Aerodactyl,Gholdengo,15.882
2026-09-30,M-C,gen9championsvgc2026regmcbo3,1760,Mawile-Mega,Farigiraf,72.852
2026-09-30,M-C,gen9championsvgc2026regmcbo3,1760,Mawile-Mega,Grapploct,33.997
2026-09-30,M-C,gen9championsvgc2026regmcbo3,1760,Mawile-Mega,Pelipper,32.539
2026-09-30,M-C,gen9championsvgc2026regmcbo3,1760,Mawile-Mega,Archaludon,32.319
2026-09-30,M-C,gen9championsvgc2026regmcbo3,1760,Mawile-Mega,Incineroar,23.809
2026-09-30,M-C,gen9championsvgc2026regmcbo3,1760,Mawile-Mega,Kangaskhan-Mega,23.127
2026-09-30,M-C,gen9championsvgc2026regmcbo3,1760,Mawile-Mega,Torkoal,22.421
2026-09-30,M-C,gen9championsvgc2026regmcbo3,1760,Mawile-Mega,Rillaboom,16.23
2026-09-30,M-C,gen9championsvgc2026regmcbo3,1760,Mawile-Mega,Indeedee-F,14.398
2026-09-30,M-C,gen9championsvgc2026regmcbo3,1760,Mawile-Mega,Armarouge,12.757
2026-09-30,M-C,gen9championsvgc2026regmcbo3,1760,Baxcalibur,Basculegion,67.529
2026-09-30,M-C,gen9championsvgc2026regmcbo3,1760,Baxcalibur,Incineroar,53.085
2026-09-30,M-C,gen9championsvgc2026regmcbo3,1760,Baxcalibur,Sylveon,48.379
2026-09-30,M-C,gen9championsvgc2026regmcbo3,1760,Baxcalibur,Aerodactyl-Mega,45.017
2026-09-30,M-C,gen9championsvgc2026regmcbo3,1760,Baxcalibur,Lucario-Mega-Z,43.847
2026-09-30,M-C,gen9championsvgc2026regmcbo3,1760,Baxcalibur,Rillaboom,39.009
2026-09-30,M-C,gen9championsvgc2026regmcbo3,1760,Baxcalibur,Froslass-Mega,19.746
2026-09-30,M-C,gen9championsvgc2026regmcbo3,1760,Baxcalibur,Glimmora-Mega,17.815
2026-09-30,M-C,gen9championsvgc2026regmcbo3,1760,Baxcalibur,Arcanine-Hisui,16.255
2026-09-30,M-C,gen9championsvgc2026regmcbo3,1760,Baxcalibur,Volcarona,16.147
2026-09-30,M-C,gen9championsvgc2026regmcbo3,1760,Hydreigon,Rillaboom,29.874
2026-09-30,M-C,gen9championsvgc2026regmcbo3,1760,Hydreigon,Charizard-Mega-Y,24.464
2026-09-30,M-C,gen9championsvgc2026regmcbo3,1760,Hydreigon,Raichu-Mega-Y,21.128
2026-09-30,M-C,gen9championsvgc2026regmcbo3,1760,Hydreigon,Sneasler,19.252
2026-09-30,M-C,gen9championsvgc2026regmcbo3,1760,Hydreigon,Glimmora-Mega,18.49
2026-09-30,M-C,gen9championsvgc2026regmcbo3,1760,Hydreigon,Indeedee-F,18.363
2026-09-30,M-C,gen9championsvgc2026regmcbo3,1760,Hydreigon,Basculegion,18.145
2026-09-30,M-C,gen9championsvgc2026regmcbo3,1760,Hydreigon,Whimsicott,17.93
2026-09-30,M-C,gen9championsvgc2026regmcbo3,1760,Hydreigon,Golisopod-Mega,17.665
2026-09-30,M-C,gen9championsvgc2026regmcbo3,1760,Hydreigon,Archaludon,16.468
2026-09-30,M-C,gen9championsvgc2026regmcbo3,1760,Grapploct,Farigiraf,79.707
2026-09-30,M-C,gen9championsvgc2026regmcbo3,1760,Grapploct,Indeedee-F,46.851
2026-09-30,M-C,gen9championsvgc2026regmcbo3,1760,Grapploct,Incineroar,43.089
2026-09-30,M-C,gen9championsvgc2026regmcbo3,1760,Grapploct,Mawile-Mega,39.102
2026-09-30,M-C,gen9championsvgc2026regmcbo3,1760,Grapploct,Archaludon,36.884
2026-09-30,M-C,gen9championsvgc2026regmcbo3,1760,Grapploct,Pelipper,36.298
2026-09-30,M-C,gen9championsvgc2026regmcbo3,1760,Grapploct,Camerupt-Mega,34.472
2026-09-30,M-C,gen9championsvgc2026regmcbo3,1760,Grapploct,Kingambit,26.934
2026-09-30,M-C,gen9championsvgc2026regmcbo3,1760,Grapploct,Kangaskhan-Mega,26.609
2026-09-30,M-C,gen9championsvgc2026regmcbo3,1760,Grapploct,Blastoise-Mega,11.152
2026-09-30,M-C,gen9championsvgc2026regmcbo3,1760,Aegislash,Incineroar,48.934
2026-09-30,M-C,gen9championsvgc2026regmcbo3,1760,Aegislash,Rillaboom,44.332
2026-09-30,M-C,gen9championsvgc2026regmcbo3,1760,Aegislash,Sneasler,36.995
2026-09-30,M-C,gen9championsvgc2026regmcbo3,1760,Aegislash,Salamence-Mega,33.252
2026-09-30,M-C,gen9championsvgc2026regmcbo3,1760,Aegislash,Charizard-Mega-Y,26.11
2026-09-30,M-C,gen9championsvgc2026regmcbo3,1760,Aegislash,Garchomp,19.876
2026-09-30,M-C,gen9championsvgc2026regmcbo3,1760,Aegislash,Floette-Mega,19.638
2026-09-30,M-C,gen9championsvgc2026regmcbo3,1760,Aegislash,Venusaur,16.088
2026-09-30,M-C,gen9championsvgc2026regmcbo3,1760,Aegislash,Sylveon,15.536
2026-09-30,M-C,gen9championsvgc2026regmcbo3,1760,Aegislash,Farigiraf,13.21
2026-09-30,M-C,gen9championsvgc2026regmcbo3,1760,Sceptile-Mega,Indeedee-F,66.218
2026-09-30,M-C,gen9championsvgc2026regmcbo3,1760,Sceptile-Mega,Sneasler,61.13
2026-09-30,M-C,gen9championsvgc2026regmcbo3,1760,Sceptile-Mega,Rotom-Heat,52.405
2026-09-30,M-C,gen9championsvgc2026regmcbo3,1760,Sceptile-Mega,Excadrill,49.409
2026-09-30,M-C,gen9championsvgc2026regmcbo3,1760,Sceptile-Mega,Tyranitar-Mega,43.224
2026-09-30,M-C,gen9championsvgc2026regmcbo3,1760,Sceptile-Mega,Gholdengo,22.968
2026-09-30,M-C,gen9championsvgc2026regmcbo3,1760,Sceptile-Mega,Gardevoir-Mega,15.923
2026-09-30,M-C,gen9championsvgc2026regmcbo3,1760,Sceptile-Mega,Staraptor-Mega,15.403
2026-09-30,M-C,gen9championsvgc2026regmcbo3,1760,Sceptile-Mega,Arcanine-Hisui,15.321
2026-09-30,M-C,gen9championsvgc2026regmcbo3,1760,Sceptile-Mega,Armarouge,13.494
2026-09-30,M-C,gen9championsvgc2026regmcbo3,1760,Meowstic-F-Mega,Sneasler,86.331
2026-09-30,M-C,gen9championsvgc2026regmcbo3,1760,Meowstic-F-Mega,Indeedee,82.346
2026-09-30,M-C,gen9championsvgc2026regmcbo3,1760,Meowstic-F-Mega,Kingambit,82.202
2026-09-30,M-C,gen9championsvgc2026regmcbo3,1760,Meowstic-F-Mega,Kommo-o,81.416
2026-09-30,M-C,gen9championsvgc2026regmcbo3,1760,Meowstic-F-Mega,Charizard-Mega-Y,61.326
2026-09-30,M-C,gen9championsvgc2026regmcbo3,1760,Meowstic-F-Mega,Blaziken-Mega,21.22
2026-09-30,M-C,gen9championsvgc2026regmcbo3,1760,Meowstic-F-Mega,Indeedee-F,5.24
2026-09-30,M-C,gen9championsvgc2026regmcbo3,1760,Meowstic-F-Mega,Archaludon,3.138
2026-09-30,M-C,gen9championsvgc2026regmcbo3,1760,Meowstic-F-Mega,Pelipper,1.985
2026-09-30,M-C,gen9championsvgc2026regmcbo3,1760,Meowstic-F-Mega,Salamence-Mega,1.629
2026-09-30,M-C,gen9championsvgc2026regmcbo3,1760,Clefable,Kingambit,57.802
2026-09-30,M-C,gen9championsvgc2026regmcbo3,1760,Clefable,Rillaboom,52.418
2026-09-30,M-C,gen9championsvgc2026regmcbo3,1760,Clefable,Sneasler,37.908
2026-09-30,M-C,gen9championsvgc2026regmcbo3,1760,Clefable,Garchomp-Mega-Z,29.219
2026-09-30,M-C,gen9championsvgc2026regmcbo3,1760,Clefable,Incineroar,27.231
2026-09-30,M-C,gen9championsvgc2026regmcbo3,1760,Clefable,Basculegion,26.243
2026-09-30,M-C,gen9championsvgc2026regmcbo3,1760,Clefable,Salamence-Mega,22.58
2026-09-30,M-C,gen9championsvgc2026regmcbo3,1760,Clefable,Glimmora-Mega,20.249
2026-09-30,M-C,gen9championsvgc2026regmcbo3,1760,Clefable,Garchomp,18.538
2026-09-30,M-C,gen9championsvgc2026regmcbo3,1760,Clefable,Charizard-Mega-Y,18.329
2026-09-30,M-C,gen9championsvgc2026regmcbo3,1760,Rotom-Heat,Excadrill,74.412
2026-09-30,M-C,gen9championsvgc2026regmcbo3,1760,Rotom-Heat,Tyranitar-Mega,66.603
2026-09-30,M-C,gen9championsvgc2026regmcbo3,1760,Rotom-Heat,Sceptile-Mega,65.122
2026-09-30,M-C,gen9championsvgc2026regmcbo3,1760,Rotom-Heat,Indeedee-F,46.142
2026-09-30,M-C,gen9championsvgc2026regmcbo3,1760,Rotom-Heat,Sneasler,39.768
2026-09-30,M-C,gen9championsvgc2026regmcbo3,1760,Rotom-Heat,Staraptor-Mega,20.892
2026-09-30,M-C,gen9championsvgc2026regmcbo3,1760,Rotom-Heat,Gholdengo,19.735
2026-09-30,M-C,gen9championsvgc2026regmcbo3,1760,Rotom-Heat,Salamence-Mega,15.158
2026-09-30,M-C,gen9championsvgc2026regmcbo3,1760,Rotom-Heat,Basculegion,14.131
2026-09-30,M-C,gen9championsvgc2026regmcbo3,1760,Rotom-Heat,Hatterene,12.011
2026-09-30,M-C,gen9championsvgc2026regmcbo3,1760,Kleavor,Sneasler,41.077
2026-09-30,M-C,gen9championsvgc2026regmcbo3,1760,Kleavor,Kingambit,40.496
2026-09-30,M-C,gen9championsvgc2026regmcbo3,1760,Kleavor,Basculegion,33.477
2026-09-30,M-C,gen9championsvgc2026regmcbo3,1760,Kleavor,Metagross-Mega,32.373
2026-09-30,M-C,gen9championsvgc2026regmcbo3,1760,Kleavor,Indeedee-F,30.914
2026-09-30,M-C,gen9championsvgc2026regmcbo3,1760,Kleavor,Whimsicott,26.423
2026-09-30,M-C,gen9championsvgc2026regmcbo3,1760,Kleavor,Raichu-Mega-Y,24.199
2026-09-30,M-C,gen9championsvgc2026regmcbo3,1760,Kleavor,Rillaboom,21.662
2026-09-30,M-C,gen9championsvgc2026regmcbo3,1760,Kleavor,Armarouge,21.599
2026-09-30,M-C,gen9championsvgc2026regmcbo3,1760,Kleavor,Salamence-Mega,16.888
2026-09-30,M-C,gen9championsvgc2026regmcbo3,1760,Rotom-Wash,Tyranitar-Mega,27.435
2026-09-30,M-C,gen9championsvgc2026regmcbo3,1760,Rotom-Wash,Incineroar,25.94
2026-09-30,M-C,gen9championsvgc2026regmcbo3,1760,Rotom-Wash,Sneasler,25.357
2026-09-30,M-C,gen9championsvgc2026regmcbo3,1760,Rotom-Wash,Corviknight,22.145
2026-09-30,M-C,gen9championsvgc2026regmcbo3,1760,Rotom-Wash,Rillaboom,21.624
2026-09-30,M-C,gen9championsvgc2026regmcbo3,1760,Rotom-Wash,Indeedee-F,21.364
2026-09-30,M-C,gen9championsvgc2026regmcbo3,1760,Rotom-Wash,Salamence-Mega,20.821
2026-09-30,M-C,gen9championsvgc2026regmcbo3,1760,Rotom-Wash,Kingambit,20.662
2026-09-30,M-C,gen9championsvgc2026regmcbo3,1760,Rotom-Wash,Garchomp,19.611
2026-09-30,M-C,gen9championsvgc2026regmcbo3,1760,Rotom-Wash,Excadrill,18.065
2026-09-30,M-C,gen9championsvgc2026regmcbo3,1760,Mudsdale,Farigiraf,89.771
2026-09-30,M-C,gen9championsvgc2026regmcbo3,1760,Mudsdale,Incineroar,77.362
2026-09-30,M-C,gen9championsvgc2026regmcbo3,1760,Mudsdale,Sylveon,61.105
2026-09-30,M-C,gen9championsvgc2026regmcbo3,1760,Mudsdale,Torkoal,60.107
2026-09-30,M-C,gen9championsvgc2026regmcbo3,1760,Mudsdale,Dragonite-Mega,55.361
2026-09-30,M-C,gen9championsvgc2026regmcbo3,1760,Mudsdale,Charizard-Mega-Y,20.932
2026-09-30,M-C,gen9championsvgc2026regmcbo3,1760,Mudsdale,Rillaboom,16.925
2026-09-30,M-C,gen9championsvgc2026regmcbo3,1760,Mudsdale,Salamence-Mega,16.84
2026-09-30,M-C,gen9championsvgc2026regmcbo3,1760,Mudsdale,Meganium-Mega,12.704
2026-09-30,M-C,gen9championsvgc2026regmcbo3,1760,Mudsdale,Basculegion,9.964
2026-09-30,M-C,gen9championsvgc2026regmcbo3,1760,Typhlosion-Hisui,Indeedee-F,44.82
2026-09-30,M-C,gen9championsvgc2026regmcbo3,1760,Typhlosion-Hisui,Salamence-Mega,39.721
2026-09-30,M-C,gen9championsvgc2026regmcbo3,1760,Typhlosion-Hisui,Kingambit,36.165
2026-09-30,M-C,gen9championsvgc2026regmcbo3,1760,Typhlosion-Hisui,Gardevoir-Mega,31.059
2026-09-30,M-C,gen9championsvgc2026regmcbo3,1760,Typhlosion-Hisui,Whimsicott,30.744
2026-09-30,M-C,gen9championsvgc2026regmcbo3,1760,Typhlosion-Hisui,Sneasler,26.885
2026-09-30,M-C,gen9championsvgc2026regmcbo3,1760,Typhlosion-Hisui,Farigiraf,26.856
2026-09-30,M-C,gen9championsvgc2026regmcbo3,1760,Typhlosion-Hisui,Torkoal,16.29
2026-09-30,M-C,gen9championsvgc2026regmcbo3,1760,Typhlosion-Hisui,Sylveon,15.379
2026-09-30,M-C,gen9championsvgc2026regmcbo3,1760,Typhlosion-Hisui,Rillaboom,12.442
2026-09-30,M-C,gen9championsvgc2026regmcbo3,1760,Venusaur-Mega,Pelipper,54.637
2026-09-30,M-C,gen9championsvgc2026regmcbo3,1760,Venusaur-Mega,Archaludon,52.834
2026-09-30,M-C,gen9championsvgc2026regmcbo3,1760,Venusaur-Mega,Incineroar,52.248
2026-09-30,M-C,gen9championsvgc2026regmcbo3,1760,Venusaur-Mega,Grimmsnarl,41.846
2026-09-30,M-C,gen9championsvgc2026regmcbo3,1760,Venusaur-Mega,Charizard-Mega-Y,18.665
2026-09-30,M-C,gen9championsvgc2026regmcbo3,1760,Venusaur-Mega,Garchomp,15.084
2026-09-30,M-C,gen9championsvgc2026regmcbo3,1760,Venusaur-Mega,Dragapult,14.436
2026-09-30,M-C,gen9championsvgc2026regmcbo3,1760,Venusaur-Mega,Gardevoir-Mega,13.978
2026-09-30,M-C,gen9championsvgc2026regmcbo3,1760,Venusaur-Mega,Indeedee-F,11.608
2026-09-30,M-C,gen9championsvgc2026regmcbo3,1760,Venusaur-Mega,Milotic,11.175
2026-09-30,M-C,gen9championsvgc2026regmcbo3,1760,Tsareena,Incineroar,36.151
2026-09-30,M-C,gen9championsvgc2026regmcbo3,1760,Tsareena,Pelipper,34.181
2026-09-30,M-C,gen9championsvgc2026regmcbo3,1760,Tsareena,Golisopod-Mega,26.536
2026-09-30,M-C,gen9championsvgc2026regmcbo3,1760,Tsareena,Salamence-Mega,24.309
2026-09-30,M-C,gen9championsvgc2026regmcbo3,1760,Tsareena,Kingambit,23.378
2026-09-30,M-C,gen9championsvgc2026regmcbo3,1760,Tsareena,Basculegion-F,21.26
2026-09-30,M-C,gen9championsvgc2026regmcbo3,1760,Tsareena,Sylveon,20.281
2026-09-30,M-C,gen9championsvgc2026regmcbo3,1760,Tsareena,Gardevoir-Mega,17.498
2026-09-30,M-C,gen9championsvgc2026regmcbo3,1760,Tsareena,Gholdengo,16.31
2026-09-30,M-C,gen9championsvgc2026regmcbo3,1760,Tsareena,Sneasler,16.219
2026-09-30,M-C,gen9championsvgc2026regmcbo3,1760,Hippowdon,Rillaboom,83.664
2026-09-30,M-C,gen9championsvgc2026regmcbo3,1760,Hippowdon,Volcarona,45.426
2026-09-30,M-C,gen9championsvgc2026regmcbo3,1760,Hippowdon,Salamence-Mega,41.167
2026-09-30,M-C,gen9championsvgc2026regmcbo3,1760,Hippowdon,Glimmora-Mega,41.069
2026-09-30,M-C,gen9championsvgc2026regmcbo3,1760,Hippowdon,Gengar-Mega,40.117
2026-09-30,M-C,gen9championsvgc2026regmcbo3,1760,Hippowdon,Kingambit,39.406
2026-09-30,M-C,gen9championsvgc2026regmcbo3,1760,Hippowdon,Incineroar,38.047
2026-09-30,M-C,gen9championsvgc2026regmcbo3,1760,Hippowdon,Excadrill,35.998
2026-09-30,M-C,gen9championsvgc2026regmcbo3,1760,Hippowdon,Sneasler,31.494
2026-09-30,M-C,gen9championsvgc2026regmcbo3,1760,Hippowdon,Garchomp-Mega-Z,4.384
2026-09-30,M-C,gen9championsvgc2026regmcbo3,1760,Scrafty-Mega,Rillaboom,53.423
2026-09-30,M-C,gen9championsvgc2026regmcbo3,1760,Scrafty-Mega,Volcarona,35.484
2026-09-30,M-C,gen9championsvgc2026regmcbo3,1760,Scrafty-Mega,Indeedee-F,34.22
2026-09-30,M-C,gen9championsvgc2026regmcbo3,1760,Scrafty-Mega,Torkoal,34.208
2026-09-30,M-C,gen9championsvgc2026regmcbo3,1760,Scrafty-Mega,Gengar-Mega,31.004
2026-09-30,M-C,gen9championsvgc2026regmcbo3,1760,Scrafty-Mega,Kingambit,30.033
2026-09-30,M-C,gen9championsvgc2026regmcbo3,1760,Scrafty-Mega,Incineroar,29.864
2026-09-30,M-C,gen9championsvgc2026regmcbo3,1760,Scrafty-Mega,Armarouge,27.336
2026-09-30,M-C,gen9championsvgc2026regmcbo3,1760,Scrafty-Mega,Farigiraf,25.761
2026-09-30,M-C,gen9championsvgc2026regmcbo3,1760,Scrafty-Mega,Gardevoir-Mega,22.594
2026-09-30,M-C,gen9championsvgc2026regmcbo3,1760,Sirfetch'd,Basculegion,41.718
2026-09-30,M-C,gen9championsvgc2026regmcbo3,1760,Sirfetch'd,Golisopod-Mega,35.645
2026-09-30,M-C,gen9championsvgc2026regmcbo3,1760,Sirfetch'd,Indeedee-F,34.665
2026-09-30,M-C,gen9championsvgc2026regmcbo3,1760,Sirfetch'd,Whimsicott,34.128
2026-09-30,M-C,gen9championsvgc2026regmcbo3,1760,Sirfetch'd,Charizard-Mega-Y,33.336
2026-09-30,M-C,gen9championsvgc2026regmcbo3,1760,Sirfetch'd,Glimmora-Mega,32.79
2026-09-30,M-C,gen9championsvgc2026regmcbo3,1760,Sirfetch'd,Gholdengo,30.924
2026-09-30,M-C,gen9championsvgc2026regmcbo3,1760,Sirfetch'd,Gardevoir-Mega,30.665
2026-09-30,M-C,gen9championsvgc2026regmcbo3,1760,Sirfetch'd,Hydreigon,29.625
2026-09-30,M-C,gen9championsvgc2026regmcbo3,1760,Sirfetch'd,Farigiraf,27.584
2026-09-30,M-C,gen9championsvgc2026regmcbo3,1760,Weavile,Glimmora-Mega,63.437
2026-09-30,M-C,gen9championsvgc2026regmcbo3,1760,Weavile,Archaludon,61.832
2026-09-30,M-C,gen9championsvgc2026regmcbo3,1760,Weavile,Pelipper,57.624
2026-09-30,M-C,gen9championsvgc2026regmcbo3,1760,Weavile,Golisopod-Mega,55.774
2026-09-30,M-C,gen9championsvgc2026regmcbo3,1760,Weavile,Grimmsnarl,53.427
2026-09-30,M-C,gen9championsvgc2026regmcbo3,1760,Weavile,Rillaboom,23.142
2026-09-30,M-C,gen9championsvgc2026regmcbo3,1760,Weavile,Salamence-Mega,17.908
2026-09-30,M-C,gen9championsvgc2026regmcbo3,1760,Weavile,Gholdengo,16.295
2026-09-30,M-C,gen9championsvgc2026regmcbo3,1760,Weavile,Volcarona,10.165
2026-09-30,M-C,gen9championsvgc2026regmcbo3,1760,Weavile,Sneasler,7.612
2026-09-30,M-C,gen9championsvgc2026regmcbo3,1760,Manectric-Mega,Archaludon,77.043
2026-09-30,M-C,gen9championsvgc2026regmcbo3,1760,Manectric-Mega,Rillaboom,66.929
2026-09-30,M-C,gen9championsvgc2026regmcbo3,1760,Manectric-Mega,Incineroar,54.118
2026-09-30,M-C,gen9championsvgc2026regmcbo3,1760,Manectric-Mega,Gengar-Mega,49.49
2026-09-30,M-C,gen9championsvgc2026regmcbo3,1760,Manectric-Mega,Politoed,49.481
2026-09-30,M-C,gen9championsvgc2026regmcbo3,1760,Manectric-Mega,Pelipper,27.853
2026-09-30,M-C,gen9championsvgc2026regmcbo3,1760,Manectric-Mega,Grimmsnarl,25.316
2026-09-30,M-C,gen9championsvgc2026regmcbo3,1760,Manectric-Mega,Basculegion,15.62
2026-09-30,M-C,gen9championsvgc2026regmcbo3,1760,Manectric-Mega,Charizard-Mega-Y,14.724
2026-09-30,M-C,gen9championsvgc2026regmcbo3,1760,Manectric-Mega,Venusaur,14.724
2026-09-30,M-C,gen9championsvgc2026regmcbo3,1760,Altaria,Indeedee-F,59.737
2026-09-30,M-C,gen9championsvgc2026regmcbo3,1760,Altaria,Metagross-Mega,57.034
2026-09-30,M-C,gen9championsvgc2026regmcbo3,1760,Altaria,Milotic,56.86
2026-09-30,M-C,gen9championsvgc2026regmcbo3,1760,Altaria,Dragapult,56.834
2026-09-30,M-C,gen9championsvgc2026regmcbo3,1760,Altaria,Arcanine-Hisui,56.768
2026-09-30,M-C,gen9championsvgc2026regmcbo3,1760,Altaria,Kingambit,32.171
2026-09-30,M-C,gen9championsvgc2026regmcbo3,1760,Altaria,Sneasler,31.859
2026-09-30,M-C,gen9championsvgc2026regmcbo3,1760,Altaria,Incineroar,23.889
2026-09-30,M-C,gen9championsvgc2026regmcbo3,1760,Altaria,Gengar-Mega,23.377
2026-09-30,M-C,gen9championsvgc2026regmcbo3,1760,Altaria,Rillaboom,22.237
2026-09-30,M-C,gen9championsvgc2026regmcbo3,1760,Vanilluxe,Sneasler,66.164
2026-09-30,M-C,gen9championsvgc2026regmcbo3,1760,Vanilluxe,Kingambit,62.561
2026-09-30,M-C,gen9championsvgc2026regmcbo3,1760,Vanilluxe,Indeedee-F,58.683
2026-09-30,M-C,gen9championsvgc2026regmcbo3,1760,Vanilluxe,Salamence-Mega,55.901
2026-09-30,M-C,gen9championsvgc2026regmcbo3,1760,Vanilluxe,Armarouge,55.641
2026-09-30,M-C,gen9championsvgc2026regmcbo3,1760,Vanilluxe,Rillaboom,17.746
2026-09-30,M-C,gen9championsvgc2026regmcbo3,1760,Vanilluxe,Farigiraf,12.724
2026-09-30,M-C,gen9championsvgc2026regmcbo3,1760,Vanilluxe,Basculegion,10.587
2026-09-30,M-C,gen9championsvgc2026regmcbo3,1760,Vanilluxe,Raichu-Mega-Y,8.179
2026-09-30,M-C,gen9championsvgc2026regmcbo3,1760,Vanilluxe,Tyranitar-Mega,8.145
2026-09-30,M-C,gen9championsvgc2026regmcbo3,1760,Meganium-Mega,Sneasler,47.152
2026-09-30,M-C,gen9championsvgc2026regmcbo3,1760,Meganium-Mega,Farigiraf,46.612
2026-09-30,M-C,gen9championsvgc2026regmcbo3,1760,Meganium-Mega,Salamence-Mega,37.262
2026-09-30,M-C,gen9championsvgc2026regmcbo3,1760,Meganium-Mega,Incineroar,36.317
2026-09-30,M-C,gen9championsvgc2026regmcbo3,1760,Meganium-Mega,Gholdengo,27.033
2026-09-30,M-C,gen9championsvgc2026regmcbo3,1760,Meganium-Mega,Basculegion,24.933
2026-09-30,M-C,gen9championsvgc2026regmcbo3,1760,Meganium-Mega,Indeedee,23.662
2026-09-30,M-C,gen9championsvgc2026regmcbo3,1760,Meganium-Mega,Kingambit,23.039
2026-09-30,M-C,gen9championsvgc2026regmcbo3,1760,Meganium-Mega,Arcanine-Hisui,22.832
2026-09-30,M-C,gen9championsvgc2026regmcbo3,1760,Meganium-Mega,Torkoal,21.644
2026-09-30,M-C,gen9championsvgc2026regmcbo3,1760,Gallade,Indeedee-F,82.044
2026-09-30,M-C,gen9championsvgc2026regmcbo3,1760,Gallade,Torkoal,57.495
2026-09-30,M-C,gen9championsvgc2026regmcbo3,1760,Gallade,Armarouge,47.012
2026-09-30,M-C,gen9championsvgc2026regmcbo3,1760,Gallade,Hatterene,31.435
2026-09-30,M-C,gen9championsvgc2026regmcbo3,1760,Gallade,Farigiraf,24.127
2026-09-30,M-C,gen9championsvgc2026regmcbo3,1760,Gallade,Gardevoir-Mega,23.209
2026-09-30,M-C,gen9championsvgc2026regmcbo3,1760,Gallade,Kingambit,22.504
2026-09-30,M-C,gen9championsvgc2026regmcbo3,1760,Gallade,Scrafty-Mega,22.111
2026-09-30,M-C,gen9championsvgc2026regmcbo3,1760,Gallade,Camerupt-Mega,21.504
2026-09-30,M-C,gen9championsvgc2026regmcbo3,1760,Gallade,Kangaskhan-Mega,13.89
2026-09-30,M-C,gen9championsvgc2026regmcbo3,1760,Blaziken,Rillaboom,81.063
2026-09-30,M-C,gen9championsvgc2026regmcbo3,1760,Blaziken,Metagross-Mega,53.074
2026-09-30,M-C,gen9championsvgc2026regmcbo3,1760,Blaziken,Kingambit,45.271
2026-09-30,M-C,gen9championsvgc2026regmcbo3,1760,Blaziken,Raichu-Mega-Y,38.802
2026-09-30,M-C,gen9championsvgc2026regmcbo3,1760,Blaziken,Dragapult,29.6
2026-09-30,M-C,gen9championsvgc2026regmcbo3,1760,Blaziken,Indeedee-F,24.381
2026-09-30,M-C,gen9championsvgc2026regmcbo3,1760,Blaziken,Gholdengo,17.884
2026-09-30,M-C,gen9championsvgc2026regmcbo3,1760,Blaziken,Milotic,17.791
2026-09-30,M-C,gen9championsvgc2026regmcbo3,1760,Blaziken,Basculegion,17.353
2026-09-30,M-C,gen9championsvgc2026regmcbo3,1760,Blaziken,Salamence-Mega,14.612
2026-09-30,M-C,gen9championsvgc2026regmcbo3,1760,Mamoswine,Rillaboom,43.51
2026-09-30,M-C,gen9championsvgc2026regmcbo3,1760,Mamoswine,Salamence-Mega,43.198
2026-09-30,M-C,gen9championsvgc2026regmcbo3,1760,Mamoswine,Incineroar,32.465
2026-09-30,M-C,gen9championsvgc2026regmcbo3,1760,Mamoswine,Sneasler,21.315
2026-09-30,M-C,gen9championsvgc2026regmcbo3,1760,Mamoswine,Charizard-Mega-Y,21.261
2026-09-30,M-C,gen9championsvgc2026regmcbo3,1760,Mamoswine,Raichu-Mega-Y,20.188
2026-09-30,M-C,gen9championsvgc2026regmcbo3,1760,Mamoswine,Kingambit,18.747
2026-09-30,M-C,gen9championsvgc2026regmcbo3,1760,Mamoswine,Gholdengo,17.314
2026-09-30,M-C,gen9championsvgc2026regmcbo3,1760,Mamoswine,Sylveon,17.084
2026-09-30,M-C,gen9championsvgc2026regmcbo3,1760,Mamoswine,Farigiraf,16.315
2026-09-30,M-C,gen9championsvgc2026regmcbo3,1760,Empoleon,Sneasler,52.711
2026-09-30,M-C,gen9championsvgc2026regmcbo3,1760,Empoleon,Indeedee-F,41.725
2026-09-30,M-C,gen9championsvgc2026regmcbo3,1760,Empoleon,Rillaboom,41.487
2026-09-30,M-C,gen9championsvgc2026regmcbo3,1760,Empoleon,Garchomp,33.013
2026-09-30,M-C,gen9championsvgc2026regmcbo3,1760,Empoleon,Absol-Mega-Z,23.754
2026-09-30,M-C,gen9championsvgc2026regmcbo3,1760,Empoleon,Staraptor-Mega,22.43
2026-09-30,M-C,gen9championsvgc2026regmcbo3,1760,Empoleon,Raichu-Mega-Y,22.378
2026-09-30,M-C,gen9championsvgc2026regmcbo3,1760,Empoleon,Metagross-Mega,20.022
2026-09-30,M-C,gen9championsvgc2026regmcbo3,1760,Empoleon,Armarouge,18.448
2026-09-30,M-C,gen9championsvgc2026regmcbo3,1760,Empoleon,Volcarona,18.333
2026-09-30,M-C,gen9championsvgc2026regmcbo3,1760,Lopunny-Mega,Rillaboom,49.503
2026-09-30,M-C,gen9championsvgc2026regmcbo3,1760,Lopunny-Mega,Gholdengo,36.708
2026-09-30,M-C,gen9championsvgc2026regmcbo3,1760,Lopunny-Mega,Salamence-Mega,35.642
2026-09-30,M-C,gen9championsvgc2026regmcbo3,1760,Lopunny-Mega,Sneasler,27.749
2026-09-30,M-C,gen9championsvgc2026regmcbo3,1760,Lopunny-Mega,Indeedee-F,26.493
2026-09-30,M-C,gen9championsvgc2026regmcbo3,1760,Lopunny-Mega,Dragonite,22.998
2026-09-30,M-C,gen9championsvgc2026regmcbo3,1760,Lopunny-Mega,Gardevoir-Mega,22.576
2026-09-30,M-C,gen9championsvgc2026regmcbo3,1760,Lopunny-Mega,Arcanine-Hisui,19.486
2026-09-30,M-C,gen9championsvgc2026regmcbo3,1760,Lopunny-Mega,Basculegion,19.043
2026-09-30,M-C,gen9championsvgc2026regmcbo3,1760,Lopunny-Mega,Volcarona,18.647
2026-09-30,M-C,gen9championsvgc2026regmcbo3,1760,Sableye,Archaludon,56.077
2026-09-30,M-C,gen9championsvgc2026regmcbo3,1760,Sableye,Pelipper,42.558
2026-09-30,M-C,gen9championsvgc2026regmcbo3,1760,Sableye,Golisopod-Mega,41.934
2026-09-30,M-C,gen9championsvgc2026regmcbo3,1760,Sableye,Rillaboom,32.398
2026-09-30,M-C,gen9championsvgc2026regmcbo3,1760,Sableye,Incineroar,21.649
2026-09-30,M-C,gen9championsvgc2026regmcbo3,1760,Sableye,Swampert-Mega,20.149
2026-09-30,M-C,gen9championsvgc2026regmcbo3,1760,Sableye,Sneasler,19.117
2026-09-30,M-C,gen9championsvgc2026regmcbo3,1760,Sableye,Kingambit,16.512
2026-09-30,M-C,gen9championsvgc2026regmcbo3,1760,Sableye,Sinistcha,16.4
2026-09-30,M-C,gen9championsvgc2026regmcbo3,1760,Sableye,Charizard-Mega-Y,12.985
2026-09-30,M-C,gen9championsvgc2026regmcbo3,1760,Barbaracle-Mega,Torkoal,88.467
2026-09-30,M-C,gen9championsvgc2026regmcbo3,1760,Barbaracle-Mega,Farigiraf,88.466
2026-09-30,M-C,gen9championsvgc2026regmcbo3,1760,Barbaracle-Mega,Venusaur,87.127
2026-09-30,M-C,gen9championsvgc2026regmcbo3,1760,Barbaracle-Mega,Vivillon,87.127
2026-09-30,M-C,gen9championsvgc2026regmcbo3,1760,Barbaracle-Mega,Kangaskhan-Mega,87.127
2026-09-30,M-C,gen9championsvgc2026regmcbo3,1760,Barbaracle-Mega,Volcarona,2.712
2026-09-30,M-C,gen9championsvgc2026regmcbo3,1760,Barbaracle-Mega,Froslass-Mega,2.704
2026-09-30,M-C,gen9championsvgc2026regmcbo3,1760,Barbaracle-Mega,Aegislash,2.704
2026-09-30,M-C,gen9championsvgc2026regmcbo3,1760,Barbaracle-Mega,Milotic,2.704
2026-09-30,M-C,gen9championsvgc2026regmcbo3,1760,Barbaracle-Mega,Tinkaton,2.704
2026-09-30,M-C,gen9championsvgc2026regmcbo3,1760,Kangaskhan,Farigiraf,82.821
2026-09-30,M-C,gen9championsvgc2026regmcbo3,1760,Kangaskhan,Torkoal,47.014
2026-09-30,M-C,gen9championsvgc2026regmcbo3,1760,Kangaskhan,Camerupt-Mega,38.987
2026-09-30,M-C,gen9championsvgc2026regmcbo3,1760,Kangaskhan,Mawile-Mega,33.414
2026-09-30,M-C,gen9championsvgc2026regmcbo3,1760,Kangaskhan,Vileplume,33.145
2026-09-30,M-C,gen9championsvgc2026regmcbo3,1760,Kangaskhan,Houndoom-Mega,29.495
2026-09-30,M-C,gen9championsvgc2026regmcbo3,1760,Kangaskhan,Staraptor,26.667
2026-09-30,M-C,gen9championsvgc2026regmcbo3,1760,Kangaskhan,Golisopod-Mega,22.933
2026-09-30,M-C,gen9championsvgc2026regmcbo3,1760,Kangaskhan,Vivillon,15.7
2026-09-30,M-C,gen9championsvgc2026regmcbo3,1760,Kangaskhan,Annihilape,15.607
2026-09-30,M-C,gen9championsvgc2026regmcbo3,1760,Swampert,Rillaboom,85.951
2026-09-30,M-C,gen9championsvgc2026regmcbo3,1760,Swampert,Gengar-Mega,79.494
2026-09-30,M-C,gen9championsvgc2026regmcbo3,1760,Swampert,Incineroar,70.584
2026-09-30,M-C,gen9championsvgc2026regmcbo3,1760,Swampert,Sneasler,43.858
2026-09-30,M-C,gen9championsvgc2026regmcbo3,1760,Swampert,Froslass-Mega,37.43
2026-09-30,M-C,gen9championsvgc2026regmcbo3,1760,Swampert,Kommo-o,35.021
2026-09-30,M-C,gen9championsvgc2026regmcbo3,1760,Swampert,Garchomp-Mega-Z,30.909
2026-09-30,M-C,gen9championsvgc2026regmcbo3,1760,Swampert,Kingambit,13.638
2026-09-30,M-C,gen9championsvgc2026regmcbo3,1760,Swampert,Arcanine-Hisui,12.115
2026-09-30,M-C,gen9championsvgc2026regmcbo3,1760,Swampert,Salamence-Mega,6.201
2026-09-30,M-C,gen9championsvgc2026regmcbo3,1760,Starmie-Mega,Indeedee-F,66.582
2026-09-30,M-C,gen9championsvgc2026regmcbo3,1760,Starmie-Mega,Pelipper,63.898
2026-09-30,M-C,gen9championsvgc2026regmcbo3,1760,Starmie-Mega,Archaludon,55.907
2026-09-30,M-C,gen9championsvgc2026regmcbo3,1760,Starmie-Mega,Dragapult,32.415
2026-09-30,M-C,gen9championsvgc2026regmcbo3,1760,Starmie-Mega,Sneasler,22.464
2026-09-30,M-C,gen9championsvgc2026regmcbo3,1760,Starmie-Mega,Incineroar,20.151
2026-09-30,M-C,gen9championsvgc2026regmcbo3,1760,Starmie-Mega,Golisopod-Mega,17.749
2026-09-30,M-C,gen9championsvgc2026regmcbo3,1760,Starmie-Mega,Skarmory-Mega,12.389
2026-09-30,M-C,gen9championsvgc2026regmcbo3,1760,Starmie-Mega,Glimmora,12.14
2026-09-30,M-C,gen9championsvgc2026regmcbo3,1760,Starmie-Mega,Indeedee,9.637
2026-09-30,M-C,gen9championsvgc2026regmcbo3,1760,Palafin,Rillaboom,90.191
2026-09-30,M-C,gen9championsvgc2026regmcbo3,1760,Palafin,Incineroar,84.342
2026-09-30,M-C,gen9championsvgc2026regmcbo3,1760,Palafin,Sneasler,56.139
2026-09-30,M-C,gen9championsvgc2026regmcbo3,1760,Palafin,Floette-Mega,53.496
2026-09-30,M-C,gen9championsvgc2026regmcbo3,1760,Palafin,Volcarona,43.742
2026-09-30,M-C,gen9championsvgc2026regmcbo3,1760,Palafin,Salamence-Mega,18.039
2026-09-30,M-C,gen9championsvgc2026regmcbo3,1760,Palafin,Gengar-Mega,15.573
2026-09-30,M-C,gen9championsvgc2026regmcbo3,1760,Palafin,Garchomp-Mega-Z,14.317
2026-09-30,M-C,gen9championsvgc2026regmcbo3,1760,Palafin,Kingambit,10.888
2026-09-30,M-C,gen9championsvgc2026regmcbo3,1760,Palafin,Gholdengo,10.664
2026-09-30,M-C,gen9championsvgc2026regmcbo3,1760,Snorlax,Rillaboom,80.416
2026-09-30,M-C,gen9championsvgc2026regmcbo3,1760,Snorlax,Incineroar,79.214
2026-09-30,M-C,gen9championsvgc2026regmcbo3,1760,Snorlax,Gengar-Mega,73.608
2026-09-30,M-C,gen9championsvgc2026regmcbo3,1760,Snorlax,Dragonite,70.01
2026-09-30,M-C,gen9championsvgc2026regmcbo3,1760,Snorlax,Scrafty,69.034
2026-09-30,M-C,gen9championsvgc2026regmcbo3,1760,Snorlax,Sneasler,12.346
2026-09-30,M-C,gen9championsvgc2026regmcbo3,1760,Snorlax,Indeedee-F,6.836
2026-09-30,M-C,gen9championsvgc2026regmcbo3,1760,Snorlax,Politoed,4.919
2026-09-30,M-C,gen9championsvgc2026regmcbo3,1760,Snorlax,Alakazam-Mega,4.195
2026-09-30,M-C,gen9championsvgc2026regmcbo3,1760,Snorlax,Typhlosion-Hisui,4.195
2026-09-30,M-C,gen9championsvgc2026regmcbo3,1760,Toxtricity,Garchomp,40.541
2026-09-30,M-C,gen9championsvgc2026regmcbo3,1760,Toxtricity,Rillaboom,37.727
2026-09-30,M-C,gen9championsvgc2026regmcbo3,1760,Toxtricity,Charizard-Mega-Y,37.45
2026-09-30,M-C,gen9championsvgc2026regmcbo3,1760,Toxtricity,Grimmsnarl,29.277
2026-09-30,M-C,gen9championsvgc2026regmcbo3,1760,Toxtricity,Pelipper,29.196
2026-09-30,M-C,gen9championsvgc2026regmcbo3,1760,Toxtricity,Archaludon,29.182
2026-09-30,M-C,gen9championsvgc2026regmcbo3,1760,Toxtricity,Incineroar,27.227
2026-09-30,M-C,gen9championsvgc2026regmcbo3,1760,Toxtricity,Salamence-Mega,23.424
2026-09-30,M-C,gen9championsvgc2026regmcbo3,1760,Toxtricity,Whimsicott,15.44
2026-09-30,M-C,gen9championsvgc2026regmcbo3,1760,Toxtricity,Kingambit,14.829
2026-09-30,M-C,gen9championsvgc2026regmcbo3,1760,Skarmory-Mega,Rillaboom,67.295
2026-09-30,M-C,gen9championsvgc2026regmcbo3,1760,Skarmory-Mega,Raichu-Mega-Y,67.243
2026-09-30,M-C,gen9championsvgc2026regmcbo3,1760,Skarmory-Mega,Volcarona,62.923
2026-09-30,M-C,gen9championsvgc2026regmcbo3,1760,Skarmory-Mega,Primarina,62.687
2026-09-30,M-C,gen9championsvgc2026regmcbo3,1760,Skarmory-Mega,Kommo-o,62.49
2026-09-30,M-C,gen9championsvgc2026regmcbo3,1760,Skarmory-Mega,Archaludon,14.496
2026-09-30,M-C,gen9championsvgc2026regmcbo3,1760,Skarmory-Mega,Pelipper,14.493
2026-09-30,M-C,gen9championsvgc2026regmcbo3,1760,Skarmory-Mega,Indeedee-F,14.18
2026-09-30,M-C,gen9championsvgc2026regmcbo3,1760,Skarmory-Mega,Starmie-Mega,14.079
2026-09-30,M-C,gen9championsvgc2026regmcbo3,1760,Skarmory-Mega,Glimmora,13.841
2026-09-30,M-C,gen9championsvgc2026regmcbo3,1760,Scrafty,Rillaboom,86.623
2026-09-30,M-C,gen9championsvgc2026regmcbo3,1760,Scrafty,Gengar-Mega,86.537
2026-09-30,M-C,gen9championsvgc2026regmcbo3,1760,Scrafty,Incineroar,83.341
2026-09-30,M-C,gen9championsvgc2026regmcbo3,1760,Scrafty,Snorlax,77.869
2026-09-30,M-C,gen9championsvgc2026regmcbo3,1760,Scrafty,Dragonite,77.249
2026-09-30,M-C,gen9championsvgc2026regmcbo3,1760,Scrafty,Politoed,4.811
2026-09-30,M-C,gen9championsvgc2026regmcbo3,1760,Scrafty,Archaludon,4.213
2026-09-30,M-C,gen9championsvgc2026regmcbo3,1760,Scrafty,Farigiraf,3.47
2026-09-30,M-C,gen9championsvgc2026regmcbo3,1760,Scrafty,Kingambit,3.386
2026-09-30,M-C,gen9championsvgc2026regmcbo3,1760,Scrafty,Salamence-Mega,2.709
2026-09-30,M-C,gen9championsvgc2026regmcbo3,1760,Pikachu,Rillaboom,84.392
2026-09-30,M-C,gen9championsvgc2026regmcbo3,1760,Pikachu,Arcanine-Hisui,84.098
2026-09-30,M-C,gen9championsvgc2026regmcbo3,1760,Pikachu,Salamence-Mega,84.085
2026-09-30,M-C,gen9championsvgc2026regmcbo3,1760,Pikachu,Annihilape,81.701
2026-09-30,M-C,gen9championsvgc2026regmcbo3,1760,Pikachu,Forretress,81.701
2026-09-30,M-C,gen9championsvgc2026regmcbo3,1760,Pikachu,Gholdengo,1.962
2026-09-30,M-C,gen9championsvgc2026regmcbo3,1760,Pikachu,Raichu-Mega-Y,1.511
2026-09-30,M-C,gen9championsvgc2026regmcbo3,1760,Vileplume,Torkoal,87.714
2026-09-30,M-C,gen9championsvgc2026regmcbo3,1760,Vileplume,Farigiraf,64.491
2026-09-30,M-C,gen9championsvgc2026regmcbo3,1760,Vileplume,Mawile-Mega,51.39
2026-09-30,M-C,gen9championsvgc2026regmcbo3,1760,Vileplume,Kangaskhan,45.875
2026-09-30,M-C,gen9championsvgc2026regmcbo3,1760,Vileplume,Houndoom-Mega,41.567
2026-09-30,M-C,gen9championsvgc2026regmcbo3,1760,Vileplume,Indeedee-F,29.713
2026-09-30,M-C,gen9championsvgc2026regmcbo3,1760,Vileplume,Gardevoir-Mega,15.217
2026-09-30,M-C,gen9championsvgc2026regmcbo3,1760,Vileplume,Incineroar,14.709
2026-09-30,M-C,gen9championsvgc2026regmcbo3,1760,Vileplume,Hatterene,12.764
2026-09-30,M-C,gen9championsvgc2026regmcbo3,1760,Vileplume,Basculegion,7.377
2026-09-30,M-C,gen9championsvgc2026regmcbo3,1760,Forretress,Rillaboom,84.113
2026-09-30,M-C,gen9championsvgc2026regmcbo3,1760,Forretress,Salamence-Mega,84.072
2026-09-30,M-C,gen9championsvgc2026regmcbo3,1760,Forretress,Arcanine-Hisui,84.069
2026-09-30,M-C,gen9championsvgc2026regmcbo3,1760,Forretress,Annihilape,84.069
2026-09-30,M-C,gen9championsvgc2026regmcbo3,1760,Forretress,Pikachu,84.069
2026-09-30,M-C,gen9championsvgc2026regmcbo3,1760,Staraptor,Farigiraf,65.378
2026-09-30,M-C,gen9championsvgc2026regmcbo3,1760,Staraptor,Golisopod-Mega,46.053
2026-09-30,M-C,gen9championsvgc2026regmcbo3,1760,Staraptor,Camerupt-Mega,42.935
2026-09-30,M-C,gen9championsvgc2026regmcbo3,1760,Staraptor,Kangaskhan,39.884
2026-09-30,M-C,gen9championsvgc2026regmcbo3,1760,Staraptor,Indeedee-F,23.372
2026-09-30,M-C,gen9championsvgc2026regmcbo3,1760,Staraptor,Annihilape,22.906
2026-09-30,M-C,gen9championsvgc2026regmcbo3,1760,Staraptor,Pawmot,20.228
2026-09-30,M-C,gen9championsvgc2026regmcbo3,1760,Staraptor,Kingambit,19.462
2026-09-30,M-C,gen9championsvgc2026regmcbo3,1760,Staraptor,Politoed,19.098
2026-09-30,M-C,gen9championsvgc2026regmcbo3,1760,Staraptor,Torkoal,18.651
2026-09-30,M-C,gen9championsvgc2026regmcbo3,1760,Tinkaton,Rillaboom,84.897
2026-09-30,M-C,gen9championsvgc2026regmcbo3,1760,Tinkaton,Gengar-Mega,75.488
2026-09-30,M-C,gen9championsvgc2026regmcbo3,1760,Tinkaton,Incineroar,69.36
2026-09-30,M-C,gen9championsvgc2026regmcbo3,1760,Tinkaton,Pawmot,50.724
2026-09-30,M-C,gen9championsvgc2026regmcbo3,1760,Tinkaton,Ninetales-Alola,45.355
2026-09-30,M-C,gen9championsvgc2026regmcbo3,1760,Tinkaton,Kommo-o,17.033
2026-09-30,M-C,gen9championsvgc2026regmcbo3,1760,Tinkaton,Politoed,13.487
2026-09-30,M-C,gen9championsvgc2026regmcbo3,1760,Tinkaton,Raichu-Mega-Y,10.58
2026-09-30,M-C,gen9championsvgc2026regmcbo3,1760,Tinkaton,Maushold,8.788
2026-09-30,M-C,gen9championsvgc2026regmcbo3,1760,Tinkaton,Volcarona,6.845
2026-09-30,M-C,gen9championsvgc2026regmcbo3,1760,Basculegion-F,Pelipper,85.595
2026-09-30,M-C,gen9championsvgc2026regmcbo3,1760,Basculegion-F,Golisopod-Mega,78.136
2026-09-30,M-C,gen9championsvgc2026regmcbo3,1760,Basculegion-F,Tsareena,56.781
2026-09-30,M-C,gen9championsvgc2026regmcbo3,1760,Basculegion-F,Incineroar,48.306
2026-09-30,M-C,gen9championsvgc2026regmcbo3,1760,Basculegion-F,Gardevoir-Mega,46.358
2026-09-30,M-C,gen9championsvgc2026regmcbo3,1760,Basculegion-F,Archaludon,19.152
2026-09-30,M-C,gen9championsvgc2026regmcbo3,1760,Basculegion-F,Sneasler,15.789
2026-09-30,M-C,gen9championsvgc2026regmcbo3,1760,Basculegion-F,Swampert-Mega,11.559
2026-09-30,M-C,gen9championsvgc2026regmcbo3,1760,Basculegion-F,Garchomp,9.735
2026-09-30,M-C,gen9championsvgc2026regmcbo3,1760,Basculegion-F,Grimmsnarl,9.712
2026-09-30,M-C,gen9championsvgc2026regmcbo3,1760,Abomasnow-Mega,Camerupt-Mega,70.628
2026-09-30,M-C,gen9championsvgc2026regmcbo3,1760,Abomasnow-Mega,Farigiraf,67.853
2026-09-30,M-C,gen9championsvgc2026regmcbo3,1760,Abomasnow-Mega,Incineroar,43.624
2026-09-30,M-C,gen9championsvgc2026regmcbo3,1760,Abomasnow-Mega,Maushold,38.174
2026-09-30,M-C,gen9championsvgc2026regmcbo3,1760,Abomasnow-Mega,Primarina,38.037
2026-09-30,M-C,gen9championsvgc2026regmcbo3,1760,Abomasnow-Mega,Indeedee-F,31.126
2026-09-30,M-C,gen9championsvgc2026regmcbo3,1760,Abomasnow-Mega,Kangaskhan,20.575
2026-09-30,M-C,gen9championsvgc2026regmcbo3,1760,Abomasnow-Mega,Kingambit,19.123
2026-09-30,M-C,gen9championsvgc2026regmcbo3,1760,Abomasnow-Mega,Staraptor,18.208
2026-09-30,M-C,gen9championsvgc2026regmcbo3,1760,Abomasnow-Mega,Vivillon,18.189
2026-09-30,M-C,gen9championsvgc2026regmcbo3,1760,Charizard-Mega-X,Rillaboom,89.323
2026-09-30,M-C,gen9championsvgc2026regmcbo3,1760,Charizard-Mega-X,Incineroar,75.611
2026-09-30,M-C,gen9championsvgc2026regmcbo3,1760,Charizard-Mega-X,Milotic,70.784
2026-09-30,M-C,gen9championsvgc2026regmcbo3,1760,Charizard-Mega-X,Sylveon,59.158
2026-09-30,M-C,gen9championsvgc2026regmcbo3,1760,Charizard-Mega-X,Golisopod-Mega,57.493
2026-09-30,M-C,gen9championsvgc2026regmcbo3,1760,Charizard-Mega-X,Sneasler,15.303
2026-09-30,M-C,gen9championsvgc2026regmcbo3,1760,Charizard-Mega-X,Floette-Mega,13.119
2026-09-30,M-C,gen9championsvgc2026regmcbo3,1760,Charizard-Mega-X,Kingambit,12.619
2026-09-30,M-C,gen9championsvgc2026regmcbo3,1760,Charizard-Mega-X,Froslass-Mega,7.392
2026-09-30,M-C,gen9championsvgc2026regmcbo3,1760,Charizard-Mega-X,Farigiraf,6.92
2026-09-30,M-C,gen9championsvgc2026regmcbo3,1760,Azumarill,Rillaboom,88.577
2026-09-30,M-C,gen9championsvgc2026regmcbo3,1760,Azumarill,Salamence-Mega,86.801
2026-09-30,M-C,gen9championsvgc2026regmcbo3,1760,Azumarill,Raichu-Mega-Y,85.596
2026-09-30,M-C,gen9championsvgc2026regmcbo3,1760,Azumarill,Gholdengo,83.081
2026-09-30,M-C,gen9championsvgc2026regmcbo3,1760,Azumarill,Arcanine-Hisui,82.893
2026-09-30,M-C,gen9championsvgc2026regmcbo3,1760,Azumarill,Incineroar,6.296
2026-09-30,M-C,gen9championsvgc2026regmcbo3,1760,Azumarill,Gengar-Mega,3.818
2026-09-30,M-C,gen9championsvgc2026regmcbo3,1760,Azumarill,Sneasler,3.79
2026-09-30,M-C,gen9championsvgc2026regmcbo3,1760,Azumarill,Ditto,3.563
2026-09-30,M-C,gen9championsvgc2026regmcbo3,1760,Azumarill,Floette-Mega,3.563
2026-09-30,M-C,gen9championsvgc2026regmcbo3,1760,Rhyperior,Farigiraf,91.199
2026-09-30,M-C,gen9championsvgc2026regmcbo3,1760,Rhyperior,Incineroar,84.053
2026-09-30,M-C,gen9championsvgc2026regmcbo3,1760,Rhyperior,Charizard-Mega-Y,77.828
2026-09-30,M-C,gen9championsvgc2026regmcbo3,1760,Rhyperior,Venusaur,62.074
2026-09-30,M-C,gen9championsvgc2026regmcbo3,1760,Rhyperior,Sylveon,52.343
2026-09-30,M-C,gen9championsvgc2026regmcbo3,1760,Rhyperior,Sneasler,14.145
2026-09-30,M-C,gen9championsvgc2026regmcbo3,1760,Rhyperior,Dragapult,12.58
2026-09-30,M-C,gen9championsvgc2026regmcbo3,1760,Rhyperior,Rillaboom,11.416
2026-09-30,M-C,gen9championsvgc2026regmcbo3,1760,Rhyperior,Golisopod-Mega,7.03
2026-09-30,M-C,gen9championsvgc2026regmcbo3,1760,Rhyperior,Floette-Mega,6.923
2026-09-30,M-C,gen9championsvgc2026regmcbo3,1760,Mimikyu,Tyranitar-Mega,60.01
2026-09-30,M-C,gen9championsvgc2026regmcbo3,1760,Mimikyu,Corviknight,59.87
2026-09-30,M-C,gen9championsvgc2026regmcbo3,1760,Mimikyu,Rotom-Wash,59.447
2026-09-30,M-C,gen9championsvgc2026regmcbo3,1760,Mimikyu,Garchomp,56.078
2026-09-30,M-C,gen9championsvgc2026regmcbo3,1760,Mimikyu,Scovillain-Mega,55.825
2026-09-30,M-C,gen9championsvgc2026regmcbo3,1760,Mimikyu,Rillaboom,20.409
2026-09-30,M-C,gen9championsvgc2026regmcbo3,1760,Mimikyu,Salamence-Mega,15.493
2026-09-30,M-C,gen9championsvgc2026regmcbo3,1760,Mimikyu,Kingambit,10.625
2026-09-30,M-C,gen9championsvgc2026regmcbo3,1760,Mimikyu,Incineroar,8.941
2026-09-30,M-C,gen9championsvgc2026regmcbo3,1760,Mimikyu,Gholdengo,8.675
2026-09-30,M-C,gen9championsvgc2026regmcbo3,1760,Orthworm,Indeedee,69.655
2026-09-30,M-C,gen9championsvgc2026regmcbo3,1760,Orthworm,Salamence-Mega,66.735
2026-09-30,M-C,gen9championsvgc2026regmcbo3,1760,Orthworm,Sneasler,66.712
2026-09-30,M-C,gen9championsvgc2026regmcbo3,1760,Orthworm,Floette-Mega,65.385
2026-09-30,M-C,gen9championsvgc2026regmcbo3,1760,Orthworm,Basculegion,56.633
2026-09-30,M-C,gen9championsvgc2026regmcbo3,1760,Orthworm,Garchomp,15.017
2026-09-30,M-C,gen9championsvgc2026regmcbo3,1760,Orthworm,Incineroar,14.229
2026-09-30,M-C,gen9championsvgc2026regmcbo3,1760,Orthworm,Rillaboom,13.463
2026-09-30,M-C,gen9championsvgc2026regmcbo3,1760,Orthworm,Gengar-Mega,12.504
2026-09-30,M-C,gen9championsvgc2026regmcbo3,1760,Orthworm,Kommo-o,12.305
2026-09-30,M-C,gen9championsvgc2026regmcbo3,1760,Raichu,Rillaboom,79.171
2026-09-30,M-C,gen9championsvgc2026regmcbo3,1760,Raichu,Incineroar,78.873
2026-09-30,M-C,gen9championsvgc2026regmcbo3,1760,Raichu,Gengar-Mega,75.419
2026-09-30,M-C,gen9championsvgc2026regmcbo3,1760,Raichu,Politoed,73.797
2026-09-30,M-C,gen9championsvgc2026regmcbo3,1760,Raichu,Archaludon,45.414
2026-09-30,M-C,gen9championsvgc2026regmcbo3,1760,Raichu,Floette-Mega,19.131
2026-09-30,M-C,gen9championsvgc2026regmcbo3,1760,Raichu,Staraptor-Mega,8.494
2026-09-30,M-C,gen9championsvgc2026regmcbo3,1760,Raichu,Indeedee-F,7.925
2026-09-30,M-C,gen9championsvgc2026regmcbo3,1760,Raichu,Kingambit,7.727
2026-09-30,M-C,gen9championsvgc2026regmcbo3,1760,Raichu,Espathra,7.036
2026-09-30,M-C,gen9championsvgc2026regmcbo3,1760,Alakazam-Mega,Indeedee-F,65.195
2026-09-30,M-C,gen9championsvgc2026regmcbo3,1760,Alakazam-Mega,Sneasler,63.927
2026-09-30,M-C,gen9championsvgc2026regmcbo3,1760,Alakazam-Mega,Kingambit,28.871
2026-09-30,M-C,gen9championsvgc2026regmcbo3,1760,Alakazam-Mega,Incineroar,21.914
2026-09-30,M-C,gen9championsvgc2026regmcbo3,1760,Alakazam-Mega,Arcanine-Hisui,17.975
2026-09-30,M-C,gen9championsvgc2026regmcbo3,1760,Alakazam-Mega,Salamence-Mega,17.446
2026-09-30,M-C,gen9championsvgc2026regmcbo3,1760,Alakazam-Mega,Annihilape,16.017
2026-09-30,M-C,gen9championsvgc2026regmcbo3,1760,Alakazam-Mega,Rillaboom,15.645
2026-09-30,M-C,gen9championsvgc2026regmcbo3,1760,Alakazam-Mega,Sylveon,14.888
2026-09-30,M-C,gen9championsvgc2026regmcbo3,1760,Alakazam-Mega,Torkoal,13.548
2026-09-30,M-C,gen9championsvgc2026regmcbo3,1760,Reuniclus,Indeedee-F,90.305
2026-09-30,M-C,gen9championsvgc2026regmcbo3,1760,Reuniclus,Kingambit,79.877
2026-09-30,M-C,gen9championsvgc2026regmcbo3,1760,Reuniclus,Camerupt-Mega,79.746
2026-09-30,M-C,gen9championsvgc2026regmcbo3,1760,Reuniclus,Farigiraf,79.641
2026-09-30,M-C,gen9championsvgc2026regmcbo3,1760,Reuniclus,Incineroar,79.529
2026-09-30,M-C,gen9championsvgc2026regmcbo3,1760,Reuniclus,Golisopod-Mega,13.762
2026-09-30,M-C,gen9championsvgc2026regmcbo3,1760,Reuniclus,Archaludon,11.926
2026-09-30,M-C,gen9championsvgc2026regmcbo3,1760,Reuniclus,Pelipper,8.682
2026-09-30,M-C,gen9championsvgc2026regmcbo3,1760,Reuniclus,Sneasler,7.466
2026-09-30,M-C,gen9championsvgc2026regmcbo3,1760,Reuniclus,Lopunny-Mega,3.442
2026-09-30,M-C,gen9championsvgc2026regmcbo3,1760,Umbreon,Rillaboom,60.106
2026-09-30,M-C,gen9championsvgc2026regmcbo3,1760,Umbreon,Incineroar,58.632
2026-09-30,M-C,gen9championsvgc2026regmcbo3,1760,Umbreon,Gengar-Mega,58.617
2026-09-30,M-C,gen9championsvgc2026regmcbo3,1760,Umbreon,Kommo-o,56.055
2026-09-30,M-C,gen9championsvgc2026regmcbo3,1760,Umbreon,Maushold,56.033
2026-09-30,M-C,gen9championsvgc2026regmcbo3,1760,Umbreon,Charizard-Mega-Y,26.997
2026-09-30,M-C,gen9championsvgc2026regmcbo3,1760,Umbreon,Sneasler,25.865
2026-09-30,M-C,gen9championsvgc2026regmcbo3,1760,Umbreon,Milotic,20.422
2026-09-30,M-C,gen9championsvgc2026regmcbo3,1760,Umbreon,Metagross-Mega,14.591
2026-09-30,M-C,gen9championsvgc2026regmcbo3,1760,Umbreon,Indeedee,10.55
2026-09-30,M-C,gen9championsvgc2026regmcbo3,1760,Arcanine,Raichu-Mega-Y,85.512
2026-09-30,M-C,gen9championsvgc2026regmcbo3,1760,Arcanine,Rillaboom,59.748
2026-09-30,M-C,gen9championsvgc2026regmcbo3,1760,Arcanine,Sneasler,55.22
2026-09-30,M-C,gen9championsvgc2026regmcbo3,1760,Arcanine,Kingambit,54.296
2026-09-30,M-C,gen9championsvgc2026regmcbo3,1760,Arcanine,Baxcalibur-Mega,52.054
2026-09-30,M-C,gen9championsvgc2026regmcbo3,1760,Arcanine,Milotic,39.133
2026-09-30,M-C,gen9championsvgc2026regmcbo3,1760,Arcanine,Metagross-Mega,34.398
2026-09-30,M-C,gen9championsvgc2026regmcbo3,1760,Arcanine,Meowscarada,34.378
2026-09-30,M-C,gen9championsvgc2026regmcbo3,1760,Arcanine,Indeedee,34.377
2026-09-30,M-C,gen9championsvgc2026regmcbo3,1760,Arcanine,Salamence-Mega,3.822
2026-09-30,M-C,gen9championsvgc2026regmcbo3,1760,Mr. Mime,Rillaboom,98.951
2026-09-30,M-C,gen9championsvgc2026regmcbo3,1760,Mr. Mime,Salamence-Mega,97.424
2026-09-30,M-C,gen9championsvgc2026regmcbo3,1760,Mr. Mime,Arcanine-Hisui,94.784
2026-09-30,M-C,gen9championsvgc2026regmcbo3,1760,Mr. Mime,Annihilape,94.668
2026-09-30,M-C,gen9championsvgc2026regmcbo3,1760,Mr. Mime,Musharna,94.667
2026-09-30,M-C,gen9championsvgc2026regmcbo3,1760,Araquanid,Indeedee-F,74.687
2026-09-30,M-C,gen9championsvgc2026regmcbo3,1760,Araquanid,Gardevoir-Mega,64.115
2026-09-30,M-C,gen9championsvgc2026regmcbo3,1760,Araquanid,Pawmot,61.504
2026-09-30,M-C,gen9championsvgc2026regmcbo3,1760,Araquanid,Whimsicott,61.502
2026-09-30,M-C,gen9championsvgc2026regmcbo3,1760,Araquanid,Pyroar-Mega,61.4
2026-09-30,M-C,gen9championsvgc2026regmcbo3,1760,Araquanid,Rillaboom,12.304
2026-09-30,M-C,gen9championsvgc2026regmcbo3,1760,Araquanid,Gholdengo,11.43
2026-09-30,M-C,gen9championsvgc2026regmcbo3,1760,Araquanid,Arcanine-Hisui,10.869
2026-09-30,M-C,gen9championsvgc2026regmcbo3,1760,Araquanid,Sneasler,9.369
2026-09-30,M-C,gen9championsvgc2026regmcbo3,1760,Araquanid,Scrafty-Mega,8.571
2026-09-30,M-C,gen9championsvgc2026regmcbo3,1760,Crabominable-Mega,Indeedee-F,55.331
2026-09-30,M-C,gen9championsvgc2026regmcbo3,1760,Crabominable-Mega,Hatterene,48.161
2026-09-30,M-C,gen9championsvgc2026regmcbo3,1760,Crabominable-Mega,Farigiraf,36.002
2026-09-30,M-C,gen9championsvgc2026regmcbo3,1760,Crabominable-Mega,Camerupt-Mega,35.201
2026-09-30,M-C,gen9championsvgc2026regmcbo3,1760,Crabominable-Mega,Armarouge,31.479
2026-09-30,M-C,gen9championsvgc2026regmcbo3,1760,Crabominable-Mega,Torkoal,26.749
2026-09-30,M-C,gen9championsvgc2026regmcbo3,1760,Crabominable-Mega,Gallade,26.086
2026-09-30,M-C,gen9championsvgc2026regmcbo3,1760,Crabominable-Mega,Kingambit,25.196
2026-09-30,M-C,gen9championsvgc2026regmcbo3,1760,Crabominable-Mega,Incineroar,22.952
2026-09-30,M-C,gen9championsvgc2026regmcbo3,1760,Crabominable-Mega,Sylveon,14.602
2026-09-30,M-C,gen9championsvgc2026regmcbo3,1760,Musharna,Rillaboom,98.67
2026-09-30,M-C,gen9championsvgc2026regmcbo3,1760,Musharna,Arcanine-Hisui,98.655
2026-09-30,M-C,gen9championsvgc2026regmcbo3,1760,Musharna,Annihilape,98.655
2026-09-30,M-C,gen9championsvgc2026regmcbo3,1760,Musharna,Salamence-Mega,98.655
2026-09-30,M-C,gen9championsvgc2026regmcbo3,1760,Musharna,Mr. Mime,98.655
2026-09-30,M-C,gen9championsvgc2026regmcbo3,1760,Houndoom-Mega,Torkoal,82.451
2026-09-30,M-C,gen9championsvgc2026regmcbo3,1760,Houndoom-Mega,Mawile-Mega,76.5
2026-09-30,M-C,gen9championsvgc2026regmcbo3,1760,Houndoom-Mega,Farigiraf,68.567
2026-09-30,M-C,gen9championsvgc2026regmcbo3,1760,Houndoom-Mega,Vileplume,68.456
2026-09-30,M-C,gen9championsvgc2026regmcbo3,1760,Houndoom-Mega,Kangaskhan,67.23
2026-09-30,M-C,gen9championsvgc2026regmcbo3,1760,Houndoom-Mega,Indeedee-F,16.417
2026-09-30,M-C,gen9championsvgc2026regmcbo3,1760,Houndoom-Mega,Whimsicott,10.494
2026-09-30,M-C,gen9championsvgc2026regmcbo3,1760,Houndoom-Mega,Armarouge,8.115
2026-09-30,M-C,gen9championsvgc2026regmcbo3,1760,Houndoom-Mega,Dragapult,7.034
2026-09-30,M-C,gen9championsvgc2026regmcbo3,1760,Houndoom-Mega,Tsareena,6.209
2026-09-30,M-C,gen9championsvgc2026regmcbo3,1760,Slowking-Galar,Kingambit,58.163
2026-09-30,M-C,gen9championsvgc2026regmcbo3,1760,Slowking-Galar,Rillaboom,57.88
2026-09-30,M-C,gen9championsvgc2026regmcbo3,1760,Slowking-Galar,Basculegion,56.552
2026-09-30,M-C,gen9championsvgc2026regmcbo3,1760,Slowking-Galar,Camerupt-Mega,55.56
2026-09-30,M-C,gen9championsvgc2026regmcbo3,1760,Slowking-Galar,Raichu-Mega-Y,55.524
2026-09-30,M-C,gen9championsvgc2026regmcbo3,1760,Slowking-Galar,Incineroar,21.176
2026-09-30,M-C,gen9championsvgc2026regmcbo3,1760,Slowking-Galar,Torkoal,18.775
2026-09-30,M-C,gen9championsvgc2026regmcbo3,1760,Slowking-Galar,Indeedee-F,17.658
2026-09-30,M-C,gen9championsvgc2026regmcbo3,1760,Slowking-Galar,Golisopod-Mega,16.538
2026-09-30,M-C,gen9championsvgc2026regmcbo3,1760,Slowking-Galar,Grapploct,16.214
2026-09-30,M-C,gen9championsvgc2026regmcbo3,1760,Gliscor,Incineroar,43.973
2026-09-30,M-C,gen9championsvgc2026regmcbo3,1760,Gliscor,Indeedee-F,42.304
2026-09-30,M-C,gen9championsvgc2026regmcbo3,1760,Gliscor,Gardevoir-Mega,38.09
2026-09-30,M-C,gen9championsvgc2026regmcbo3,1760,Gliscor,Vivillon,37.746
2026-09-30,M-C,gen9championsvgc2026regmcbo3,1760,Gliscor,Torkoal,37.638
2026-09-30,M-C,gen9championsvgc2026regmcbo3,1760,Gliscor,Kingambit,36.188
2026-09-30,M-C,gen9championsvgc2026regmcbo3,1760,Gliscor,Rillaboom,22.352
2026-09-30,M-C,gen9championsvgc2026regmcbo3,1760,Gliscor,Farigiraf,16.425
2026-09-30,M-C,gen9championsvgc2026regmcbo3,1760,Gliscor,Sneasler,16.053
2026-09-30,M-C,gen9championsvgc2026regmcbo3,1760,Gliscor,Tyranitar-Mega,15.185
2026-09-30,M-C,gen9championsvgc2026regmcbo3,1760,Meowscarada,Indeedee,38.224
2026-09-30,M-C,gen9championsvgc2026regmcbo3,1760,Meowscarada,Raichu-Mega-Y,37.635
2026-09-30,M-C,gen9championsvgc2026regmcbo3,1760,Meowscarada,Milotic,36.61
2026-09-30,M-C,gen9championsvgc2026regmcbo3,1760,Meowscarada,Metagross-Mega,36.263
2026-09-30,M-C,gen9championsvgc2026regmcbo3,1760,Meowscarada,Arcanine,35.658
2026-09-30,M-C,gen9championsvgc2026regmcbo3,1760,Meowscarada,Indeedee-F,32.399
2026-09-30,M-C,gen9championsvgc2026regmcbo3,1760,Meowscarada,Sneasler,25.331
2026-09-30,M-C,gen9championsvgc2026regmcbo3,1760,Meowscarada,Armarouge,16.307
2026-09-30,M-C,gen9championsvgc2026regmcbo3,1760,Meowscarada,Excadrill,16.275
2026-09-30,M-C,gen9championsvgc2026regmcbo3,1760,Meowscarada,Tyranitar-Mega,15.942
2026-09-30,M-C,gen9championsvgc2026regmcbo3,1760,Gyarados-Mega,Sneasler,37.123
2026-09-30,M-C,gen9championsvgc2026regmcbo3,1760,Gyarados-Mega,Metagross-Mega,25.775
2026-09-30,M-C,gen9championsvgc2026regmcbo3,1760,Gyarados-Mega,Indeedee-F,25.184
2026-09-30,M-C,gen9championsvgc2026regmcbo3,1760,Gyarados-Mega,Sinistcha,22.662
2026-09-30,M-C,gen9championsvgc2026regmcbo3,1760,Gyarados-Mega,Rillaboom,21.958
2026-09-30,M-C,gen9championsvgc2026regmcbo3,1760,Gyarados-Mega,Garchomp,20.606
2026-09-30,M-C,gen9championsvgc2026regmcbo3,1760,Gyarados-Mega,Gengar-Mega,18.577
2026-09-30,M-C,gen9championsvgc2026regmcbo3,1760,Gyarados-Mega,Arcanine-Hisui,17.453
2026-09-30,M-C,gen9championsvgc2026regmcbo3,1760,Gyarados-Mega,Incineroar,16.948
2026-09-30,M-C,gen9championsvgc2026regmcbo3,1760,Gyarados-Mega,Kommo-o,14.904
2026-09-30,M-C,gen9championsvgc2026regmcbo3,1760,Salamence,Sneasler,73.191
2026-09-30,M-C,gen9championsvgc2026regmcbo3,1760,Salamence,Gardevoir-Mega,57.347
2026-09-30,M-C,gen9championsvgc2026regmcbo3,1760,Salamence,Indeedee-F,57.295
2026-09-30,M-C,gen9championsvgc2026regmcbo3,1760,Salamence,Tyranitar-Mega,56.302
2026-09-30,M-C,gen9championsvgc2026regmcbo3,1760,Salamence,Excadrill,56.004
2026-09-30,M-C,gen9championsvgc2026regmcbo3,1760,Salamence,Rillaboom,26.316
2026-09-30,M-C,gen9championsvgc2026regmcbo3,1760,Salamence,Arcanine-Hisui,14.524
2026-09-30,M-C,gen9championsvgc2026regmcbo3,1760,Salamence,Metagross-Mega,10.646
2026-09-30,M-C,gen9championsvgc2026regmcbo3,1760,Salamence,Indeedee,10.349
2026-09-30,M-C,gen9championsvgc2026regmcbo3,1760,Salamence,Golisopod-Mega,10.301
2026-09-30,M-C,gen9championsvgc2026regmcbo3,1760,Greninja-Mega,Sneasler,70.583
2026-09-30,M-C,gen9championsvgc2026regmcbo3,1760,Greninja-Mega,Indeedee,60.611
2026-09-30,M-C,gen9championsvgc2026regmcbo3,1760,Greninja-Mega,Charizard-Mega-Y,60.403
2026-09-30,M-C,gen9championsvgc2026regmcbo3,1760,Greninja-Mega,Annihilape,60.22
2026-09-30,M-C,gen9championsvgc2026regmcbo3,1760,Greninja-Mega,Venusaur,60.155
2026-09-30,M-C,gen9championsvgc2026regmcbo3,1760,Greninja-Mega,Pelipper,18.385
2026-09-30,M-C,gen9championsvgc2026regmcbo3,1760,Greninja-Mega,Archaludon,12.894
2026-09-30,M-C,gen9championsvgc2026regmcbo3,1760,Greninja-Mega,Tsareena,10.344
2026-09-30,M-C,gen9championsvgc2026regmcbo3,1760,Greninja-Mega,Talonflame,9.813
2026-09-30,M-C,gen9championsvgc2026regmcbo3,1760,Greninja-Mega,Swampert-Mega,9.616
2026-09-30,M-C,gen9championsvgc2026regmcbo3,1760,Slowbro-Mega,Indeedee-F,68.749
2026-09-30,M-C,gen9championsvgc2026regmcbo3,1760,Slowbro-Mega,Incineroar,47.688
2026-09-30,M-C,gen9championsvgc2026regmcbo3,1760,Slowbro-Mega,Camerupt-Mega,44.653
2026-09-30,M-C,gen9championsvgc2026regmcbo3,1760,Slowbro-Mega,Grapploct,42.361
2026-09-30,M-C,gen9championsvgc2026regmcbo3,1760,Slowbro-Mega,Farigiraf,42.359
2026-09-30,M-C,gen9championsvgc2026regmcbo3,1760,Slowbro-Mega,Torkoal,35.074
2026-09-30,M-C,gen9championsvgc2026regmcbo3,1760,Slowbro-Mega,Armarouge,16.507
2026-09-30,M-C,gen9championsvgc2026regmcbo3,1760,Slowbro-Mega,Kingambit,15.609
2026-09-30,M-C,gen9championsvgc2026regmcbo3,1760,Slowbro-Mega,Lucario-Mega-Z,15.416
2026-09-30,M-C,gen9championsvgc2026regmcbo3,1760,Slowbro-Mega,Victreebel-Mega,15.361
2026-09-30,M-C,gen9championsvgc2026regmcbo3,1760,Samurott-Hisui,Sneasler,33.103
2026-09-30,M-C,gen9championsvgc2026regmcbo3,1760,Samurott-Hisui,Rillaboom,28.294
2026-09-30,M-C,gen9championsvgc2026regmcbo3,1760,Samurott-Hisui,Delphox-Mega,26.994
2026-09-30,M-C,gen9championsvgc2026regmcbo3,1760,Samurott-Hisui,Whimsicott,26.187
2026-09-30,M-C,gen9championsvgc2026regmcbo3,1760,Samurott-Hisui,Gholdengo,25.104
2026-09-30,M-C,gen9championsvgc2026regmcbo3,1760,Samurott-Hisui,Metagross-Mega,23.502
2026-09-30,M-C,gen9championsvgc2026regmcbo3,1760,Samurott-Hisui,Incineroar,23.185
2026-09-30,M-C,gen9championsvgc2026regmcbo3,1760,Samurott-Hisui,Sinistcha,19.162
2026-09-30,M-C,gen9championsvgc2026regmcbo3,1760,Samurott-Hisui,Garchomp,17.155
2026-09-30,M-C,gen9championsvgc2026regmcbo3,1760,Samurott-Hisui,Torkoal,16.978
2026-09-30,M-C,gen9championsvgc2026regmcbo3,1760,Inteleon,Sneasler,46.588
2026-09-30,M-C,gen9championsvgc2026regmcbo3,1760,Inteleon,Golisopod-Mega,31.58
2026-09-30,M-C,gen9championsvgc2026regmcbo3,1760,Inteleon,Indeedee-F,30.555
2026-09-30,M-C,gen9championsvgc2026regmcbo3,1760,Inteleon,Dragonite-Mega,26.972
2026-09-30,M-C,gen9championsvgc2026regmcbo3,1760,Inteleon,Indeedee,26.927
2026-09-30,M-C,gen9championsvgc2026regmcbo3,1760,Inteleon,Politoed,26.813
2026-09-30,M-C,gen9championsvgc2026regmcbo3,1760,Inteleon,Rillaboom,26.299
2026-09-30,M-C,gen9championsvgc2026regmcbo3,1760,Inteleon,Gholdengo,23.617
2026-09-30,M-C,gen9championsvgc2026regmcbo3,1760,Inteleon,Incineroar,15.48
2026-09-30,M-C,gen9championsvgc2026regmcbo3,1760,Inteleon,Pelipper,14.293
2026-09-30,M-C,gen9championsvgc2026regmcbo3,1760,Chandelure-Mega,Rillaboom,84.42
2026-09-30,M-C,gen9championsvgc2026regmcbo3,1760,Chandelure-Mega,Sneasler,82.886
2026-09-30,M-C,gen9championsvgc2026regmcbo3,1760,Chandelure-Mega,Incineroar,81.301
2026-09-30,M-C,gen9championsvgc2026regmcbo3,1760,Chandelure-Mega,Kingambit,77.825
2026-09-30,M-C,gen9championsvgc2026regmcbo3,1760,Chandelure-Mega,Floette-Mega,71.543
2026-09-30,M-C,gen9championsvgc2026regmcbo3,1760,Chandelure-Mega,Indeedee-F,16.566
2026-09-30,M-C,gen9championsvgc2026regmcbo3,1760,Chandelure-Mega,Salamence-Mega,9.523
2026-09-30,M-C,gen9championsvgc2026regmcbo3,1760,Chandelure-Mega,Basculegion,8.971
2026-09-30,M-C,gen9championsvgc2026regmcbo3,1760,Chandelure-Mega,Pawmot,6.85
2026-09-30,M-C,gen9championsvgc2026regmcbo3,1760,Chandelure-Mega,Lucario-Mega-Z,6.656
2026-09-30,M-C,gen9championsvgc2026regmcbo3,1760,Persian-Alola,Staraptor-Mega,57.274
2026-09-30,M-C,gen9championsvgc2026regmcbo3,1760,Persian-Alola,Gholdengo,50.997
2026-09-30,M-C,gen9championsvgc2026regmcbo3,1760,Persian-Alola,Sneasler,39.183
2026-09-30,M-C,gen9championsvgc2026regmcbo3,1760,Persian-Alola,Indeedee-F,34.838
2026-09-30,M-C,gen9championsvgc2026regmcbo3,1760,Persian-Alola,Armarouge,34.38
2026-09-30,M-C,gen9championsvgc2026regmcbo3,1760,Persian-Alola,Milotic,34.023
2026-09-30,M-C,gen9championsvgc2026regmcbo3,1760,Persian-Alola,Volcarona,33.457
2026-09-30,M-C,gen9championsvgc2026regmcbo3,1760,Persian-Alola,Tyranitar-Mega,32.04
2026-09-30,M-C,gen9championsvgc2026regmcbo3,1760,Persian-Alola,Metagross-Mega,16.313
2026-09-30,M-C,gen9championsvgc2026regmcbo3,1760,Persian-Alola,Salamence-Mega,11.943
2026-09-30,M-C,gen9championsvgc2026regmcbo3,1760,Gardevoir,Indeedee-F,80.921
2026-09-30,M-C,gen9championsvgc2026regmcbo3,1760,Gardevoir,Metagross-Mega,78.186
2026-09-30,M-C,gen9championsvgc2026regmcbo3,1760,Gardevoir,Arcanine-Hisui,78.008
2026-09-30,M-C,gen9championsvgc2026regmcbo3,1760,Gardevoir,Salamence-Mega,60.312
2026-09-30,M-C,gen9championsvgc2026regmcbo3,1760,Gardevoir,Ditto,36.771
2026-09-30,M-C,gen9championsvgc2026regmcbo3,1760,Gardevoir,Rillaboom,26.211
2026-09-30,M-C,gen9championsvgc2026regmcbo3,1760,Gardevoir,Kommo-o,12.625
2026-09-30,M-C,gen9championsvgc2026regmcbo3,1760,Gardevoir,Gyarados-Mega,12.457
2026-09-30,M-C,gen9championsvgc2026regmcbo3,1760,Gardevoir,Garchomp,4.279
2026-09-30,M-C,gen9championsvgc2026regmcbo3,1760,Gardevoir,Garchomp-Mega,3.244
2026-09-30,M-C,gen9championsvgc2026regmcbo3,1760,Rotom-Mow,Indeedee-F,71.258
2026-09-30,M-C,gen9championsvgc2026regmcbo3,1760,Rotom-Mow,Armarouge,71.18
2026-09-30,M-C,gen9championsvgc2026regmcbo3,1760,Rotom-Mow,Sneasler,71.169
2026-09-30,M-C,gen9championsvgc2026regmcbo3,1760,Rotom-Mow,Absol-Mega-Z,71.08
2026-09-30,M-C,gen9championsvgc2026regmcbo3,1760,Rotom-Mow,Empoleon,71.047
2026-09-30,M-C,gen9championsvgc2026regmcbo3,1760,Rotom-Mow,Basculegion,27.236
2026-09-30,M-C,gen9championsvgc2026regmcbo3,1760,Rotom-Mow,Tyranitar-Mega,26.267
2026-09-30,M-C,gen9championsvgc2026regmcbo3,1760,Rotom-Mow,Salamence-Mega,26.0
2026-09-30,M-C,gen9championsvgc2026regmcbo3,1760,Rotom-Mow,Corviknight,25.83
2026-09-30,M-C,gen9championsvgc2026regmcbo3,1760,Rotom-Mow,Excadrill,25.763
2026-09-30,M-C,gen9championsvgc2026regmcbo3,1760,Zoroark-Hisui,Rillaboom,37.437
2026-09-30,M-C,gen9championsvgc2026regmcbo3,1760,Zoroark-Hisui,Kingambit,33.336
2026-09-30,M-C,gen9championsvgc2026regmcbo3,1760,Zoroark-Hisui,Glimmora-Mega,32.893
2026-09-30,M-C,gen9championsvgc2026regmcbo3,1760,Zoroark-Hisui,Gholdengo,28.92
2026-09-30,M-C,gen9championsvgc2026regmcbo3,1760,Zoroark-Hisui,Rotom-Wash,24.166
2026-09-30,M-C,gen9championsvgc2026regmcbo3,1760,Zoroark-Hisui,Corviknight,24.149
2026-09-30,M-C,gen9championsvgc2026regmcbo3,1760,Zoroark-Hisui,Incineroar,23.873
2026-09-30,M-C,gen9championsvgc2026regmcbo3,1760,Zoroark-Hisui,Floette-Mega,18.427
2026-09-30,M-C,gen9championsvgc2026regmcbo3,1760,Zoroark-Hisui,Dragonite-Mega,16.843
2026-09-30,M-C,gen9championsvgc2026regmcbo3,1760,Zoroark-Hisui,Garchomp,15.971
2026-09-30,M-C,gen9championsvgc2026regmcbo3,1760,Ditto,Salamence-Mega,63.521
2026-09-30,M-C,gen9championsvgc2026regmcbo3,1760,Ditto,Metagross-Mega,62.226
2026-09-30,M-C,gen9championsvgc2026regmcbo3,1760,Ditto,Indeedee-F,51.443
2026-09-30,M-C,gen9championsvgc2026regmcbo3,1760,Ditto,Arcanine-Hisui,49.012
2026-09-30,M-C,gen9championsvgc2026regmcbo3,1760,Ditto,Gardevoir,48.783
2026-09-30,M-C,gen9championsvgc2026regmcbo3,1760,Ditto,Incineroar,23.675
2026-09-30,M-C,gen9championsvgc2026regmcbo3,1760,Ditto,Rillaboom,12.247
2026-09-30,M-C,gen9championsvgc2026regmcbo3,1760,Ditto,Sneasler,11.849
2026-09-30,M-C,gen9championsvgc2026regmcbo3,1760,Ditto,Garchomp,11.198
2026-09-30,M-C,gen9championsvgc2026regmcbo3,1760,Ditto,Milotic,10.654
2026-09-30,M-C,gen9championsvgc2026regmcbo3,1760,Conkeldurr,Incineroar,84.186
2026-09-30,M-C,gen9championsvgc2026regmcbo3,1760,Conkeldurr,Charizard-Mega-Y,74.21
2026-09-30,M-C,gen9championsvgc2026regmcbo3,1760,Conkeldurr,Dragapult,74.21
2026-09-30,M-C,gen9championsvgc2026regmcbo3,1760,Conkeldurr,Venusaur,74.21
2026-09-30,M-C,gen9championsvgc2026regmcbo3,1760,Conkeldurr,Raichu-Mega-Y,65.647
2026-09-30,M-C,gen9championsvgc2026regmcbo3,1760,Conkeldurr,Golisopod-Mega,11.597
2026-09-30,M-C,gen9championsvgc2026regmcbo3,1760,Conkeldurr,Sylveon,8.913
2026-09-30,M-C,gen9championsvgc2026regmcbo3,1760,Conkeldurr,Hatterene,7.595
2026-09-30,M-C,gen9championsvgc2026regmcbo3,1760,Conkeldurr,Rillaboom,5.967
2026-09-30,M-C,gen9championsvgc2026regmcbo3,1760,Conkeldurr,Gengar-Mega,5.28
2026-09-30,M-C,gen9championsvgc2026regmcbo3,1760,Pincurchin,Farigiraf,34.442
2026-09-30,M-C,gen9championsvgc2026regmcbo3,1760,Pincurchin,Sneasler,33.351
2026-09-30,M-C,gen9championsvgc2026regmcbo3,1760,Pincurchin,Indeedee-F,32.131
2026-09-30,M-C,gen9championsvgc2026regmcbo3,1760,Pincurchin,Torkoal,23.444
2026-09-30,M-C,gen9championsvgc2026regmcbo3,1760,Pincurchin,Hatterene,21.883
2026-09-30,M-C,gen9championsvgc2026regmcbo3,1760,Pincurchin,Kingambit,18.21
2026-09-30,M-C,gen9championsvgc2026regmcbo3,1760,Pincurchin,Scrafty-Mega,16.39
2026-09-30,M-C,gen9championsvgc2026regmcbo3,1760,Pincurchin,Pelipper,13.371
2026-09-30,M-C,gen9championsvgc2026regmcbo3,1760,Pincurchin,Archaludon,12.261
2026-09-30,M-C,gen9championsvgc2026regmcbo3,1760,Pincurchin,Froslass-Mega,11.467
2026-09-30,M-C,gen9championsvgc2026regmcbo3,1760,Delphox,Indeedee-F,72.557
2026-09-30,M-C,gen9championsvgc2026regmcbo3,1760,Delphox,Sneasler,59.437
2026-09-30,M-C,gen9championsvgc2026regmcbo3,1760,Delphox,Basculegion,45.04
2026-09-30,M-C,gen9championsvgc2026regmcbo3,1760,Delphox,Rillaboom,28.741
2026-09-30,M-C,gen9championsvgc2026regmcbo3,1760,Delphox,Whimsicott,25.74
2026-09-30,M-C,gen9championsvgc2026regmcbo3,1760,Delphox,Garchomp-Mega-Z,25.28
2026-09-30,M-C,gen9championsvgc2026regmcbo3,1760,Delphox,Annihilape,21.427
2026-09-30,M-C,gen9championsvgc2026regmcbo3,1760,Delphox,Floette-Mega,19.508
2026-09-30,M-C,gen9championsvgc2026regmcbo3,1760,Delphox,Incineroar,17.247
2026-09-30,M-C,gen9championsvgc2026regmcbo3,1760,Delphox,Baxcalibur-Mega,11.635
2026-09-30,M-C,gen9championsvgc2026regmcbo3,1760,Goodra-Hisui,Rillaboom,42.58
2026-09-30,M-C,gen9championsvgc2026regmcbo3,1760,Goodra-Hisui,Incineroar,34.236
2026-09-30,M-C,gen9championsvgc2026regmcbo3,1760,Goodra-Hisui,Absol-Mega-Z,32.335
2026-09-30,M-C,gen9championsvgc2026regmcbo3,1760,Goodra-Hisui,Floette-Mega,27.027
2026-09-30,M-C,gen9championsvgc2026regmcbo3,1760,Goodra-Hisui,Indeedee-F,26.569
2026-09-30,M-C,gen9championsvgc2026regmcbo3,1760,Goodra-Hisui,Basculegion,24.127
2026-09-30,M-C,gen9championsvgc2026regmcbo3,1760,Goodra-Hisui,Espathra,23.685
2026-09-30,M-C,gen9championsvgc2026regmcbo3,1760,Goodra-Hisui,Garchomp,14.587
2026-09-30,M-C,gen9championsvgc2026regmcbo3,1760,Goodra-Hisui,Talonflame,14.502
2026-09-30,M-C,gen9championsvgc2026regmcbo3,1760,Goodra-Hisui,Gardevoir-Mega,14.436
2026-09-30,M-C,gen9championsvgc2026regmcbo3,1760,Drampa,Incineroar,61.3
2026-09-30,M-C,gen9championsvgc2026regmcbo3,1760,Drampa,Farigiraf,53.146
2026-09-30,M-C,gen9championsvgc2026regmcbo3,1760,Drampa,Rillaboom,48.099
2026-09-30,M-C,gen9championsvgc2026regmcbo3,1760,Drampa,Lucario-Mega-Z,45.959
2026-09-30,M-C,gen9championsvgc2026regmcbo3,1760,Drampa,Floette-Mega,44.058
2026-09-30,M-C,gen9championsvgc2026regmcbo3,1760,Drampa,Indeedee-F,30.383
2026-09-30,M-C,gen9championsvgc2026regmcbo3,1760,Drampa,Gardevoir-Mega,21.895
2026-09-30,M-C,gen9championsvgc2026regmcbo3,1760,Drampa,Sneasler,17.02
2026-09-30,M-C,gen9championsvgc2026regmcbo3,1760,Drampa,Camerupt-Mega,9.064
2026-09-30,M-C,gen9championsvgc2026regmcbo3,1760,Drampa,Golisopod-Mega,8.098
2026-09-30,M-C,gen9championsvgc2026regmcbo3,1760,Tauros-Paldea-Aqua,Incineroar,63.474
2026-09-30,M-C,gen9championsvgc2026regmcbo3,1760,Tauros-Paldea-Aqua,Rillaboom,47.557
2026-09-30,M-C,gen9championsvgc2026regmcbo3,1760,Tauros-Paldea-Aqua,Floette-Mega,34.93
2026-09-30,M-C,gen9championsvgc2026regmcbo3,1760,Tauros-Paldea-Aqua,Glimmora,34.267
2026-09-30,M-C,gen9championsvgc2026regmcbo3,1760,Tauros-Paldea-Aqua,Raichu-Mega-Y,29.699
2026-09-30,M-C,gen9championsvgc2026regmcbo3,1760,Tauros-Paldea-Aqua,Kingambit,29.481
2026-09-30,M-C,gen9championsvgc2026regmcbo3,1760,Tauros-Paldea-Aqua,Delphox-Mega,29.231
2026-09-30,M-C,gen9championsvgc2026regmcbo3,1760,Tauros-Paldea-Aqua,Garchomp,29.053
2026-09-30,M-C,gen9championsvgc2026regmcbo3,1760,Tauros-Paldea-Aqua,Salamence-Mega,26.511
2026-09-30,M-C,gen9championsvgc2026regmcbo3,1760,Tauros-Paldea-Aqua,Sinistcha,19.706
2026-09-30,M-C,gen9championsvgc2026regmcbo3,1760,Ninetales,Whimsicott,43.323
2026-09-30,M-C,gen9championsvgc2026regmcbo3,1760,Ninetales,Indeedee-F,35.99
2026-09-30,M-C,gen9championsvgc2026regmcbo3,1760,Ninetales,Basculegion,33.194
2026-09-30,M-C,gen9championsvgc2026regmcbo3,1760,Ninetales,Sneasler,26.114
2026-09-30,M-C,gen9championsvgc2026regmcbo3,1760,Ninetales,Metagross-Mega,25.723
2026-09-30,M-C,gen9championsvgc2026regmcbo3,1760,Ninetales,Farigiraf,25.233
2026-09-30,M-C,gen9championsvgc2026regmcbo3,1760,Ninetales,Raichu-Mega-Y,20.79
2026-09-30,M-C,gen9championsvgc2026regmcbo3,1760,Ninetales,Kingambit,20.22
2026-09-30,M-C,gen9championsvgc2026regmcbo3,1760,Ninetales,Hydreigon,17.955
2026-09-30,M-C,gen9championsvgc2026regmcbo3,1760,Ninetales,Arcanine-Hisui,17.938
2026-09-30,M-C,gen9championsvgc2026regmcbo3,1760,Heracross-Mega,Kingambit,90.013
2026-09-30,M-C,gen9championsvgc2026regmcbo3,1760,Heracross-Mega,Milotic,82.397
2026-09-30,M-C,gen9championsvgc2026regmcbo3,1760,Heracross-Mega,Sinistcha,82.051
2026-09-30,M-C,gen9championsvgc2026regmcbo3,1760,Heracross-Mega,Talonflame,82.004
2026-09-30,M-C,gen9championsvgc2026regmcbo3,1760,Heracross-Mega,Glimmora-Mega,82.0
2026-09-30,M-C,gen9championsvgc2026regmcbo3,1760,Heracross-Mega,Indeedee-F,7.795
2026-09-30,M-C,gen9championsvgc2026regmcbo3,1760,Heracross-Mega,Gliscor,7.712
2026-09-30,M-C,gen9championsvgc2026regmcbo3,1760,Heracross-Mega,Froslass-Mega,7.712
2026-09-30,M-C,gen9championsvgc2026regmcbo3,1760,Heracross-Mega,Toxtricity,7.712
2026-09-30,M-C,gen9championsvgc2026regmcbo3,1760,Heracross-Mega,Whimsicott,2.017
2026-09-30,M-C,gen9championsvgc2026regmcbo3,1760,Scizor,Rillaboom,78.729
2026-09-30,M-C,gen9championsvgc2026regmcbo3,1760,Scizor,Basculegion,66.96
2026-09-30,M-C,gen9championsvgc2026regmcbo3,1760,Scizor,Incineroar,66.859
2026-09-30,M-C,gen9championsvgc2026regmcbo3,1760,Scizor,Grimmsnarl,60.279
2026-09-30,M-C,gen9championsvgc2026regmcbo3,1760,Scizor,Staraptor-Mega,56.706
2026-09-30,M-C,gen9championsvgc2026regmcbo3,1760,Scizor,Sylveon,12.17
2026-09-30,M-C,gen9championsvgc2026regmcbo3,1760,Scizor,Raichu-Mega-Y,11.431
2026-09-30,M-C,gen9championsvgc2026regmcbo3,1760,Scizor,Salamence-Mega,11.11
2026-09-30,M-C,gen9championsvgc2026regmcbo3,1760,Scizor,Arcanine-Hisui,9.487
2026-09-30,M-C,gen9championsvgc2026regmcbo3,1760,Scizor,Annihilape,8.789
2026-09-30,M-C,gen9championsvgc2026regmcbo3,1760,Gyarados,Rillaboom,46.216
2026-09-30,M-C,gen9championsvgc2026regmcbo3,1760,Gyarados,Lucario-Mega-Z,44.184
2026-09-30,M-C,gen9championsvgc2026regmcbo3,1760,Gyarados,Dragapult,35.197
2026-09-30,M-C,gen9championsvgc2026regmcbo3,1760,Gyarados,Farigiraf,33.409
2026-09-30,M-C,gen9championsvgc2026regmcbo3,1760,Gyarados,Arcanine-Hisui,33.103
2026-09-30,M-C,gen9championsvgc2026regmcbo3,1760,Gyarados,Maushold,19.387
2026-09-30,M-C,gen9championsvgc2026regmcbo3,1760,Gyarados,Gholdengo,17.469
2026-09-30,M-C,gen9championsvgc2026regmcbo3,1760,Gyarados,Sceptile-Mega,17.39
2026-09-30,M-C,gen9championsvgc2026regmcbo3,1760,Gyarados,Staraptor-Mega,15.322
2026-09-30,M-C,gen9championsvgc2026regmcbo3,1760,Gyarados,Weavile,12.364
2026-09-30,M-C,gen9championsvgc2026regmcbo3,1760,Hydrapple,Indeedee-F,85.997
2026-09-30,M-C,gen9championsvgc2026regmcbo3,1760,Hydrapple,Camerupt-Mega,85.861
2026-09-30,M-C,gen9championsvgc2026regmcbo3,1760,Hydrapple,Farigiraf,81.961
2026-09-30,M-C,gen9championsvgc2026regmcbo3,1760,Hydrapple,Incineroar,81.642
2026-09-30,M-C,gen9championsvgc2026regmcbo3,1760,Hydrapple,Kingambit,81.563
2026-09-30,M-C,gen9championsvgc2026regmcbo3,1760,Hydrapple,Sneasler,4.343
2026-09-30,M-C,gen9championsvgc2026regmcbo3,1760,Hydrapple,Araquanid,4.27
2026-09-30,M-C,gen9championsvgc2026regmcbo3,1760,Hydrapple,Hatterene,3.455
2026-09-30,M-C,gen9championsvgc2026regmcbo3,1760,Hydrapple,Gardevoir-Mega,0.913
2026-09-30,M-C,gen9championsvgc2026regmcbo3,1760,Altaria-Mega,Rillaboom,80.84
2026-09-30,M-C,gen9championsvgc2026regmcbo3,1760,Altaria-Mega,Sneasler,79.056
2026-09-30,M-C,gen9championsvgc2026regmcbo3,1760,Altaria-Mega,Incineroar,75.261
2026-09-30,M-C,gen9championsvgc2026regmcbo3,1760,Altaria-Mega,Kingambit,58.959
2026-09-30,M-C,gen9championsvgc2026regmcbo3,1760,Altaria-Mega,Gengar-Mega,55.166
2026-09-30,M-C,gen9championsvgc2026regmcbo3,1760,Altaria-Mega,Gholdengo,20.48
2026-09-30,M-C,gen9championsvgc2026regmcbo3,1760,Altaria-Mega,Raichu-Mega-Y,20.241
2026-09-30,M-C,gen9championsvgc2026regmcbo3,1760,Altaria-Mega,Sableye,5.161
2026-09-30,M-C,gen9championsvgc2026regmcbo3,1760,Altaria-Mega,Volcarona,4.962
2026-09-30,M-C,gen9championsvgc2026regmcbo3,1760,Altaria-Mega,Indeedee-F,3.933
2026-09-30,M-C,gen9championsvgc2026regmcbo3,1760,Floette-Eternal,Rillaboom,90.585
2026-09-30,M-C,gen9championsvgc2026regmcbo3,1760,Floette-Eternal,Kingambit,60.818
2026-09-30,M-C,gen9championsvgc2026regmcbo3,1760,Floette-Eternal,Metagross-Mega,53.195
2026-09-30,M-C,gen9championsvgc2026regmcbo3,1760,Floette-Eternal,Arcanine-Hisui,53.185
2026-09-30,M-C,gen9championsvgc2026regmcbo3,1760,Floette-Eternal,Kommo-o,49.89
2026-09-30,M-C,gen9championsvgc2026regmcbo3,1760,Floette-Eternal,Incineroar,21.199
2026-09-30,M-C,gen9championsvgc2026regmcbo3,1760,Floette-Eternal,Scizor-Mega,15.643
2026-09-30,M-C,gen9championsvgc2026regmcbo3,1760,Floette-Eternal,Charizard-Mega-X,15.632
2026-09-30,M-C,gen9championsvgc2026regmcbo3,1760,Floette-Eternal,Ninetales-Alola,15.632
2026-09-30,M-C,gen9championsvgc2026regmcbo3,1760,Floette-Eternal,Sneasler,15.335
2026-09-30,M-C,gen9championsvgc2026regmcbo3,1760,Golurk-Mega,Incineroar,51.54
2026-09-30,M-C,gen9championsvgc2026regmcbo3,1760,Golurk-Mega,Torkoal,39.749
2026-09-30,M-C,gen9championsvgc2026regmcbo3,1760,Golurk-Mega,Indeedee-F,38.146
2026-09-30,M-C,gen9championsvgc2026regmcbo3,1760,Golurk-Mega,Floette-Mega,30.852
2026-09-30,M-C,gen9championsvgc2026regmcbo3,1760,Golurk-Mega,Farigiraf,29.517
2026-09-30,M-C,gen9championsvgc2026regmcbo3,1760,Golurk-Mega,Grimmsnarl,25.775
2026-09-30,M-C,gen9championsvgc2026regmcbo3,1760,Golurk-Mega,Sinistcha,25.738
2026-09-30,M-C,gen9championsvgc2026regmcbo3,1760,Golurk-Mega,Salamence-Mega,25.723
2026-09-30,M-C,gen9championsvgc2026regmcbo3,1760,Golurk-Mega,Armarouge,24.338
2026-09-30,M-C,gen9championsvgc2026regmcbo3,1760,Golurk-Mega,Kingambit,21.683
2026-09-30,M-C,gen9championsvgc2026regmcbo3,1760,Steelix-Mega,Tyranitar-Mega,60.145
2026-09-30,M-C,gen9championsvgc2026regmcbo3,1760,Steelix-Mega,Sinistcha,48.943
2026-09-30,M-C,gen9championsvgc2026regmcbo3,1760,Steelix-Mega,Farigiraf,39.677
2026-09-30,M-C,gen9championsvgc2026regmcbo3,1760,Steelix-Mega,Kingambit,32.462
2026-09-30,M-C,gen9championsvgc2026regmcbo3,1760,Steelix-Mega,Gliscor,32.42
2026-09-30,M-C,gen9championsvgc2026regmcbo3,1760,Steelix-Mega,Sneasler,18.5
2026-09-30,M-C,gen9championsvgc2026regmcbo3,1760,Steelix-Mega,Rillaboom,16.943
2026-09-30,M-C,gen9championsvgc2026regmcbo3,1760,Steelix-Mega,Tyranitar,16.188
2026-09-30,M-C,gen9championsvgc2026regmcbo3,1760,Steelix-Mega,Indeedee-F,13.865
2026-09-30,M-C,gen9championsvgc2026regmcbo3,1760,Steelix-Mega,Volcarona,13.513
2026-09-30,M-C,gen9championsvgc2026regmcbo3,1760,Banette-Mega,Incineroar,86.756
2026-09-30,M-C,gen9championsvgc2026regmcbo3,1760,Banette-Mega,Archaludon,86.124
2026-09-30,M-C,gen9championsvgc2026regmcbo3,1760,Banette-Mega,Pelipper,80.928
2026-09-30,M-C,gen9championsvgc2026regmcbo3,1760,Banette-Mega,Grimmsnarl,80.867
2026-09-30,M-C,gen9championsvgc2026regmcbo3,1760,Banette-Mega,Venusaur-Mega,80.867
2026-09-30,M-C,gen9championsvgc2026regmcbo3,1760,Banette-Mega,Basculegion,8.352
2026-09-30,M-C,gen9championsvgc2026regmcbo3,1760,Banette-Mega,Zoroark-Hisui,7.252
2026-09-30,M-C,gen9championsvgc2026regmcbo3,1760,Banette-Mega,Aegislash,7.252
2026-09-30,M-C,gen9championsvgc2026regmcbo3,1760,Banette-Mega,Dragapult,7.252
2026-09-30,M-C,gen9championsvgc2026regmcbo3,1760,Banette-Mega,Annihilape,6.948
2026-09-30,M-C,gen9championsvgc2026regmcbo3,1760,Cinderace,Salamence-Mega,54.397
2026-09-30,M-C,gen9championsvgc2026regmcbo3,1760,Cinderace,Milotic,49.065
2026-09-30,M-C,gen9championsvgc2026regmcbo3,1760,Cinderace,Kingambit,35.145
2026-09-30,M-C,gen9championsvgc2026regmcbo3,1760,Cinderace,Raichu-Mega-Y,26.152
2026-09-30,M-C,gen9championsvgc2026regmcbo3,1760,Cinderace,Sylveon,26.152
2026-09-30,M-C,gen9championsvgc2026regmcbo3,1760,Cinderace,Indeedee,22.322
2026-09-30,M-C,gen9championsvgc2026regmcbo3,1760,Cinderace,Sneasler,22.256
2026-09-30,M-C,gen9championsvgc2026regmcbo3,1760,Cinderace,Tyranitar-Mega,19.492
2026-09-30,M-C,gen9championsvgc2026regmcbo3,1760,Cinderace,Excadrill,19.492
2026-09-30,M-C,gen9championsvgc2026regmcbo3,1760,Cinderace,Rillaboom,17.104
2026-09-30,M-C,gen9championsvgc2026regmcbo3,1760,Houndstone,Tyranitar-Mega,51.451
2026-09-30,M-C,gen9championsvgc2026regmcbo3,1760,Houndstone,Sneasler,47.025
2026-09-30,M-C,gen9championsvgc2026regmcbo3,1760,Houndstone,Excadrill,41.766
2026-09-30,M-C,gen9championsvgc2026regmcbo3,1760,Houndstone,Incineroar,29.386
2026-09-30,M-C,gen9championsvgc2026regmcbo3,1760,Houndstone,Rillaboom,26.319
2026-09-30,M-C,gen9championsvgc2026regmcbo3,1760,Houndstone,Venusaur-Mega,23.465
2026-09-30,M-C,gen9championsvgc2026regmcbo3,1760,Houndstone,Salamence-Mega,20.845
2026-09-30,M-C,gen9championsvgc2026regmcbo3,1760,Houndstone,Indeedee,20.355
2026-09-30,M-C,gen9championsvgc2026regmcbo3,1760,Houndstone,Rotom-Wash,19.059
2026-09-30,M-C,gen9championsvgc2026regmcbo3,1760,Houndstone,Corviknight,16.341
2026-09-30,M-C,gen9championsvgc2026regmcbo3,1760,Chesnaught,Incineroar,85.062
2026-09-30,M-C,gen9championsvgc2026regmcbo3,1760,Chesnaught,Gengar-Mega,79.108
2026-09-30,M-C,gen9championsvgc2026regmcbo3,1760,Chesnaught,Archaludon,79.108
2026-09-30,M-C,gen9championsvgc2026regmcbo3,1760,Chesnaught,Golisopod-Mega,79.108
2026-09-30,M-C,gen9championsvgc2026regmcbo3,1760,Chesnaught,Politoed,79.108
2026-09-30,M-C,gen9championsvgc2026regmcbo3,1760,Chesnaught,Farigiraf,9.482
2026-09-30,M-C,gen9championsvgc2026regmcbo3,1760,Chesnaught,Torkoal,9.482
2026-09-30,M-C,gen9championsvgc2026regmcbo3,1760,Chesnaught,Pyroar-Mega,9.482
2026-09-30,M-C,gen9championsvgc2026regmcbo3,1760,Chesnaught,Scrafty,9.482
2026-09-30,M-C,gen9championsvgc2026regmcbo3,1760,Chesnaught,Heliolisk,9.482
2026-09-30,M-C,gen9championsvgc2026regmcbo3,1760,Swalot,Arcanine-Hisui,70.752
2026-09-30,M-C,gen9championsvgc2026regmcbo3,1760,Swalot,Salamence-Mega,54.376
2026-09-30,M-C,gen9championsvgc2026regmcbo3,1760,Swalot,Rillaboom,54.334
2026-09-30,M-C,gen9championsvgc2026regmcbo3,1760,Swalot,Gogoat,54.309
2026-09-30,M-C,gen9championsvgc2026regmcbo3,1760,Swalot,Annihilape,54.309
2026-09-30,M-C,gen9championsvgc2026regmcbo3,1760,Swalot,Sneasler,16.443
2026-09-30,M-C,gen9championsvgc2026regmcbo3,1760,Swalot,Indeedee-F,16.42
2026-09-30,M-C,gen9championsvgc2026regmcbo3,1760,Swalot,Froslass-Mega,16.418
2026-09-30,M-C,gen9championsvgc2026regmcbo3,1760,Swalot,Armarouge,16.418
2026-09-30,M-C,gen9championsvgc2026regmcbo3,1760,Wigglytuff,Indeedee-F,43.506
2026-09-30,M-C,gen9championsvgc2026regmcbo3,1760,Wigglytuff,Rillaboom,40.875
2026-09-30,M-C,gen9championsvgc2026regmcbo3,1760,Wigglytuff,Armarouge,28.492
2026-09-30,M-C,gen9championsvgc2026regmcbo3,1760,Wigglytuff,Charizard-Mega-Y,25.972
2026-09-30,M-C,gen9championsvgc2026regmcbo3,1760,Wigglytuff,Aegislash,25.906
2026-09-30,M-C,gen9championsvgc2026regmcbo3,1760,Wigglytuff,Wyrdeer,25.904
2026-09-30,M-C,gen9championsvgc2026regmcbo3,1760,Wigglytuff,Garchomp-Mega,25.904
2026-09-30,M-C,gen9championsvgc2026regmcbo3,1760,Wigglytuff,Farigiraf,19.202
2026-09-30,M-C,gen9championsvgc2026regmcbo3,1760,Wigglytuff,Maushold,18.687
2026-09-30,M-C,gen9championsvgc2026regmcbo3,1760,Wigglytuff,Cofagrigus,16.473
2026-09-30,M-C,gen9championsvgc2026regmcbo3,1760,Gogoat,Rillaboom,55.574
2026-09-30,M-C,gen9championsvgc2026regmcbo3,1760,Gogoat,Salamence-Mega,55.451
2026-09-30,M-C,gen9championsvgc2026regmcbo3,1760,Gogoat,Arcanine-Hisui,55.32
2026-09-30,M-C,gen9championsvgc2026regmcbo3,1760,Gogoat,Annihilape,55.318
2026-09-30,M-C,gen9championsvgc2026regmcbo3,1760,Gogoat,Swalot,55.318
2026-09-30,M-C,gen9championsvgc2026regmcbo3,1760,Gogoat,Pelipper,10.735
2026-09-30,M-C,gen9championsvgc2026regmcbo3,1760,Gogoat,Indeedee,8.803
2026-09-30,M-C,gen9championsvgc2026regmcbo3,1760,Gogoat,Archaludon,8.786
2026-09-30,M-C,gen9championsvgc2026regmcbo3,1760,Gogoat,Swampert-Mega,8.77
2026-09-30,M-C,gen9championsvgc2026regmcbo3,1760,Gogoat,Sableye,8.77
2026-09-30,M-C,gen9championsvgc2026regmcbo3,1760,Chesnaught-Mega,Indeedee-F,65.479
2026-09-30,M-C,gen9championsvgc2026regmcbo3,1760,Chesnaught-Mega,Farigiraf,52.798
2026-09-30,M-C,gen9championsvgc2026regmcbo3,1760,Chesnaught-Mega,Incineroar,44.651
2026-09-30,M-C,gen9championsvgc2026regmcbo3,1760,Chesnaught-Mega,Kingambit,37.959
2026-09-30,M-C,gen9championsvgc2026regmcbo3,1760,Chesnaught-Mega,Camerupt-Mega,35.802
2026-09-30,M-C,gen9championsvgc2026regmcbo3,1760,Chesnaught-Mega,Annihilape,30.306
2026-09-30,M-C,gen9championsvgc2026regmcbo3,1760,Chesnaught-Mega,Armarouge,25.556
2026-09-30,M-C,gen9championsvgc2026regmcbo3,1760,Chesnaught-Mega,Pelipper,21.088
2026-09-30,M-C,gen9championsvgc2026regmcbo3,1760,Chesnaught-Mega,Rillaboom,19.163
2026-09-30,M-C,gen9championsvgc2026regmcbo3,1760,Chesnaught-Mega,Torkoal,17.418
2026-09-30,M-C,gen9championsvgc2026regmcbo3,1760,Ampharos-Mega,Incineroar,64.571
2026-09-30,M-C,gen9championsvgc2026regmcbo3,1760,Ampharos-Mega,Rillaboom,62.806
2026-09-30,M-C,gen9championsvgc2026regmcbo3,1760,Ampharos-Mega,Sneasler,48.713
2026-09-30,M-C,gen9championsvgc2026regmcbo3,1760,Ampharos-Mega,Farigiraf,47.719
2026-09-30,M-C,gen9championsvgc2026regmcbo3,1760,Ampharos-Mega,Gholdengo,45.043
2026-09-30,M-C,gen9championsvgc2026regmcbo3,1760,Ampharos-Mega,Indeedee-F,16.976
2026-09-30,M-C,gen9championsvgc2026regmcbo3,1760,Ampharos-Mega,Kingambit,14.895
2026-09-30,M-C,gen9championsvgc2026regmcbo3,1760,Ampharos-Mega,Basculegion,14.185
2026-09-30,M-C,gen9championsvgc2026regmcbo3,1760,Ampharos-Mega,Sylveon,12.947
2026-09-30,M-C,gen9championsvgc2026regmcbo3,1760,Ampharos-Mega,Sinistcha,12.409
2026-09-30,M-C,gen9championsvgc2026regmcbo3,1760,Excadrill-Mega,Rillaboom,78.407
2026-09-30,M-C,gen9championsvgc2026regmcbo3,1760,Excadrill-Mega,Salamence-Mega,74.427
2026-09-30,M-C,gen9championsvgc2026regmcbo3,1760,Excadrill-Mega,Kingambit,72.218
2026-09-30,M-C,gen9championsvgc2026regmcbo3,1760,Excadrill-Mega,Gholdengo,71.016
2026-09-30,M-C,gen9championsvgc2026regmcbo3,1760,Excadrill-Mega,Volcarona,70.982
2026-09-30,M-C,gen9championsvgc2026regmcbo3,1760,Excadrill-Mega,Tyranitar-Mega,14.961
2026-09-30,M-C,gen9championsvgc2026regmcbo3,1760,Excadrill-Mega,Indeedee-F,14.808
2026-09-30,M-C,gen9championsvgc2026regmcbo3,1760,Excadrill-Mega,Torkoal,13.277
2026-09-30,M-C,gen9championsvgc2026regmcbo3,1760,Excadrill-Mega,Hatterene,13.277
2026-09-30,M-C,gen9championsvgc2026regmcbo3,1760,Excadrill-Mega,Vileplume,13.277
2026-09-30,M-C,gen9championsvgc2026regmcbo3,1760,Jolteon,Incineroar,92.56
2026-09-30,M-C,gen9championsvgc2026regmcbo3,1760,Jolteon,Raichu-Mega-X,91.761
2026-09-30,M-C,gen9championsvgc2026regmcbo3,1760,Jolteon,Hydreigon,91.299
2026-09-30,M-C,gen9championsvgc2026regmcbo3,1760,Jolteon,Kangaskhan-Mega,90.394
2026-09-30,M-C,gen9championsvgc2026regmcbo3,1760,Jolteon,Polteageist,90.394
2026-09-30,M-C,gen9championsvgc2026regmcbo3,1760,Jolteon,Pelipper,3.395
2026-09-30,M-C,gen9championsvgc2026regmcbo3,1760,Jolteon,Sceptile-Mega,3.249
2026-09-30,M-C,gen9championsvgc2026regmcbo3,1760,Jolteon,Lucario-Mega-Z,2.168
2026-09-30,M-C,gen9championsvgc2026regmcbo3,1760,Jolteon,Sneasler,2.06
2026-09-30,M-C,gen9championsvgc2026regmcbo3,1760,Jolteon,Salamence-Mega,2.057
2026-09-30,M-C,gen9championsvgc2026regmcbo3,1760,Scizor-Mega,Rillaboom,71.17
2026-09-30,M-C,gen9championsvgc2026regmcbo3,1760,Scizor-Mega,Pelipper,41.643
2026-09-30,M-C,gen9championsvgc2026regmcbo3,1760,Scizor-Mega,Sneasler,41.282
2026-09-30,M-C,gen9championsvgc2026regmcbo3,1760,Scizor-Mega,Archaludon,41.123
2026-09-30,M-C,gen9championsvgc2026regmcbo3,1760,Scizor-Mega,Salamence-Mega,38.964
2026-09-30,M-C,gen9championsvgc2026regmcbo3,1760,Scizor-Mega,Incineroar,38.067
2026-09-30,M-C,gen9championsvgc2026regmcbo3,1760,Scizor-Mega,Ninetales-Alola,34.032
2026-09-30,M-C,gen9championsvgc2026regmcbo3,1760,Scizor-Mega,Charizard-Mega-X,26.396
2026-09-30,M-C,gen9championsvgc2026regmcbo3,1760,Scizor-Mega,Floette-Eternal,26.247
2026-09-30,M-C,gen9championsvgc2026regmcbo3,1760,Scizor-Mega,Farigiraf,8.11
2026-09-30,M-C,gen9championsvgc2026regmcbo3,1760,Skeledirge,Rillaboom,48.126
2026-09-30,M-C,gen9championsvgc2026regmcbo3,1760,Skeledirge,Kingambit,29.596
2026-09-30,M-C,gen9championsvgc2026regmcbo3,1760,Skeledirge,Indeedee-F,25.728
2026-09-30,M-C,gen9championsvgc2026regmcbo3,1760,Skeledirge,Basculegion,25.413
2026-09-30,M-C,gen9championsvgc2026regmcbo3,1760,Skeledirge,Gardevoir-Mega,24.438
2026-09-30,M-C,gen9championsvgc2026regmcbo3,1760,Skeledirge,Toxtricity,23.959
2026-09-30,M-C,gen9championsvgc2026regmcbo3,1760,Skeledirge,Metagross-Mega,23.506
2026-09-30,M-C,gen9championsvgc2026regmcbo3,1760,Skeledirge,Salamence-Mega,23.437
2026-09-30,M-C,gen9championsvgc2026regmcbo3,1760,Skeledirge,Samurott-Hisui,23.412
2026-09-30,M-C,gen9championsvgc2026regmcbo3,1760,Skeledirge,Drampa-Mega,14.271
2026-09-30,M-C,gen9championsvgc2026regmcbo3,1760,Medicham-Mega,Kingambit,98.71
2026-09-30,M-C,gen9championsvgc2026regmcbo3,1760,Medicham-Mega,Farigiraf,98.553
2026-09-30,M-C,gen9championsvgc2026regmcbo3,1760,Medicham-Mega,Sylveon,98.553
2026-09-30,M-C,gen9championsvgc2026regmcbo3,1760,Medicham-Mega,Camerupt-Mega,98.553
2026-09-30,M-C,gen9championsvgc2026regmcbo3,1760,Medicham-Mega,Volcarona,98.553
2026-09-30,M-C,gen9championsvgc2026regmcbo3,1760,Beedrill-Mega,Sneasler,61.85
2026-09-30,M-C,gen9championsvgc2026regmcbo3,1760,Beedrill-Mega,Incineroar,59.667
2026-09-30,M-C,gen9championsvgc2026regmcbo3,1760,Beedrill-Mega,Pelipper,53.194
2026-09-30,M-C,gen9championsvgc2026regmcbo3,1760,Beedrill-Mega,Starmie-Mega,52.843
2026-09-30,M-C,gen9championsvgc2026regmcbo3,1760,Beedrill-Mega,Indeedee,51.452
2026-09-30,M-C,gen9championsvgc2026regmcbo3,1760,Beedrill-Mega,Indeedee-F,26.325
2026-09-30,M-C,gen9championsvgc2026regmcbo3,1760,Beedrill-Mega,Armarouge,24.766
2026-09-30,M-C,gen9championsvgc2026regmcbo3,1760,Beedrill-Mega,Milotic,20.636
2026-09-30,M-C,gen9championsvgc2026regmcbo3,1760,Beedrill-Mega,Hydreigon,20.636
2026-09-30,M-C,gen9championsvgc2026regmcbo3,1760,Beedrill-Mega,Sylveon,14.942
2026-09-30,M-C,gen9championsvgc2026regmcbo3,1760,Polteageist,Hydreigon,99.974
2026-09-30,M-C,gen9championsvgc2026regmcbo3,1760,Polteageist,Incineroar,99.973
2026-09-30,M-C,gen9championsvgc2026regmcbo3,1760,Polteageist,Raichu-Mega-X,99.973
2026-09-30,M-C,gen9championsvgc2026regmcbo3,1760,Polteageist,Jolteon,99.973
2026-09-30,M-C,gen9championsvgc2026regmcbo3,1760,Polteageist,Kangaskhan-Mega,99.973
2026-09-30,M-C,gen9championsvgc2026regmcbo3,1760,Aggron-Mega,Basculegion,42.444
2026-09-30,M-C,gen9championsvgc2026regmcbo3,1760,Aggron-Mega,Rillaboom,37.435
2026-09-30,M-C,gen9championsvgc2026regmcbo3,1760,Aggron-Mega,Sneasler,34.48
2026-09-30,M-C,gen9championsvgc2026regmcbo3,1760,Aggron-Mega,Indeedee-F,33.209
2026-09-30,M-C,gen9championsvgc2026regmcbo3,1760,Aggron-Mega,Incineroar,31.238
2026-09-30,M-C,gen9championsvgc2026regmcbo3,1760,Aggron-Mega,Armarouge,28.67
2026-09-30,M-C,gen9championsvgc2026regmcbo3,1760,Aggron-Mega,Gardevoir-Mega,28.586
2026-09-30,M-C,gen9championsvgc2026regmcbo3,1760,Aggron-Mega,Pelipper,26.784
2026-09-30,M-C,gen9championsvgc2026regmcbo3,1760,Aggron-Mega,Farigiraf,25.506
2026-09-30,M-C,gen9championsvgc2026regmcbo3,1760,Aggron-Mega,Sinistcha,20.769
2026-09-30,M-C,gen9championsvgc2026regmcbo3,1760,Squawkabilly,Indeedee-F,75.8
2026-09-30,M-C,gen9championsvgc2026regmcbo3,1760,Squawkabilly,Torkoal,59.541
2026-09-30,M-C,gen9championsvgc2026regmcbo3,1760,Squawkabilly,Hatterene,59.541
2026-09-30,M-C,gen9championsvgc2026regmcbo3,1760,Squawkabilly,Farigiraf,59.356
2026-09-30,M-C,gen9championsvgc2026regmcbo3,1760,Squawkabilly,Camerupt-Mega,54.231
2026-09-30,M-C,gen9championsvgc2026regmcbo3,1760,Squawkabilly,Sneasler,24.314
2026-09-30,M-C,gen9championsvgc2026regmcbo3,1760,Squawkabilly,Basculegion,18.747
2026-09-30,M-C,gen9championsvgc2026regmcbo3,1760,Squawkabilly,Volcarona,15.129
2026-09-30,M-C,gen9championsvgc2026regmcbo3,1760,Squawkabilly,Gardevoir-Mega,15.086
2026-09-30,M-C,gen9championsvgc2026regmcbo3,1760,Squawkabilly,Golisopod-Mega,7.927
2026-09-30,M-C,gen9championsvgc2026regmcbo3,1760,Krookodile,Gholdengo,45.546
2026-09-30,M-C,gen9championsvgc2026regmcbo3,1760,Krookodile,Rillaboom,45.349
2026-09-30,M-C,gen9championsvgc2026regmcbo3,1760,Krookodile,Froslass-Mega,41.887
2026-09-30,M-C,gen9championsvgc2026regmcbo3,1760,Krookodile,Kingambit,40.125
2026-09-30,M-C,gen9championsvgc2026regmcbo3,1760,Krookodile,Blaziken-Mega,39.817
2026-09-30,M-C,gen9championsvgc2026regmcbo3,1760,Krookodile,Sneasler,30.081
2026-09-30,M-C,gen9championsvgc2026regmcbo3,1760,Krookodile,Indeedee-F,24.755
2026-09-30,M-C,gen9championsvgc2026regmcbo3,1760,Krookodile,Metagross-Mega,24.308
2026-09-30,M-C,gen9championsvgc2026regmcbo3,1760,Krookodile,Armarouge,23.769
2026-09-30,M-C,gen9championsvgc2026regmcbo3,1760,Krookodile,Persian-Alola,23.67
2026-09-30,M-C,gen9championsvgc2026regmcbo3,1760,Tauros-Paldea-Blaze,Golisopod-Mega,82.13
2026-09-30,M-C,gen9championsvgc2026regmcbo3,1760,Tauros-Paldea-Blaze,Archaludon,82.13
2026-09-30,M-C,gen9championsvgc2026regmcbo3,1760,Tauros-Paldea-Blaze,Raichu-Mega-X,82.13
2026-09-30,M-C,gen9championsvgc2026regmcbo3,1760,Tauros-Paldea-Blaze,Pelipper,82.13
2026-09-30,M-C,gen9championsvgc2026regmcbo3,1760,Tauros-Paldea-Blaze,Milotic,48.932
2026-09-30,M-C,gen9championsvgc2026regmcbo3,1760,Tauros-Paldea-Blaze,Basculegion,33.734
2026-09-30,M-C,gen9championsvgc2026regmcbo3,1760,Tauros-Paldea-Blaze,Gardevoir-Mega,1.9
2026-09-30,M-C,gen9championsvgc2026regmcbo3,1760,Tauros-Paldea-Blaze,Indeedee-F,1.742
2026-09-30,M-C,gen9championsvgc2026regmcbo3,1760,Tauros-Paldea-Blaze,Rillaboom,1.666
2026-09-30,M-C,gen9championsvgc2026regmcbo3,1760,Tauros-Paldea-Blaze,Aerodactyl-Mega,1.285
2026-09-30,M-C,gen9championsvgc2026regmcbo3,1760,Overqwil,Golisopod-Mega,28.052
2026-09-30,M-C,gen9championsvgc2026regmcbo3,1760,Overqwil,Delphox-Mega,26.987
2026-09-30,M-C,gen9championsvgc2026regmcbo3,1760,Overqwil,Pelipper,26.104
2026-09-30,M-C,gen9championsvgc2026regmcbo3,1760,Overqwil,Sableye,25.773
2026-09-30,M-C,gen9championsvgc2026regmcbo3,1760,Overqwil,Rillaboom,24.54
2026-09-30,M-C,gen9championsvgc2026regmcbo3,1760,Overqwil,Raichu-Mega-Y,21.723
2026-09-30,M-C,gen9championsvgc2026regmcbo3,1760,Overqwil,Sneasler,17.076
2026-09-30,M-C,gen9championsvgc2026regmcbo3,1760,Overqwil,Garchomp,16.383
2026-09-30,M-C,gen9championsvgc2026regmcbo3,1760,Overqwil,Charizard-Mega-Y,16.106
2026-09-30,M-C,gen9championsvgc2026regmcbo3,1760,Overqwil,Politoed,15.784
2026-09-30,M-C,gen9championsvgc2026regmcbo3,1760,Toxicroak,Pelipper,88.492
2026-09-30,M-C,gen9championsvgc2026regmcbo3,1760,Toxicroak,Archaludon,88.46
2026-09-30,M-C,gen9championsvgc2026regmcbo3,1760,Toxicroak,Salamence-Mega,77.095
2026-09-30,M-C,gen9championsvgc2026regmcbo3,1760,Toxicroak,Volcarona,74.814
2026-09-30,M-C,gen9championsvgc2026regmcbo3,1760,Toxicroak,Basculegion,73.957
2026-09-30,M-C,gen9championsvgc2026regmcbo3,1760,Toxicroak,Incineroar,14.155
2026-09-30,M-C,gen9championsvgc2026regmcbo3,1760,Toxicroak,Aerodactyl-Mega,14.155
2026-09-30,M-C,gen9championsvgc2026regmcbo3,1760,Toxicroak,Venusaur-Mega,14.155
2026-09-30,M-C,gen9championsvgc2026regmcbo3,1760,Toxicroak,Politoed,6.162
2026-09-30,M-C,gen9championsvgc2026regmcbo3,1760,Toxicroak,Empoleon,3.138
2026-09-30,M-C,gen9championsvgc2026regmcbo3,1760,Decidueye-Hisui,Indeedee-F,50.187
2026-09-30,M-C,gen9championsvgc2026regmcbo3,1760,Decidueye-Hisui,Incineroar,43.263
2026-09-30,M-C,gen9championsvgc2026regmcbo3,1760,Decidueye-Hisui,Raichu-Mega-Y,40.871
2026-09-30,M-C,gen9championsvgc2026regmcbo3,1760,Decidueye-Hisui,Aerodactyl,35.813
2026-09-30,M-C,gen9championsvgc2026regmcbo3,1760,Decidueye-Hisui,Gengar-Mega,35.275
2026-09-30,M-C,gen9championsvgc2026regmcbo3,1760,Decidueye-Hisui,Armarouge,27.227
2026-09-30,M-C,gen9championsvgc2026regmcbo3,1760,Decidueye-Hisui,Golisopod-Mega,26.461
2026-09-30,M-C,gen9championsvgc2026regmcbo3,1760,Decidueye-Hisui,Mamoswine,18.601
2026-09-30,M-C,gen9championsvgc2026regmcbo3,1760,Decidueye-Hisui,Primarina,17.729
2026-09-30,M-C,gen9championsvgc2026regmcbo3,1760,Decidueye-Hisui,Rillaboom,16.675
2026-09-30,M-C,gen9championsvgc2026regmcbo3,1760,Noivern,Incineroar,77.225
2026-09-30,M-C,gen9championsvgc2026regmcbo3,1760,Noivern,Charizard-Mega-Y,74.353
2026-09-30,M-C,gen9championsvgc2026regmcbo3,1760,Noivern,Sylveon,50.934
2026-09-30,M-C,gen9championsvgc2026regmcbo3,1760,Noivern,Glimmora-Mega,44.331
2026-09-30,M-C,gen9championsvgc2026regmcbo3,1760,Noivern,Kingambit,44.318
2026-09-30,M-C,gen9championsvgc2026regmcbo3,1760,Noivern,Venusaur,32.077
2026-09-30,M-C,gen9championsvgc2026regmcbo3,1760,Noivern,Gholdengo,31.257
2026-09-30,M-C,gen9championsvgc2026regmcbo3,1760,Noivern,Garchomp,24.243
2026-09-30,M-C,gen9championsvgc2026regmcbo3,1760,Noivern,Toxtricity,12.38
2026-09-30,M-C,gen9championsvgc2026regmcbo3,1760,Noivern,Froslass-Mega,11.891
2026-09-30,M-C,gen9championsvgc2026regmcbo3,1760,Chandelure,Sneasler,65.331
2026-09-30,M-C,gen9championsvgc2026regmcbo3,1760,Chandelure,Rillaboom,56.578
2026-09-30,M-C,gen9championsvgc2026regmcbo3,1760,Chandelure,Staraptor-Mega,48.191
2026-09-30,M-C,gen9championsvgc2026regmcbo3,1760,Chandelure,Floette-Mega,48.188
2026-09-30,M-C,gen9championsvgc2026regmcbo3,1760,Chandelure,Kingambit,43.471
2026-09-30,M-C,gen9championsvgc2026regmcbo3,1760,Chandelure,Farigiraf,16.467
2026-09-30,M-C,gen9championsvgc2026regmcbo3,1760,Chandelure,Golisopod-Mega,15.323
2026-09-30,M-C,gen9championsvgc2026regmcbo3,1760,Chandelure,Milotic,12.724
2026-09-30,M-C,gen9championsvgc2026regmcbo3,1760,Chandelure,Mawile-Mega,11.594
2026-09-30,M-C,gen9championsvgc2026regmcbo3,1760,Chandelure,Gholdengo,11.202
2026-09-30,M-C,gen9championsvgc2026regmcbo3,1760,Oranguru,Kingambit,57.265
2026-09-30,M-C,gen9championsvgc2026regmcbo3,1760,Oranguru,Sneasler,50.858
2026-09-30,M-C,gen9championsvgc2026regmcbo3,1760,Oranguru,Rillaboom,49.992
2026-09-30,M-C,gen9championsvgc2026regmcbo3,1760,Oranguru,Charizard-Mega-Y,31.817
2026-09-30,M-C,gen9championsvgc2026regmcbo3,1760,Oranguru,Floette-Mega,31.641
2026-09-30,M-C,gen9championsvgc2026regmcbo3,1760,Oranguru,Camerupt-Mega,25.901
2026-09-30,M-C,gen9championsvgc2026regmcbo3,1760,Oranguru,Salamence,16.754
2026-09-30,M-C,gen9championsvgc2026regmcbo3,1760,Oranguru,Indeedee-F,12.57
2026-09-30,M-C,gen9championsvgc2026regmcbo3,1760,Oranguru,Lopunny-Mega,12.349
2026-09-30,M-C,gen9championsvgc2026regmcbo3,1760,Oranguru,Golisopod-Mega,10.429
2026-09-30,M-C,gen9championsvgc2026regmcbo3,1760,Meowstic,Sylveon,57.752
2026-09-30,M-C,gen9championsvgc2026regmcbo3,1760,Meowstic,Garchomp,57.138
2026-09-30,M-C,gen9championsvgc2026regmcbo3,1760,Meowstic,Charizard-Mega-Y,57.117
2026-09-30,M-C,gen9championsvgc2026regmcbo3,1760,Meowstic,Incineroar,56.678
2026-09-30,M-C,gen9championsvgc2026regmcbo3,1760,Meowstic,Venusaur,56.415
2026-09-30,M-C,gen9championsvgc2026regmcbo3,1760,Meowstic,Archaludon,20.032
2026-09-30,M-C,gen9championsvgc2026regmcbo3,1760,Meowstic,Pelipper,17.998
2026-09-30,M-C,gen9championsvgc2026regmcbo3,1760,Meowstic,Golisopod-Mega,17.105
2026-09-30,M-C,gen9championsvgc2026regmcbo3,1760,Meowstic,Basculegion,17.036
2026-09-30,M-C,gen9championsvgc2026regmcbo3,1760,Meowstic,Indeedee-F,11.429
2026-09-30,M-C,gen9championsvgc2026regmcbo3,1760,Feraligatr-Mega,Incineroar,77.262
2026-09-30,M-C,gen9championsvgc2026regmcbo3,1760,Feraligatr-Mega,Rillaboom,64.144
2026-09-30,M-C,gen9championsvgc2026regmcbo3,1760,Feraligatr-Mega,Raichu-Mega-Y,42.079
2026-09-30,M-C,gen9championsvgc2026regmcbo3,1760,Feraligatr-Mega,Sneasler,40.267
2026-09-30,M-C,gen9championsvgc2026regmcbo3,1760,Feraligatr-Mega,Houndstone,34.981
2026-09-30,M-C,gen9championsvgc2026regmcbo3,1760,Feraligatr-Mega,Pelipper,21.365
2026-09-30,M-C,gen9championsvgc2026regmcbo3,1760,Feraligatr-Mega,Archaludon,21.35
2026-09-30,M-C,gen9championsvgc2026regmcbo3,1760,Feraligatr-Mega,Whimsicott,19.819
2026-09-30,M-C,gen9championsvgc2026regmcbo3,1760,Feraligatr-Mega,Floette-Mega,18.369
2026-09-30,M-C,gen9championsvgc2026regmcbo3,1760,Feraligatr-Mega,Volcarona,13.678
2026-09-30,M-C,gen9championsvgc2026regmcbo3,1760,Wyrdeer,Rillaboom,81.854
2026-09-30,M-C,gen9championsvgc2026regmcbo3,1760,Wyrdeer,Charizard-Mega-Y,51.674
2026-09-30,M-C,gen9championsvgc2026regmcbo3,1760,Wyrdeer,Wigglytuff,51.505
2026-09-30,M-C,gen9championsvgc2026regmcbo3,1760,Wyrdeer,Garchomp-Mega,51.505
2026-09-30,M-C,gen9championsvgc2026regmcbo3,1760,Wyrdeer,Aegislash,51.505
2026-09-30,M-C,gen9championsvgc2026regmcbo3,1760,Wyrdeer,Froslass-Mega,29.796
2026-09-30,M-C,gen9championsvgc2026regmcbo3,1760,Wyrdeer,Milotic,24.744
2026-09-30,M-C,gen9championsvgc2026regmcbo3,1760,Wyrdeer,Kingambit,24.187
2026-09-30,M-C,gen9championsvgc2026regmcbo3,1760,Wyrdeer,Arcanine-Hisui,24.133
2026-09-30,M-C,gen9championsvgc2026regmcbo3,1760,Wyrdeer,Volcarona,6.021
