date_snapshot,regulation,format_id,palier,rang,pokemon,usage_pct,raw_count,raw_pct,real_count,real_pct,snapshot_index
2026-09-30,M-C,gen9championsvgc2026regmcbo3,0,1,Rillaboom,51.39321,229704,51.393,120007,57.135,1
2026-09-30,M-C,gen9championsvgc2026regmcbo3,0,2,Sneasler,41.02234,183351,41.022,91303,43.469,1
2026-09-30,M-C,gen9championsvgc2026regmcbo3,0,3,Incineroar,35.30677,157805,35.307,98859,47.067,1
2026-09-30,M-C,gen9championsvgc2026regmcbo3,0,4,Salamence-Mega,26.79403,119757,26.794,44056,20.975,1
2026-09-30,M-C,gen9championsvgc2026regmcbo3,0,5,Kingambit,25.21244,112688,25.212,55397,26.375,1
2026-09-30,M-C,gen9championsvgc2026regmcbo3,0,6,Gholdengo,23.19031,103650,23.19,52925,25.198,1
2026-09-30,M-C,gen9championsvgc2026regmcbo3,0,7,Indeedee-F,18.5952,83112,18.595,45685,21.751,1
2026-09-30,M-C,gen9championsvgc2026regmcbo3,0,8,Basculegion,18.0947,80875,18.095,42594,20.279,1
2026-09-30,M-C,gen9championsvgc2026regmcbo3,0,9,Raichu-Mega-Y,17.843,79750,17.843,28615,13.624,1
2026-09-30,M-C,gen9championsvgc2026regmcbo3,0,10,Farigiraf,15.59735,69713,15.597,32555,15.499,1
2026-09-30,M-C,gen9championsvgc2026regmcbo3,0,11,Arcanine-Hisui,14.46301,64643,14.463,36795,17.518,1
2026-09-30,M-C,gen9championsvgc2026regmcbo3,0,12,Floette-Mega,13.68731,61176,13.687,17296,8.235,1
2026-09-30,M-C,gen9championsvgc2026regmcbo3,0,13,Golisopod-Mega,12.71496,56830,12.715,23458,11.168,1
2026-09-30,M-C,gen9championsvgc2026regmcbo3,0,14,Milotic,12.22833,54655,12.228,21763,10.361,1
2026-09-30,M-C,gen9championsvgc2026regmcbo3,0,15,Charizard-Mega-Y,11.85424,52983,11.854,21692,10.328,1
2026-09-30,M-C,gen9championsvgc2026regmcbo3,0,16,Archaludon,11.31503,50573,11.315,27867,13.268,1
2026-09-30,M-C,gen9championsvgc2026regmcbo3,0,17,Sylveon,11.29132,50467,11.291,21548,10.259,1
2026-09-30,M-C,gen9championsvgc2026regmcbo3,0,18,Pelipper,10.79283,48239,10.793,27878,13.273,1
2026-09-30,M-C,gen9championsvgc2026regmcbo3,0,19,Garchomp-Mega-Z,9.24816,41335,9.248,16554,7.881,1
2026-09-30,M-C,gen9championsvgc2026regmcbo3,0,20,Volcarona,9.24256,41310,9.243,20372,9.699,1
2026-09-30,M-C,gen9championsvgc2026regmcbo3,0,21,Garchomp,8.60581,38464,8.606,19957,9.502,1
2026-09-30,M-C,gen9championsvgc2026regmcbo3,0,22,Staraptor-Mega,8.57672,38334,8.577,13285,6.325,1
2026-09-30,M-C,gen9championsvgc2026regmcbo3,0,23,Whimsicott,8.05519,36003,8.055,15239,7.255,1
2026-09-30,M-C,gen9championsvgc2026regmcbo3,0,24,Gardevoir-Mega,7.75225,34649,7.752,14519,6.913,1
2026-09-30,M-C,gen9championsvgc2026regmcbo3,0,25,Sinistcha,6.95105,31068,6.951,15191,7.232,1
2026-09-30,M-C,gen9championsvgc2026regmcbo3,0,26,Tyranitar-Mega,6.53826,29223,6.538,14850,7.07,1
2026-09-30,M-C,gen9championsvgc2026regmcbo3,0,27,Indeedee,6.287,28100,6.287,15325,7.296,1
2026-09-30,M-C,gen9championsvgc2026regmcbo3,0,28,Gengar-Mega,5.88338,26296,5.883,12249,5.832,1
2026-09-30,M-C,gen9championsvgc2026regmcbo3,0,29,Excadrill,5.80999,25968,5.81,13004,6.191,1
2026-09-30,M-C,gen9championsvgc2026regmcbo3,0,30,Froslass-Mega,5.62429,25138,5.624,8193,3.901,1
2026-09-30,M-C,gen9championsvgc2026regmcbo3,0,31,Politoed,5.33769,23857,5.338,13091,6.233,1
2026-09-30,M-C,gen9championsvgc2026regmcbo3,0,32,Metagross-Mega,5.18129,23158,5.181,8389,3.994,1
2026-09-30,M-C,gen9championsvgc2026regmcbo3,0,33,Grimmsnarl,4.84994,21677,4.85,10036,4.778,1
2026-09-30,M-C,gen9championsvgc2026regmcbo3,0,34,Armarouge,4.81795,21534,4.818,11593,5.519,1
2026-09-30,M-C,gen9championsvgc2026regmcbo3,0,35,Delphox-Mega,4.4461,19872,4.446,7212,3.434,1
2026-09-30,M-C,gen9championsvgc2026regmcbo3,0,36,Torkoal,3.95186,17663,3.952,9718,4.627,1
2026-09-30,M-C,gen9championsvgc2026regmcbo3,0,37,Kommo-o,3.91405,17494,3.914,7431,3.538,1
2026-09-30,M-C,gen9championsvgc2026regmcbo3,0,38,Lucario-Mega-Z,3.74893,16756,3.749,5494,2.616,1
2026-09-30,M-C,gen9championsvgc2026regmcbo3,0,39,Dragonite-Mega,3.51625,15716,3.516,5787,2.755,1
2026-09-30,M-C,gen9championsvgc2026regmcbo3,0,40,Swampert-Mega,3.5149,15710,3.515,6059,2.885,1
2026-09-30,M-C,gen9championsvgc2026regmcbo3,0,41,Primarina,3.40124,15202,3.401,7315,3.483,1
2026-09-30,M-C,gen9championsvgc2026regmcbo3,0,42,Venusaur,3.05356,13648,3.054,5642,2.686,1
2026-09-30,M-C,gen9championsvgc2026regmcbo3,0,43,Annihilape,2.98196,13328,2.982,6058,2.884,1
2026-09-30,M-C,gen9championsvgc2026regmcbo3,0,44,Baxcalibur-Mega,2.97726,13307,2.977,5372,2.558,1
2026-09-30,M-C,gen9championsvgc2026regmcbo3,0,45,Ninetales-Alola,2.80611,12542,2.806,5115,2.435,1
2026-09-30,M-C,gen9championsvgc2026regmcbo3,0,46,Corviknight,2.76002,12336,2.76,4581,2.181,1
2026-09-30,M-C,gen9championsvgc2026regmcbo3,0,47,Glimmora-Mega,2.63629,11783,2.636,4817,2.293,1
2026-09-30,M-C,gen9championsvgc2026regmcbo3,0,48,Pawmot,2.52957,11306,2.53,5622,2.677,1
2026-09-30,M-C,gen9championsvgc2026regmcbo3,0,49,Hatterene,2.5007,11177,2.501,5375,2.559,1
2026-09-30,M-C,gen9championsvgc2026regmcbo3,0,50,Maushold,2.46849,11033,2.468,4643,2.211,1
2026-09-30,M-C,gen9championsvgc2026regmcbo3,0,51,Aerodactyl-Mega,2.44522,10929,2.445,3228,1.537,1
2026-09-30,M-C,gen9championsvgc2026regmcbo3,0,52,Ceruledge,2.38324,10652,2.383,5329,2.537,1
2026-09-30,M-C,gen9championsvgc2026regmcbo3,0,53,Camerupt-Mega,2.31657,10354,2.317,6241,2.971,1
2026-09-30,M-C,gen9championsvgc2026regmcbo3,0,54,Dragapult,2.27697,10177,2.277,4641,2.21,1
2026-09-30,M-C,gen9championsvgc2026regmcbo3,0,55,Blastoise-Mega,2.16689,9685,2.167,3030,1.443,1
2026-09-30,M-C,gen9championsvgc2026regmcbo3,0,56,Talonflame,1.91899,8577,1.919,3489,1.661,1
2026-09-30,M-C,gen9championsvgc2026regmcbo3,0,57,Absol-Mega-Z,1.50731,6737,1.507,2410,1.147,1
2026-09-30,M-C,gen9championsvgc2026regmcbo3,0,58,Tyranitar,1.49501,6682,1.495,3437,1.636,1
2026-09-30,M-C,gen9championsvgc2026regmcbo3,0,59,Glimmora,1.41581,6328,1.416,3098,1.475,1
2026-09-30,M-C,gen9championsvgc2026regmcbo3,0,60,Vivillon,1.38448,6188,1.384,2849,1.356,1
2026-09-30,M-C,gen9championsvgc2026regmcbo3,0,61,Aegislash,1.34399,6007,1.344,3110,1.481,1
2026-09-30,M-C,gen9championsvgc2026regmcbo3,0,62,Hydreigon,1.28917,5762,1.289,2670,1.271,1
2026-09-30,M-C,gen9championsvgc2026regmcbo3,0,63,Toxapex,1.24219,5552,1.242,2580,1.228,1
2026-09-30,M-C,gen9championsvgc2026regmcbo3,0,64,Blaziken-Mega,1.22384,5470,1.224,2233,1.063,1
2026-09-30,M-C,gen9championsvgc2026regmcbo3,0,65,Sableye,1.15001,5140,1.15,2235,1.064,1
2026-09-30,M-C,gen9championsvgc2026regmcbo3,0,66,Aerodactyl,1.07886,4822,1.079,1839,0.876,1
2026-09-30,M-C,gen9championsvgc2026regmcbo3,0,67,Mawile-Mega,1.05559,4718,1.056,2012,0.958,1
2026-09-30,M-C,gen9championsvgc2026regmcbo3,0,68,Rotom-Wash,1.0453,4672,1.045,2106,1.003,1
2026-09-30,M-C,gen9championsvgc2026regmcbo3,0,69,Scovillain-Mega,1.02964,4602,1.03,1443,0.687,1
2026-09-30,M-C,gen9championsvgc2026regmcbo3,0,70,Dragonite,0.94864,4240,0.949,1706,0.812,1
2026-09-30,M-C,gen9championsvgc2026regmcbo3,0,71,Typhlosion-Hisui,0.86183,3852,0.862,2003,0.954,1
2026-09-30,M-C,gen9championsvgc2026regmcbo3,0,72,Espathra,0.77435,3461,0.774,1721,0.819,1
2026-09-30,M-C,gen9championsvgc2026regmcbo3,0,73,Lycanroc-Dusk,0.74392,3325,0.744,1204,0.573,1
2026-09-30,M-C,gen9championsvgc2026regmcbo3,0,74,Raichu-Mega-X,0.7211,3223,0.721,1447,0.689,1
2026-09-30,M-C,gen9championsvgc2026regmcbo3,0,75,Gallade,0.69962,3127,0.7,1314,0.626,1
2026-09-30,M-C,gen9championsvgc2026regmcbo3,0,76,Clefable,0.68173,3047,0.682,1463,0.697,1
2026-09-30,M-C,gen9championsvgc2026regmcbo3,0,77,Pyroar-Mega,0.66495,2972,0.665,1185,0.564,1
2026-09-30,M-C,gen9championsvgc2026regmcbo3,0,78,Lopunny-Mega,0.65421,2924,0.654,955,0.455,1
2026-09-30,M-C,gen9championsvgc2026regmcbo3,0,79,Tsareena,0.624,2789,0.624,1249,0.595,1
2026-09-30,M-C,gen9championsvgc2026regmcbo3,0,80,Mamoswine,0.60521,2705,0.605,1281,0.61,1
2026-09-30,M-C,gen9championsvgc2026regmcbo3,0,81,Sirfetch'd,0.60208,2691,0.602,1257,0.598,1
2026-09-30,M-C,gen9championsvgc2026regmcbo3,0,82,Alakazam-Mega,0.58239,2603,0.582,1100,0.524,1
2026-09-30,M-C,gen9championsvgc2026regmcbo3,0,83,Meganium-Mega,0.56001,2503,0.56,948,0.451,1
2026-09-30,M-C,gen9championsvgc2026regmcbo3,0,84,Rotom-Heat,0.55218,2468,0.552,1304,0.621,1
2026-09-30,M-C,gen9championsvgc2026regmcbo3,0,85,Blaziken,0.53473,2390,0.535,1245,0.593,1
2026-09-30,M-C,gen9championsvgc2026regmcbo3,0,86,Zoroark-Hisui,0.53182,2377,0.532,737,0.351,1
2026-09-30,M-C,gen9championsvgc2026regmcbo3,0,87,Garchomp-Mega,0.51862,2318,0.519,1054,0.502,1
2026-09-30,M-C,gen9championsvgc2026regmcbo3,0,88,Toxtricity,0.49804,2226,0.498,1151,0.548,1
2026-09-30,M-C,gen9championsvgc2026regmcbo3,0,89,Meowstic-F-Mega,0.48886,2185,0.489,755,0.359,1
2026-09-30,M-C,gen9championsvgc2026regmcbo3,0,90,Kleavor,0.48842,2183,0.488,1036,0.493,1
2026-09-30,M-C,gen9championsvgc2026regmcbo3,0,91,Venusaur-Mega,0.48618,2173,0.486,865,0.412,1
2026-09-30,M-C,gen9championsvgc2026regmcbo3,0,92,Grapploct,0.47052,2103,0.471,917,0.437,1
2026-09-30,M-C,gen9championsvgc2026regmcbo3,0,93,Empoleon,0.46,2056,0.46,822,0.391,1
2026-09-30,M-C,gen9championsvgc2026regmcbo3,0,94,Baxcalibur,0.45061,2014,0.451,814,0.388,1
2026-09-30,M-C,gen9championsvgc2026regmcbo3,0,95,Palafin,0.44143,1973,0.441,976,0.465,1
2026-09-30,M-C,gen9championsvgc2026regmcbo3,0,96,Scrafty-Mega,0.4242,1896,0.424,904,0.43,1
2026-09-30,M-C,gen9championsvgc2026regmcbo3,0,97,Kangaskhan-Mega,0.39288,1756,0.393,702,0.334,1
2026-09-30,M-C,gen9championsvgc2026regmcbo3,0,98,Weavile,0.38684,1729,0.387,818,0.389,1
2026-09-30,M-C,gen9championsvgc2026regmcbo3,0,99,Inteleon,0.38237,1709,0.382,800,0.381,1
2026-09-30,M-C,gen9championsvgc2026regmcbo3,0,100,Meowscarada,0.37856,1692,0.379,698,0.332,1
2026-09-30,M-C,gen9championsvgc2026regmcbo3,0,101,Klefki,0.36894,1649,0.369,741,0.353,1
2026-09-30,M-C,gen9championsvgc2026regmcbo3,0,102,Pincurchin,0.36335,1624,0.363,761,0.362,1
2026-09-30,M-C,gen9championsvgc2026regmcbo3,0,103,Charizard-Mega-X,0.35865,1603,0.359,595,0.283,1
2026-09-30,M-C,gen9championsvgc2026regmcbo3,0,104,Araquanid,0.35462,1585,0.355,619,0.295,1
2026-09-30,M-C,gen9championsvgc2026regmcbo3,0,105,Crabominable-Mega,0.3403,1521,0.34,513,0.244,1
2026-09-30,M-C,gen9championsvgc2026regmcbo3,0,106,Tinkaton,0.33158,1482,0.332,631,0.3,1
2026-09-30,M-C,gen9championsvgc2026regmcbo3,0,107,Staraptor,0.32755,1464,0.328,534,0.254,1
2026-09-30,M-C,gen9championsvgc2026regmcbo3,0,108,Snorlax,0.32509,1453,0.325,587,0.279,1
2026-09-30,M-C,gen9championsvgc2026regmcbo3,0,109,Scizor,0.32397,1448,0.324,551,0.262,1
2026-09-30,M-C,gen9championsvgc2026regmcbo3,0,110,Swampert,0.31547,1410,0.315,704,0.335,1
2026-09-30,M-C,gen9championsvgc2026regmcbo3,0,111,Starmie-Mega,0.31346,1401,0.313,584,0.278,1
2026-09-30,M-C,gen9championsvgc2026regmcbo3,0,112,Gyarados-Mega,0.29891,1336,0.299,481,0.229,1
2026-09-30,M-C,gen9championsvgc2026regmcbo3,0,113,Sceptile-Mega,0.29511,1319,0.295,477,0.227,1
2026-09-30,M-C,gen9championsvgc2026regmcbo3,0,114,Goodra-Hisui,0.29019,1297,0.29,529,0.252,1
2026-09-30,M-C,gen9championsvgc2026regmcbo3,0,115,Vanilluxe,0.27475,1228,0.275,530,0.252,1
2026-09-30,M-C,gen9championsvgc2026regmcbo3,0,116,Kangaskhan,0.27229,1217,0.272,489,0.233,1
2026-09-30,M-C,gen9championsvgc2026regmcbo3,0,117,Altaria,0.26535,1186,0.265,266,0.127,1
2026-09-30,M-C,gen9championsvgc2026regmcbo3,0,118,Samurott-Hisui,0.25819,1154,0.258,525,0.25,1
2026-09-30,M-C,gen9championsvgc2026regmcbo3,0,119,Mimikyu,0.25394,1135,0.254,421,0.2,1
2026-09-30,M-C,gen9championsvgc2026regmcbo3,0,120,Manectric-Mega,0.25059,1120,0.251,422,0.201,1
2026-09-30,M-C,gen9championsvgc2026regmcbo3,0,121,Gliscor,0.24656,1102,0.247,533,0.254,1
2026-09-30,M-C,gen9championsvgc2026regmcbo3,0,122,Lucario-Mega,0.23492,1050,0.235,467,0.222,1
2026-09-30,M-C,gen9championsvgc2026regmcbo3,0,123,Scrafty,0.22732,1016,0.227,442,0.21,1
2026-09-30,M-C,gen9championsvgc2026regmcbo3,0,124,Aggron-Mega,0.2215,990,0.221,323,0.154,1
2026-09-30,M-C,gen9championsvgc2026regmcbo3,0,125,Vileplume,0.21658,968,0.217,269,0.128,1
2026-09-30,M-C,gen9championsvgc2026regmcbo3,0,126,Dragalge-Mega,0.21367,955,0.214,440,0.209,1
2026-09-30,M-C,gen9championsvgc2026regmcbo3,0,127,Scizor-Mega,0.21233,949,0.212,342,0.163,1
2026-09-30,M-C,gen9championsvgc2026regmcbo3,0,128,Cinderace,0.21076,942,0.211,454,0.216,1
2026-09-30,M-C,gen9championsvgc2026regmcbo3,0,129,Steelix-Mega,0.20338,909,0.203,438,0.209,1
2026-09-30,M-C,gen9championsvgc2026regmcbo3,0,130,Slowking-Galar,0.19957,892,0.2,408,0.194,1
2026-09-30,M-C,gen9championsvgc2026regmcbo3,0,131,Hippowdon,0.19935,891,0.199,473,0.225,1
2026-09-30,M-C,gen9championsvgc2026regmcbo3,0,132,Ditto,0.1942,868,0.194,423,0.201,1
2026-09-30,M-C,gen9championsvgc2026regmcbo3,0,133,Azumarill,0.18973,848,0.19,391,0.186,1
2026-09-30,M-C,gen9championsvgc2026regmcbo3,0,134,Chesnaught-Mega,0.18414,823,0.184,299,0.142,1
2026-09-30,M-C,gen9championsvgc2026regmcbo3,0,135,Overqwil,0.18302,818,0.183,369,0.176,1
2026-09-30,M-C,gen9championsvgc2026regmcbo3,0,136,Ninetales,0.18167,812,0.182,357,0.17,1
2026-09-30,M-C,gen9championsvgc2026regmcbo3,0,137,Chandelure-Mega,0.18056,807,0.181,367,0.175,1
2026-09-30,M-C,gen9championsvgc2026regmcbo3,0,138,Greninja-Mega,0.17787,795,0.178,319,0.152,1
2026-09-30,M-C,gen9championsvgc2026regmcbo3,0,139,Abomasnow-Mega,0.17362,776,0.174,304,0.145,1
2026-09-30,M-C,gen9championsvgc2026regmcbo3,0,140,Krookodile,0.1725,771,0.173,388,0.185,1
2026-09-30,M-C,gen9championsvgc2026regmcbo3,0,141,Salamence,0.17205,769,0.172,335,0.159,1
2026-09-30,M-C,gen9championsvgc2026regmcbo3,0,142,Golurk-Mega,0.16982,759,0.17,351,0.167,1
2026-09-30,M-C,gen9championsvgc2026regmcbo3,0,143,Raichu,0.16937,757,0.169,276,0.131,1
2026-09-30,M-C,gen9championsvgc2026regmcbo3,0,144,Mudsdale,0.16646,744,0.166,321,0.153,1
2026-09-30,M-C,gen9championsvgc2026regmcbo3,0,145,Slowbro-Mega,0.16489,737,0.165,272,0.129,1
2026-09-30,M-C,gen9championsvgc2026regmcbo3,0,146,Oranguru,0.16243,726,0.162,294,0.14,1
2026-09-30,M-C,gen9championsvgc2026regmcbo3,0,147,Gyarados,0.15885,710,0.159,315,0.15,1
2026-09-30,M-C,gen9championsvgc2026regmcbo3,0,148,Hawlucha,0.15415,689,0.154,334,0.159,1
2026-09-30,M-C,gen9championsvgc2026regmcbo3,0,149,Skarmory-Mega,0.14834,663,0.148,221,0.105,1
2026-09-30,M-C,gen9championsvgc2026regmcbo3,0,150,Banette-Mega,0.14811,662,0.148,314,0.149,1
2026-09-30,M-C,gen9championsvgc2026regmcbo3,0,151,Drampa,0.14811,662,0.148,213,0.101,1
2026-09-30,M-C,gen9championsvgc2026regmcbo3,0,152,Feraligatr-Mega,0.14811,662,0.148,244,0.116,1
2026-09-30,M-C,gen9championsvgc2026regmcbo3,0,153,Altaria-Mega,0.14699,657,0.147,230,0.11,1
2026-09-30,M-C,gen9championsvgc2026regmcbo3,0,154,Malamar-Mega,0.14588,652,0.146,265,0.126,1
2026-09-30,M-C,gen9championsvgc2026regmcbo3,0,155,Arcanine,0.14588,652,0.146,324,0.154,1
2026-09-30,M-C,gen9championsvgc2026regmcbo3,0,156,Arboliva,0.14476,647,0.145,248,0.118,1
2026-09-30,M-C,gen9championsvgc2026regmcbo3,0,157,Meowstic,0.14386,643,0.144,259,0.123,1
2026-09-30,M-C,gen9championsvgc2026regmcbo3,0,158,Perrserker,0.14185,634,0.142,263,0.125,1
2026-09-30,M-C,gen9championsvgc2026regmcbo3,0,159,Ampharos-Mega,0.14185,634,0.142,273,0.13,1
2026-09-30,M-C,gen9championsvgc2026regmcbo3,0,160,Rhyperior,0.13894,621,0.139,316,0.15,1
2026-09-30,M-C,gen9championsvgc2026regmcbo3,0,161,Umbreon,0.13715,613,0.137,263,0.125,1
2026-09-30,M-C,gen9championsvgc2026regmcbo3,0,162,Persian-Alola,0.13648,610,0.136,267,0.127,1
2026-09-30,M-C,gen9championsvgc2026regmcbo3,0,163,Drampa-Mega,0.13603,608,0.136,216,0.103,1
2026-09-30,M-C,gen9championsvgc2026regmcbo3,0,164,Skeledirge,0.13223,591,0.132,308,0.147,1
2026-09-30,M-C,gen9championsvgc2026regmcbo3,0,165,Raichu-Alola,0.13021,582,0.13,294,0.14,1
2026-09-30,M-C,gen9championsvgc2026regmcbo3,0,166,Heliolisk,0.12999,581,0.13,234,0.111,1
2026-09-30,M-C,gen9championsvgc2026regmcbo3,0,167,Metagross,0.12887,576,0.129,255,0.121,1
2026-09-30,M-C,gen9championsvgc2026regmcbo3,0,168,Gallade-Mega,0.12842,574,0.128,228,0.109,1
2026-09-30,M-C,gen9championsvgc2026regmcbo3,0,169,Delphox,0.12082,540,0.121,268,0.128,1
2026-09-30,M-C,gen9championsvgc2026regmcbo3,0,170,Pidgeot-Mega,0.12059,539,0.121,122,0.058,1
2026-09-30,M-C,gen9championsvgc2026regmcbo3,0,171,Beedrill-Mega,0.11948,534,0.119,233,0.111,1
2026-09-30,M-C,gen9championsvgc2026regmcbo3,0,172,Eelektross-Mega,0.11478,513,0.115,233,0.111,1
2026-09-30,M-C,gen9championsvgc2026regmcbo3,0,173,Orthworm,0.11097,496,0.111,209,0.1,1
2026-09-30,M-C,gen9championsvgc2026regmcbo3,0,174,Noivern,0.10941,489,0.109,206,0.098,1
2026-09-30,M-C,gen9championsvgc2026regmcbo3,0,175,Jolteon,0.10695,478,0.107,184,0.088,1
2026-09-30,M-C,gen9championsvgc2026regmcbo3,0,176,Cofagrigus,0.10695,478,0.107,161,0.077,1
2026-09-30,M-C,gen9championsvgc2026regmcbo3,0,177,Bellibolt,0.10695,478,0.107,256,0.122,1
2026-09-30,M-C,gen9championsvgc2026regmcbo3,0,178,Serperior,0.10627,475,0.106,170,0.081,1
2026-09-30,M-C,gen9championsvgc2026regmcbo3,0,179,Squawkabilly,0.10381,464,0.104,204,0.097,1
2026-09-30,M-C,gen9championsvgc2026regmcbo3,0,180,Tauros-Paldea-Aqua,0.10314,461,0.103,220,0.105,1
2026-09-30,M-C,gen9championsvgc2026regmcbo3,0,181,Excadrill-Mega,0.1027,459,0.103,186,0.089,1
2026-09-30,M-C,gen9championsvgc2026regmcbo3,0,182,Hydrapple,0.10225,457,0.102,162,0.077,1
2026-09-30,M-C,gen9championsvgc2026regmcbo3,0,183,Houndstone,0.10158,454,0.102,205,0.098,1
2026-09-30,M-C,gen9championsvgc2026regmcbo3,0,184,Basculegion-F,0.10001,447,0.1,223,0.106,1
2026-09-30,M-C,gen9championsvgc2026regmcbo3,0,185,Malamar,0.09688,433,0.097,212,0.101,1
2026-09-30,M-C,gen9championsvgc2026regmcbo3,0,186,Houndoom-Mega,0.09665,432,0.097,161,0.077,1
2026-09-30,M-C,gen9championsvgc2026regmcbo3,0,187,Wigglytuff,0.09621,430,0.096,138,0.066,1
2026-09-30,M-C,gen9championsvgc2026regmcbo3,0,188,Decidueye-Hisui,0.09531,426,0.095,194,0.092,1
2026-09-30,M-C,gen9championsvgc2026regmcbo3,0,189,Torterra,0.09017,403,0.09,185,0.088,1
2026-09-30,M-C,gen9championsvgc2026regmcbo3,0,190,Clefable-Mega,0.0886,396,0.089,183,0.087,1
2026-09-30,M-C,gen9championsvgc2026regmcbo3,0,191,Conkeldurr,0.08703,389,0.087,137,0.065,1
2026-09-30,M-C,gen9championsvgc2026regmcbo3,0,192,Clawitzer,0.08614,385,0.086,198,0.094,1
2026-09-30,M-C,gen9championsvgc2026regmcbo3,0,193,Alcremie,0.08569,383,0.086,143,0.068,1
2026-09-30,M-C,gen9championsvgc2026regmcbo3,0,194,Quaquaval,0.08412,376,0.084,147,0.07,1
2026-09-30,M-C,gen9championsvgc2026regmcbo3,0,195,Greninja,0.08412,376,0.084,149,0.071,1
2026-09-30,M-C,gen9championsvgc2026regmcbo3,0,196,Chandelure,0.08323,372,0.083,155,0.074,1
2026-09-30,M-C,gen9championsvgc2026regmcbo3,0,197,Slowking,0.08211,367,0.082,136,0.065,1
2026-09-30,M-C,gen9championsvgc2026regmcbo3,0,198,Gardevoir,0.0801,358,0.08,168,0.08,1
2026-09-30,M-C,gen9championsvgc2026regmcbo3,0,199,Garganacl,0.07853,351,0.079,147,0.07,1
2026-09-30,M-C,gen9championsvgc2026regmcbo3,0,200,Alakazam,0.07764,347,0.078,136,0.065,1
2026-09-30,M-C,gen9championsvgc2026regmcbo3,0,201,Heracross-Mega,0.07674,343,0.077,146,0.07,1
2026-09-30,M-C,gen9championsvgc2026regmcbo3,0,202,Mr. Rime,0.0754,337,0.075,184,0.088,1
2026-09-30,M-C,gen9championsvgc2026regmcbo3,0,203,Gogoat,0.07518,336,0.075,106,0.05,1
2026-09-30,M-C,gen9championsvgc2026regmcbo3,0,204,Reuniclus,0.07473,334,0.075,140,0.067,1
2026-09-30,M-C,gen9championsvgc2026regmcbo3,0,205,Spiritomb,0.07361,329,0.074,145,0.069,1
2026-09-30,M-C,gen9championsvgc2026regmcbo3,0,206,Chimecho-Mega,0.07339,328,0.073,113,0.054,1
2026-09-30,M-C,gen9championsvgc2026regmcbo3,0,207,Barbaracle-Mega,0.06981,312,0.07,145,0.069,1
2026-09-30,M-C,gen9championsvgc2026regmcbo3,0,208,Mr. Mime,0.06869,307,0.069,122,0.058,1
2026-09-30,M-C,gen9championsvgc2026regmcbo3,0,209,Aurorus,0.06824,305,0.068,111,0.053,1
2026-09-30,M-C,gen9championsvgc2026regmcbo3,0,210,Bastiodon,0.06757,302,0.068,143,0.068,1
2026-09-30,M-C,gen9championsvgc2026regmcbo3,0,211,Golisopod,0.06712,300,0.067,118,0.056,1
2026-09-30,M-C,gen9championsvgc2026regmcbo3,0,212,Salazzle,0.06667,298,0.067,141,0.067,1
2026-09-30,M-C,gen9championsvgc2026regmcbo3,0,213,Runerigus,0.06645,297,0.066,103,0.049,1
2026-09-30,M-C,gen9championsvgc2026regmcbo3,0,214,Falinks-Mega,0.06511,291,0.065,78,0.037,1
2026-09-30,M-C,gen9championsvgc2026regmcbo3,0,215,Blastoise,0.06511,291,0.065,141,0.067,1
2026-09-30,M-C,gen9championsvgc2026regmcbo3,0,216,Floette-Eternal,0.06198,277,0.062,110,0.052,1
2026-09-30,M-C,gen9championsvgc2026regmcbo3,0,217,Hawlucha-Mega,0.06019,269,0.06,142,0.068,1
2026-09-30,M-C,gen9championsvgc2026regmcbo3,0,218,Rotom-Mow,0.05951,266,0.06,93,0.044,1
2026-09-30,M-C,gen9championsvgc2026regmcbo3,0,219,Gengar,0.05795,259,0.058,121,0.058,1
2026-09-30,M-C,gen9championsvgc2026regmcbo3,0,220,Vaporeon,0.05482,245,0.055,114,0.054,1
2026-09-30,M-C,gen9championsvgc2026regmcbo3,0,221,Victreebel-Mega,0.05459,244,0.055,103,0.049,1
2026-09-30,M-C,gen9championsvgc2026regmcbo3,0,222,Tauros-Paldea-Blaze,0.0537,240,0.054,120,0.057,1
2026-09-30,M-C,gen9championsvgc2026regmcbo3,0,223,Wyrdeer,0.0537,240,0.054,108,0.051,1
2026-09-30,M-C,gen9championsvgc2026regmcbo3,0,224,Glaceon,0.05191,232,0.052,139,0.066,1
2026-09-30,M-C,gen9championsvgc2026regmcbo3,0,225,Slowbro-Galar,0.05124,229,0.051,101,0.048,1
2026-09-30,M-C,gen9championsvgc2026regmcbo3,0,226,Lycanroc,0.04766,213,0.048,86,0.041,1
2026-09-30,M-C,gen9championsvgc2026regmcbo3,0,227,Sableye-Mega,0.04743,212,0.047,106,0.05,1
2026-09-30,M-C,gen9championsvgc2026regmcbo3,0,228,Medicham-Mega,0.04676,209,0.047,95,0.045,1
2026-09-30,M-C,gen9championsvgc2026regmcbo3,0,229,Goodra,0.04475,200,0.045,73,0.035,1
2026-09-30,M-C,gen9championsvgc2026regmcbo3,0,230,Farfetch'd,0.04452,199,0.045,82,0.039,1
2026-09-30,M-C,gen9championsvgc2026regmcbo3,0,231,Infernape,0.0443,198,0.044,85,0.04,1
2026-09-30,M-C,gen9championsvgc2026regmcbo3,0,232,Scolipede,0.04296,192,0.043,86,0.041,1
2026-09-30,M-C,gen9championsvgc2026regmcbo3,0,233,Espeon,0.04094,183,0.041,75,0.036,1
2026-09-30,M-C,gen9championsvgc2026regmcbo3,0,234,Sharpedo-Mega,0.0405,181,0.04,88,0.042,1
2026-09-30,M-C,gen9championsvgc2026regmcbo3,0,235,Thievul,0.04027,180,0.04,79,0.038,1
2026-09-30,M-C,gen9championsvgc2026regmcbo3,0,236,Audino,0.04027,180,0.04,92,0.044,1
2026-09-30,M-C,gen9championsvgc2026regmcbo3,0,237,Toxicroak,0.0396,177,0.04,74,0.035,1
2026-09-30,M-C,gen9championsvgc2026regmcbo3,0,238,Lucario,0.03938,176,0.039,75,0.036,1
2026-09-30,M-C,gen9championsvgc2026regmcbo3,0,239,Scovillain,0.03848,172,0.038,86,0.041,1
2026-09-30,M-C,gen9championsvgc2026regmcbo3,0,240,Typhlosion,0.03826,171,0.038,76,0.036,1
2026-09-30,M-C,gen9championsvgc2026regmcbo3,0,241,Glalie-Mega,0.03826,171,0.038,83,0.04,1
2026-09-30,M-C,gen9championsvgc2026regmcbo3,0,242,Feraligatr,0.03826,171,0.038,84,0.04,1
2026-09-30,M-C,gen9championsvgc2026regmcbo3,0,243,Liepard,0.03826,171,0.038,80,0.038,1
2026-09-30,M-C,gen9championsvgc2026regmcbo3,0,244,Scolipede-Mega,0.03804,170,0.038,58,0.028,1
2026-09-30,M-C,gen9championsvgc2026regmcbo3,0,245,Meowstic-M-Mega,0.03781,169,0.038,62,0.03,1
2026-09-30,M-C,gen9championsvgc2026regmcbo3,0,246,Rotom-Frost,0.0358,160,0.036,66,0.031,1
2026-09-30,M-C,gen9championsvgc2026regmcbo3,0,247,Pikachu,0.0349,156,0.035,43,0.02,1
2026-09-30,M-C,gen9championsvgc2026regmcbo3,0,248,Pangoro,0.03468,155,0.035,62,0.03,1
2026-09-30,M-C,gen9championsvgc2026regmcbo3,0,249,Polteageist,0.03423,153,0.034,51,0.024,1
2026-09-30,M-C,gen9championsvgc2026regmcbo3,0,250,Slowbro,0.03401,152,0.034,71,0.034,1
2026-09-30,M-C,gen9championsvgc2026regmcbo3,0,251,Pinsir-Mega,0.03378,151,0.034,60,0.029,1
2026-09-30,M-C,gen9championsvgc2026regmcbo3,0,252,Charizard,0.03222,144,0.032,71,0.034,1
2026-09-30,M-C,gen9championsvgc2026regmcbo3,0,253,Musharna,0.03132,140,0.031,32,0.015,1
2026-09-30,M-C,gen9championsvgc2026regmcbo3,0,254,Florges,0.0302,135,0.03,56,0.027,1
2026-09-30,M-C,gen9championsvgc2026regmcbo3,0,255,Leafeon,0.02909,130,0.029,63,0.03,1
2026-09-30,M-C,gen9championsvgc2026regmcbo3,0,256,Machamp,0.02909,130,0.029,56,0.027,1
2026-09-30,M-C,gen9championsvgc2026regmcbo3,0,257,Aromatisse,0.02707,121,0.027,45,0.021,1
2026-09-30,M-C,gen9championsvgc2026regmcbo3,0,258,Rampardos,0.02662,119,0.027,67,0.032,1
2026-09-30,M-C,gen9championsvgc2026regmcbo3,0,259,Avalugg,0.02662,119,0.027,43,0.02,1
2026-09-30,M-C,gen9championsvgc2026regmcbo3,0,260,Audino-Mega,0.02506,112,0.025,28,0.013,1
2026-09-30,M-C,gen9championsvgc2026regmcbo3,0,261,Mabosstiff,0.02506,112,0.025,45,0.021,1
2026-09-30,M-C,gen9championsvgc2026regmcbo3,0,262,Passimian,0.02506,112,0.025,54,0.026,1
2026-09-30,M-C,gen9championsvgc2026regmcbo3,0,263,Emboar-Mega,0.02461,110,0.025,29,0.014,1
2026-09-30,M-C,gen9championsvgc2026regmcbo3,0,264,Sceptile,0.02461,110,0.025,56,0.027,1
2026-09-30,M-C,gen9championsvgc2026regmcbo3,0,265,Chesnaught,0.02416,108,0.024,44,0.021,1
2026-09-30,M-C,gen9championsvgc2026regmcbo3,0,266,Trevenant,0.02394,107,0.024,41,0.02,1
2026-09-30,M-C,gen9championsvgc2026regmcbo3,0,267,Emolga,0.02304,103,0.023,47,0.022,1
2026-09-30,M-C,gen9championsvgc2026regmcbo3,0,268,Medicham,0.02282,102,0.023,60,0.029,1
2026-09-30,M-C,gen9championsvgc2026regmcbo3,0,269,Roserade,0.02237,100,0.022,37,0.018,1
2026-09-30,M-C,gen9championsvgc2026regmcbo3,0,270,Tyrantrum,0.02193,98,0.022,44,0.021,1
2026-09-30,M-C,gen9championsvgc2026regmcbo3,0,271,Slurpuff,0.02125,95,0.021,37,0.018,1
2026-09-30,M-C,gen9championsvgc2026regmcbo3,0,272,Diggersby,0.02103,94,0.021,49,0.023,1
2026-09-30,M-C,gen9championsvgc2026regmcbo3,0,273,Abomasnow,0.02036,91,0.02,48,0.023,1
2026-09-30,M-C,gen9championsvgc2026regmcbo3,0,274,Froslass,0.01991,89,0.02,32,0.015,1
2026-09-30,M-C,gen9championsvgc2026regmcbo3,0,275,Flapple,0.01969,88,0.02,35,0.017,1
2026-09-30,M-C,gen9championsvgc2026regmcbo3,0,276,Starmie,0.01969,88,0.02,23,0.011,1
2026-09-30,M-C,gen9championsvgc2026regmcbo3,0,277,Houndoom,0.01969,88,0.02,36,0.017,1
2026-09-30,M-C,gen9championsvgc2026regmcbo3,0,278,Luxray,0.01947,87,0.019,35,0.017,1
2026-09-30,M-C,gen9championsvgc2026regmcbo3,0,279,Beartic,0.01879,84,0.019,26,0.012,1
2026-09-30,M-C,gen9championsvgc2026regmcbo3,0,280,Swalot,0.01745,78,0.017,28,0.013,1
2026-09-30,M-C,gen9championsvgc2026regmcbo3,0,281,Castform,0.017,76,0.017,15,0.007,1
2026-09-30,M-C,gen9championsvgc2026regmcbo3,0,282,Gourgeist-Super,0.01656,74,0.017,28,0.013,1
2026-09-30,M-C,gen9championsvgc2026regmcbo3,0,283,Decidueye,0.01611,72,0.016,27,0.013,1
2026-09-30,M-C,gen9championsvgc2026regmcbo3,0,284,Flareon,0.01589,71,0.016,41,0.02,1
2026-09-30,M-C,gen9championsvgc2026regmcbo3,0,285,Dragalge,0.01566,70,0.016,26,0.012,1
2026-09-30,M-C,gen9championsvgc2026regmcbo3,0,286,Ariados,0.01566,70,0.016,27,0.013,1
2026-09-30,M-C,gen9championsvgc2026regmcbo3,0,287,Zoroark,0.01432,64,0.014,17,0.008,1
2026-09-30,M-C,gen9championsvgc2026regmcbo3,0,288,Appletun,0.0141,63,0.014,13,0.006,1
2026-09-30,M-C,gen9championsvgc2026regmcbo3,0,289,Aggron,0.0141,63,0.014,20,0.01,1
2026-09-30,M-C,gen9championsvgc2026regmcbo3,0,290,Forretress,0.01387,62,0.014,13,0.006,1
2026-09-30,M-C,gen9championsvgc2026regmcbo3,0,291,Morpeko,0.0132,59,0.013,30,0.014,1
2026-09-30,M-C,gen9championsvgc2026regmcbo3,0,292,Emboar,0.01298,58,0.013,31,0.015,1
2026-09-30,M-C,gen9championsvgc2026regmcbo3,0,293,Golurk,0.01298,58,0.013,24,0.011,1
2026-09-30,M-C,gen9championsvgc2026regmcbo3,0,294,Eelektross,0.01231,55,0.012,32,0.015,1
2026-09-30,M-C,gen9championsvgc2026regmcbo3,0,295,Manectric,0.01231,55,0.012,22,0.01,1
2026-09-30,M-C,gen9championsvgc2026regmcbo3,0,296,Dedenne,0.01231,55,0.012,22,0.01,1
2026-09-30,M-C,gen9championsvgc2026regmcbo3,0,297,Skarmory,0.01186,53,0.012,13,0.006,1
2026-09-30,M-C,gen9championsvgc2026regmcbo3,0,298,Steelix,0.01141,51,0.011,25,0.012,1
2026-09-30,M-C,gen9championsvgc2026regmcbo3,0,299,Camerupt,0.01074,48,0.011,19,0.009,1
2026-09-30,M-C,gen9championsvgc2026regmcbo3,0,300,Sandaconda,0.01029,46,0.01,20,0.01,1
2026-09-30,M-C,gen9championsvgc2026regmcbo3,0,301,Avalugg-Hisui,0.01029,46,0.01,20,0.01,1
2026-09-30,M-C,gen9championsvgc2026regmcbo3,0,302,Ampharos,0.01007,45,0.01,16,0.008,1
2026-09-30,M-C,gen9championsvgc2026regmcbo3,0,303,Arbok,0.00962,43,0.01,24,0.011,1
2026-09-30,M-C,gen9championsvgc2026regmcbo3,0,304,Absol,0.0094,42,0.009,6,0.003,1
2026-09-30,M-C,gen9championsvgc2026regmcbo3,0,305,Toucannon,0.00761,34,0.008,16,0.008,1
2026-09-30,M-C,gen9championsvgc2026regmcbo3,0,306,Chimecho,0.00761,34,0.008,8,0.004,1
2026-09-30,M-C,gen9championsvgc2026regmcbo3,0,307,Heracross,0.00738,33,0.007,18,0.009,1
2026-09-30,M-C,gen9championsvgc2026regmcbo3,0,308,Lopunny,0.00738,33,0.007,11,0.005,1
2026-09-30,M-C,gen9championsvgc2026regmcbo3,0,309,Rotom,0.00694,31,0.007,13,0.006,1
2026-09-30,M-C,gen9championsvgc2026regmcbo3,0,310,Absol-Mega,0.00604,27,0.006,12,0.006,1
2026-09-30,M-C,gen9championsvgc2026regmcbo3,0,311,Garbodor,0.00604,27,0.006,4,0.002,1
2026-09-30,M-C,gen9championsvgc2026regmcbo3,0,312,Watchog,0.00604,27,0.006,3,0.001,1
2026-09-30,M-C,gen9championsvgc2026regmcbo3,0,313,Stunfisk-Galar,0.00604,27,0.006,14,0.007,1
2026-09-30,M-C,gen9championsvgc2026regmcbo3,0,314,Mawile,0.00582,26,0.006,13,0.006,1
2026-09-30,M-C,gen9championsvgc2026regmcbo3,0,315,Simipour,0.00559,25,0.006,11,0.005,1
2026-09-30,M-C,gen9championsvgc2026regmcbo3,0,316,Persian,0.00559,25,0.006,11,0.005,1
2026-09-30,M-C,gen9championsvgc2026regmcbo3,0,317,Lycanroc-Midnight,0.00537,24,0.005,10,0.005,1
2026-09-30,M-C,gen9championsvgc2026regmcbo3,0,318,Stunfisk,0.00492,22,0.005,10,0.005,1
2026-09-30,M-C,gen9championsvgc2026regmcbo3,0,319,Simisear,0.00492,22,0.005,10,0.005,1
2026-09-30,M-C,gen9championsvgc2026regmcbo3,0,320,Glalie,0.0047,21,0.005,2,0.001,1
2026-09-30,M-C,gen9championsvgc2026regmcbo3,0,321,Falinks,0.0047,21,0.005,9,0.004,1
2026-09-30,M-C,gen9championsvgc2026regmcbo3,0,322,Gourgeist-Small,0.00425,19,0.004,5,0.002,1
2026-09-30,M-C,gen9championsvgc2026regmcbo3,0,323,Victreebel,0.00403,18,0.004,10,0.005,1
2026-09-30,M-C,gen9championsvgc2026regmcbo3,0,324,Crabominable,0.00336,15,0.003,10,0.005,1
2026-09-30,M-C,gen9championsvgc2026regmcbo3,0,325,Samurott,0.00313,14,0.003,3,0.001,1
2026-09-30,M-C,gen9championsvgc2026regmcbo3,0,326,Gourgeist,0.00291,13,0.003,6,0.003,1
2026-09-30,M-C,gen9championsvgc2026regmcbo3,0,327,Tauros,0.00291,13,0.003,6,0.003,1
2026-09-30,M-C,gen9championsvgc2026regmcbo3,0,328,Qwilfish,0.00291,13,0.003,7,0.003,1
2026-09-30,M-C,gen9championsvgc2026regmcbo3,0,329,Gourgeist-Large,0.00291,13,0.003,6,0.003,1
2026-09-30,M-C,gen9championsvgc2026regmcbo3,0,330,Rotom-Fan,0.00246,11,0.002,4,0.002,1
2026-09-30,M-C,gen9championsvgc2026regmcbo3,0,331,Simisage,0.00224,10,0.002,2,0.001,1
2026-09-30,M-C,gen9championsvgc2026regmcbo3,0,332,Barbaracle,0.00224,10,0.002,3,0.001,1
2026-09-30,M-C,gen9championsvgc2026regmcbo3,0,333,Sharpedo,0.00201,9,0.002,3,0.001,1
2026-09-30,M-C,gen9championsvgc2026regmcbo3,0,334,Pinsir,0.00201,9,0.002,2,0.001,1
2026-09-30,M-C,gen9championsvgc2026regmcbo3,0,335,Furfrou,0.00179,8,0.002,2,0.001,1
2026-09-30,M-C,gen9championsvgc2026regmcbo3,0,336,Pidgeot,0.00179,8,0.002,3,0.001,1
2026-09-30,M-C,gen9championsvgc2026regmcbo3,0,337,Tauros-Paldea-Combat,0.00157,7,0.002,1,0.0,1
2026-09-30,M-C,gen9championsvgc2026regmcbo3,0,338,Pyroar,0.00089,4,0.001,2,0.001,1
2026-09-30,M-C,gen9championsvgc2026regmcbo3,0,339,Banette,0.00067,3,0.001,1,0.0,1
2026-09-30,M-C,gen9championsvgc2026regmcbo3,0,340,Beedrill,0.00067,3,0.001,0,0.0,1
2026-09-30,M-C,gen9championsvgc2026regmcbo3,0,341,Meganium,0.00045,2,0.0,0,0.0,1
2026-09-30,M-C,gen9championsvgc2026regmcbo3,1500,1,Rillaboom,54.73103,229704,51.393,120007,57.135,1
2026-09-30,M-C,gen9championsvgc2026regmcbo3,1500,2,Sneasler,42.35158,183351,41.022,91303,43.469,1
2026-09-30,M-C,gen9championsvgc2026regmcbo3,1500,3,Incineroar,37.27197,157805,35.307,98859,47.067,1
2026-09-30,M-C,gen9championsvgc2026regmcbo3,1500,4,Salamence-Mega,27.57673,119757,26.794,44056,20.975,1
2026-09-30,M-C,gen9championsvgc2026regmcbo3,1500,5,Kingambit,27.26613,112688,25.212,55397,26.375,1
2026-09-30,M-C,gen9championsvgc2026regmcbo3,1500,6,Gholdengo,25.62422,103650,23.19,52925,25.198,1
2026-09-30,M-C,gen9championsvgc2026regmcbo3,1500,7,Raichu-Mega-Y,20.32771,79750,17.843,28615,13.624,1
2026-09-30,M-C,gen9championsvgc2026regmcbo3,1500,8,Basculegion,17.80503,80875,18.095,42594,20.279,1
2026-09-30,M-C,gen9championsvgc2026regmcbo3,1500,9,Indeedee-F,17.01358,83112,18.595,45685,21.751,1
2026-09-30,M-C,gen9championsvgc2026regmcbo3,1500,10,Arcanine-Hisui,15.80657,64643,14.463,36795,17.518,1
2026-09-30,M-C,gen9championsvgc2026regmcbo3,1500,11,Farigiraf,15.73697,69713,15.597,32555,15.499,1
2026-09-30,M-C,gen9championsvgc2026regmcbo3,1500,12,Floette-Mega,14.97918,61176,13.687,17296,8.235,1
2026-09-30,M-C,gen9championsvgc2026regmcbo3,1500,13,Charizard-Mega-Y,13.31619,52983,11.854,21692,10.328,1
2026-09-30,M-C,gen9championsvgc2026regmcbo3,1500,14,Sylveon,12.19504,50467,11.291,21548,10.259,1
2026-09-30,M-C,gen9championsvgc2026regmcbo3,1500,15,Archaludon,12.01798,50573,11.315,27867,13.268,1
2026-09-30,M-C,gen9championsvgc2026regmcbo3,1500,16,Milotic,11.94064,54655,12.228,21763,10.361,1
2026-09-30,M-C,gen9championsvgc2026regmcbo3,1500,17,Golisopod-Mega,11.01101,56830,12.715,23458,11.168,1
2026-09-30,M-C,gen9championsvgc2026regmcbo3,1500,18,Garchomp-Mega-Z,10.24679,41335,9.248,16554,7.881,1
2026-09-30,M-C,gen9championsvgc2026regmcbo3,1500,19,Volcarona,10.15901,41310,9.243,20372,9.699,1
2026-09-30,M-C,gen9championsvgc2026regmcbo3,1500,20,Pelipper,9.76118,48239,10.793,27878,13.273,1
2026-09-30,M-C,gen9championsvgc2026regmcbo3,1500,21,Staraptor-Mega,9.04026,38334,8.577,13285,6.325,1
2026-09-30,M-C,gen9championsvgc2026regmcbo3,1500,22,Garchomp,8.86926,38464,8.606,19957,9.502,1
2026-09-30,M-C,gen9championsvgc2026regmcbo3,1500,23,Whimsicott,7.11724,36003,8.055,15239,7.255,1
2026-09-30,M-C,gen9championsvgc2026regmcbo3,1500,24,Gardevoir-Mega,7.11702,34649,7.752,14519,6.913,1
2026-09-30,M-C,gen9championsvgc2026regmcbo3,1500,25,Gengar-Mega,6.60904,26296,5.883,12249,5.832,1
2026-09-30,M-C,gen9championsvgc2026regmcbo3,1500,26,Tyranitar-Mega,6.55435,29223,6.538,14850,7.07,1
2026-09-30,M-C,gen9championsvgc2026regmcbo3,1500,27,Indeedee,6.426,28100,6.287,15325,7.296,1
2026-09-30,M-C,gen9championsvgc2026regmcbo3,1500,28,Froslass-Mega,6.24434,25138,5.624,8193,3.901,1
2026-09-30,M-C,gen9championsvgc2026regmcbo3,1500,29,Excadrill,6.02826,25968,5.81,13004,6.191,1
2026-09-30,M-C,gen9championsvgc2026regmcbo3,1500,30,Politoed,5.8273,23857,5.338,13091,6.233,1
2026-09-30,M-C,gen9championsvgc2026regmcbo3,1500,31,Sinistcha,5.70644,31068,6.951,15191,7.232,1
2026-09-30,M-C,gen9championsvgc2026regmcbo3,1500,32,Metagross-Mega,5.04574,23158,5.181,8389,3.994,1
2026-09-30,M-C,gen9championsvgc2026regmcbo3,1500,33,Grimmsnarl,4.97617,21677,4.85,10036,4.778,1
2026-09-30,M-C,gen9championsvgc2026regmcbo3,1500,34,Kommo-o,4.94662,17494,3.914,7431,3.538,1
2026-09-30,M-C,gen9championsvgc2026regmcbo3,1500,35,Armarouge,4.63876,21534,4.818,11593,5.519,1
2026-09-30,M-C,gen9championsvgc2026regmcbo3,1500,36,Delphox-Mega,4.46117,19872,4.446,7212,3.434,1
2026-09-30,M-C,gen9championsvgc2026regmcbo3,1500,37,Dragonite-Mega,3.7814,15716,3.516,5787,2.755,1
2026-09-30,M-C,gen9championsvgc2026regmcbo3,1500,38,Venusaur,3.56453,13648,3.054,5642,2.686,1
2026-09-30,M-C,gen9championsvgc2026regmcbo3,1500,39,Torkoal,3.55283,17663,3.952,9718,4.627,1
2026-09-30,M-C,gen9championsvgc2026regmcbo3,1500,40,Swampert-Mega,3.51159,15710,3.515,6059,2.885,1
2026-09-30,M-C,gen9championsvgc2026regmcbo3,1500,41,Primarina,3.3096,15202,3.401,7315,3.483,1
2026-09-30,M-C,gen9championsvgc2026regmcbo3,1500,42,Lucario-Mega-Z,3.12154,16756,3.749,5494,2.616,1
2026-09-30,M-C,gen9championsvgc2026regmcbo3,1500,43,Glimmora-Mega,2.83101,11783,2.636,4817,2.293,1
2026-09-30,M-C,gen9championsvgc2026regmcbo3,1500,44,Annihilape,2.74779,13328,2.982,6058,2.884,1
2026-09-30,M-C,gen9championsvgc2026regmcbo3,1500,45,Aerodactyl-Mega,2.72669,10929,2.445,3228,1.537,1
2026-09-30,M-C,gen9championsvgc2026regmcbo3,1500,46,Corviknight,2.59395,12336,2.76,4581,2.181,1
2026-09-30,M-C,gen9championsvgc2026regmcbo3,1500,47,Dragapult,2.35796,10177,2.277,4641,2.21,1
2026-09-30,M-C,gen9championsvgc2026regmcbo3,1500,48,Camerupt-Mega,2.28068,10354,2.317,6241,2.971,1
2026-09-30,M-C,gen9championsvgc2026regmcbo3,1500,49,Ninetales-Alola,2.25781,12542,2.806,5115,2.435,1
2026-09-30,M-C,gen9championsvgc2026regmcbo3,1500,50,Pawmot,2.23161,11306,2.53,5622,2.677,1
2026-09-30,M-C,gen9championsvgc2026regmcbo3,1500,51,Ceruledge,2.21237,10652,2.383,5329,2.537,1
2026-09-30,M-C,gen9championsvgc2026regmcbo3,1500,52,Baxcalibur-Mega,2.12283,13307,2.977,5372,2.558,1
2026-09-30,M-C,gen9championsvgc2026regmcbo3,1500,53,Hatterene,2.10607,11177,2.501,5375,2.559,1
2026-09-30,M-C,gen9championsvgc2026regmcbo3,1500,54,Blastoise-Mega,2.08812,9685,2.167,3030,1.443,1
2026-09-30,M-C,gen9championsvgc2026regmcbo3,1500,55,Maushold,1.92547,11033,2.468,4643,2.211,1
2026-09-30,M-C,gen9championsvgc2026regmcbo3,1500,56,Talonflame,1.56827,8577,1.919,3489,1.661,1
2026-09-30,M-C,gen9championsvgc2026regmcbo3,1500,57,Vivillon,1.55435,6188,1.384,2849,1.356,1
2026-09-30,M-C,gen9championsvgc2026regmcbo3,1500,58,Glimmora,1.46118,6328,1.416,3098,1.475,1
2026-09-30,M-C,gen9championsvgc2026regmcbo3,1500,59,Tyranitar,1.28638,6682,1.495,3437,1.636,1
2026-09-30,M-C,gen9championsvgc2026regmcbo3,1500,60,Hydreigon,1.15243,5762,1.289,2670,1.271,1
2026-09-30,M-C,gen9championsvgc2026regmcbo3,1500,61,Blaziken-Mega,1.13786,5470,1.224,2233,1.063,1
2026-09-30,M-C,gen9championsvgc2026regmcbo3,1500,62,Absol-Mega-Z,1.07608,6737,1.507,2410,1.147,1
2026-09-30,M-C,gen9championsvgc2026regmcbo3,1500,63,Toxapex,1.06872,5552,1.242,2580,1.228,1
2026-09-30,M-C,gen9championsvgc2026regmcbo3,1500,64,Scovillain-Mega,0.89755,4602,1.03,1443,0.687,1
2026-09-30,M-C,gen9championsvgc2026regmcbo3,1500,65,Aerodactyl,0.87282,4822,1.079,1839,0.876,1
2026-09-30,M-C,gen9championsvgc2026regmcbo3,1500,66,Aegislash,0.85533,6007,1.344,3110,1.481,1
2026-09-30,M-C,gen9championsvgc2026regmcbo3,1500,67,Mawile-Mega,0.84261,4718,1.056,2012,0.958,1
2026-09-30,M-C,gen9championsvgc2026regmcbo3,1500,68,Dragonite,0.8022,4240,0.949,1706,0.812,1
2026-09-30,M-C,gen9championsvgc2026regmcbo3,1500,69,Espathra,0.79483,3461,0.774,1721,0.819,1
2026-09-30,M-C,gen9championsvgc2026regmcbo3,1500,70,Pyroar-Mega,0.73813,2972,0.665,1185,0.564,1
2026-09-30,M-C,gen9championsvgc2026regmcbo3,1500,71,Lycanroc-Dusk,0.69772,3325,0.744,1204,0.573,1
2026-09-30,M-C,gen9championsvgc2026regmcbo3,1500,72,Typhlosion-Hisui,0.69558,3852,0.862,2003,0.954,1
2026-09-30,M-C,gen9championsvgc2026regmcbo3,1500,73,Sableye,0.6889,5140,1.15,2235,1.064,1
2026-09-30,M-C,gen9championsvgc2026regmcbo3,1500,74,Rotom-Wash,0.64565,4672,1.045,2106,1.003,1
2026-09-30,M-C,gen9championsvgc2026regmcbo3,1500,75,Lopunny-Mega,0.53312,2924,0.654,955,0.455,1
2026-09-30,M-C,gen9championsvgc2026regmcbo3,1500,76,Mamoswine,0.51575,2705,0.605,1281,0.61,1
2026-09-30,M-C,gen9championsvgc2026regmcbo3,1500,77,Raichu-Mega-X,0.5091,3223,0.721,1447,0.689,1
2026-09-30,M-C,gen9championsvgc2026regmcbo3,1500,78,Gallade,0.49436,3127,0.7,1314,0.626,1
2026-09-30,M-C,gen9championsvgc2026regmcbo3,1500,79,Clefable,0.48416,3047,0.682,1463,0.697,1
2026-09-30,M-C,gen9championsvgc2026regmcbo3,1500,80,Meowstic-F-Mega,0.45888,2185,0.489,755,0.359,1
2026-09-30,M-C,gen9championsvgc2026regmcbo3,1500,81,Garchomp-Mega,0.45844,2318,0.519,1054,0.502,1
2026-09-30,M-C,gen9championsvgc2026regmcbo3,1500,82,Tsareena,0.45589,2789,0.624,1249,0.595,1
2026-09-30,M-C,gen9championsvgc2026regmcbo3,1500,83,Kleavor,0.43465,2183,0.488,1036,0.493,1
2026-09-30,M-C,gen9championsvgc2026regmcbo3,1500,84,Kangaskhan-Mega,0.4269,1756,0.393,702,0.334,1
2026-09-30,M-C,gen9championsvgc2026regmcbo3,1500,85,Blaziken,0.41935,2390,0.535,1245,0.593,1
2026-09-30,M-C,gen9championsvgc2026regmcbo3,1500,86,Rotom-Heat,0.3932,2468,0.552,1304,0.621,1
2026-09-30,M-C,gen9championsvgc2026regmcbo3,1500,87,Venusaur-Mega,0.39306,2173,0.486,865,0.412,1
2026-09-30,M-C,gen9championsvgc2026regmcbo3,1500,88,Meganium-Mega,0.39094,2503,0.56,948,0.451,1
2026-09-30,M-C,gen9championsvgc2026regmcbo3,1500,89,Grapploct,0.38854,2103,0.471,917,0.437,1
2026-09-30,M-C,gen9championsvgc2026regmcbo3,1500,90,Sirfetch'd,0.3745,2691,0.602,1257,0.598,1
2026-09-30,M-C,gen9championsvgc2026regmcbo3,1500,91,Empoleon,0.35697,2056,0.46,822,0.391,1
2026-09-30,M-C,gen9championsvgc2026regmcbo3,1500,92,Baxcalibur,0.347,2014,0.451,814,0.388,1
2026-09-30,M-C,gen9championsvgc2026regmcbo3,1500,93,Alakazam-Mega,0.34353,2603,0.582,1100,0.524,1
2026-09-30,M-C,gen9championsvgc2026regmcbo3,1500,94,Swampert,0.33142,1410,0.315,704,0.335,1
2026-09-30,M-C,gen9championsvgc2026regmcbo3,1500,95,Klefki,0.30953,1649,0.369,741,0.353,1
2026-09-30,M-C,gen9championsvgc2026regmcbo3,1500,96,Toxtricity,0.30573,2226,0.498,1151,0.548,1
2026-09-30,M-C,gen9championsvgc2026regmcbo3,1500,97,Manectric-Mega,0.29189,1120,0.251,422,0.201,1
2026-09-30,M-C,gen9championsvgc2026regmcbo3,1500,98,Altaria,0.27597,1186,0.265,266,0.127,1
2026-09-30,M-C,gen9championsvgc2026regmcbo3,1500,99,Weavile,0.27182,1729,0.387,818,0.389,1
2026-09-30,M-C,gen9championsvgc2026regmcbo3,1500,100,Scrafty-Mega,0.27052,1896,0.424,904,0.43,1
2026-09-30,M-C,gen9championsvgc2026regmcbo3,1500,101,Snorlax,0.2658,1453,0.325,587,0.279,1
2026-09-30,M-C,gen9championsvgc2026regmcbo3,1500,102,Palafin,0.25273,1973,0.441,976,0.465,1
2026-09-30,M-C,gen9championsvgc2026regmcbo3,1500,103,Vanilluxe,0.2479,1228,0.275,530,0.252,1
2026-09-30,M-C,gen9championsvgc2026regmcbo3,1500,104,Starmie-Mega,0.24763,1401,0.313,584,0.278,1
2026-09-30,M-C,gen9championsvgc2026regmcbo3,1500,105,Staraptor,0.24495,1464,0.328,534,0.254,1
2026-09-30,M-C,gen9championsvgc2026regmcbo3,1500,106,Charizard-Mega-X,0.24451,1603,0.359,595,0.283,1
2026-09-30,M-C,gen9championsvgc2026regmcbo3,1500,107,Kangaskhan,0.23621,1217,0.272,489,0.233,1
2026-09-30,M-C,gen9championsvgc2026regmcbo3,1500,108,Zoroark-Hisui,0.23143,2377,0.532,737,0.351,1
2026-09-30,M-C,gen9championsvgc2026regmcbo3,1500,109,Meowscarada,0.23027,1692,0.379,698,0.332,1
2026-09-30,M-C,gen9championsvgc2026regmcbo3,1500,110,Crabominable-Mega,0.22611,1521,0.34,513,0.244,1
2026-09-30,M-C,gen9championsvgc2026regmcbo3,1500,111,Goodra-Hisui,0.22496,1297,0.29,529,0.252,1
2026-09-30,M-C,gen9championsvgc2026regmcbo3,1500,112,Sceptile-Mega,0.21306,1319,0.295,477,0.227,1
2026-09-30,M-C,gen9championsvgc2026regmcbo3,1500,113,Gyarados-Mega,0.20793,1336,0.299,481,0.229,1
2026-09-30,M-C,gen9championsvgc2026regmcbo3,1500,114,Tinkaton,0.20683,1482,0.332,631,0.3,1
2026-09-30,M-C,gen9championsvgc2026regmcbo3,1500,115,Hippowdon,0.20077,891,0.199,473,0.225,1
2026-09-30,M-C,gen9championsvgc2026regmcbo3,1500,116,Samurott-Hisui,0.19664,1154,0.258,525,0.25,1
2026-09-30,M-C,gen9championsvgc2026regmcbo3,1500,117,Vileplume,0.18886,968,0.217,269,0.128,1
2026-09-30,M-C,gen9championsvgc2026regmcbo3,1500,118,Inteleon,0.185,1709,0.382,800,0.381,1
2026-09-30,M-C,gen9championsvgc2026regmcbo3,1500,119,Scrafty,0.18298,1016,0.227,442,0.21,1
2026-09-30,M-C,gen9championsvgc2026regmcbo3,1500,120,Pincurchin,0.18068,1624,0.363,761,0.362,1
2026-09-30,M-C,gen9championsvgc2026regmcbo3,1500,121,Gliscor,0.17082,1102,0.247,533,0.254,1
2026-09-30,M-C,gen9championsvgc2026regmcbo3,1500,122,Drampa,0.16834,662,0.148,213,0.101,1
2026-09-30,M-C,gen9championsvgc2026regmcbo3,1500,123,Araquanid,0.16312,1585,0.355,619,0.295,1
2026-09-30,M-C,gen9championsvgc2026regmcbo3,1500,124,Mudsdale,0.15543,744,0.166,321,0.153,1
2026-09-30,M-C,gen9championsvgc2026regmcbo3,1500,125,Azumarill,0.15285,848,0.19,391,0.186,1
2026-09-30,M-C,gen9championsvgc2026regmcbo3,1500,126,Pidgeot-Mega,0.14198,539,0.121,122,0.058,1
2026-09-30,M-C,gen9championsvgc2026regmcbo3,1500,127,Aggron-Mega,0.14003,990,0.221,323,0.154,1
2026-09-30,M-C,gen9championsvgc2026regmcbo3,1500,128,Scizor,0.13971,1448,0.324,551,0.262,1
2026-09-30,M-C,gen9championsvgc2026regmcbo3,1500,129,Lucario-Mega,0.13637,1050,0.235,467,0.222,1
2026-09-30,M-C,gen9championsvgc2026regmcbo3,1500,130,Rhyperior,0.13391,621,0.139,316,0.15,1
2026-09-30,M-C,gen9championsvgc2026regmcbo3,1500,131,Salamence,0.13187,769,0.172,335,0.159,1
2026-09-30,M-C,gen9championsvgc2026regmcbo3,1500,132,Arcanine,0.1315,652,0.146,324,0.154,1
2026-09-30,M-C,gen9championsvgc2026regmcbo3,1500,133,Ninetales,0.13145,812,0.182,357,0.17,1
2026-09-30,M-C,gen9championsvgc2026regmcbo3,1500,134,Steelix-Mega,0.13118,909,0.203,438,0.209,1
2026-09-30,M-C,gen9championsvgc2026regmcbo3,1500,135,Abomasnow-Mega,0.12845,776,0.174,304,0.145,1
2026-09-30,M-C,gen9championsvgc2026regmcbo3,1500,136,Scizor-Mega,0.12299,949,0.212,342,0.163,1
2026-09-30,M-C,gen9championsvgc2026regmcbo3,1500,137,Cinderace,0.1205,942,0.211,454,0.216,1
2026-09-30,M-C,gen9championsvgc2026regmcbo3,1500,138,Mimikyu,0.11811,1135,0.254,421,0.2,1
2026-09-30,M-C,gen9championsvgc2026regmcbo3,1500,139,Krookodile,0.115,771,0.173,388,0.185,1
2026-09-30,M-C,gen9championsvgc2026regmcbo3,1500,140,Delphox,0.11197,540,0.121,268,0.128,1
2026-09-30,M-C,gen9championsvgc2026regmcbo3,1500,141,Raichu,0.11135,757,0.169,276,0.131,1
2026-09-30,M-C,gen9championsvgc2026regmcbo3,1500,142,Golurk-Mega,0.10867,759,0.17,351,0.167,1
2026-09-30,M-C,gen9championsvgc2026regmcbo3,1500,143,Greninja-Mega,0.10683,795,0.178,319,0.152,1
2026-09-30,M-C,gen9championsvgc2026regmcbo3,1500,144,Slowbro-Mega,0.10194,737,0.165,272,0.129,1
2026-09-30,M-C,gen9championsvgc2026regmcbo3,1500,145,Altaria-Mega,0.09982,657,0.147,230,0.11,1
2026-09-30,M-C,gen9championsvgc2026regmcbo3,1500,146,Skarmory-Mega,0.09976,663,0.148,221,0.105,1
2026-09-30,M-C,gen9championsvgc2026regmcbo3,1500,147,Persian-Alola,0.0983,610,0.136,267,0.127,1
2026-09-30,M-C,gen9championsvgc2026regmcbo3,1500,148,Meowstic,0.09771,643,0.144,259,0.123,1
2026-09-30,M-C,gen9championsvgc2026regmcbo3,1500,149,Overqwil,0.09697,818,0.183,369,0.176,1
2026-09-30,M-C,gen9championsvgc2026regmcbo3,1500,150,Slowking-Galar,0.09624,892,0.2,408,0.194,1
2026-09-30,M-C,gen9championsvgc2026regmcbo3,1500,151,Gyarados,0.09219,710,0.159,315,0.15,1
2026-09-30,M-C,gen9championsvgc2026regmcbo3,1500,152,Drampa-Mega,0.08945,608,0.136,216,0.103,1
2026-09-30,M-C,gen9championsvgc2026regmcbo3,1500,153,Ampharos-Mega,0.08915,634,0.142,273,0.13,1
2026-09-30,M-C,gen9championsvgc2026regmcbo3,1500,154,Ditto,0.08904,868,0.194,423,0.201,1
2026-09-30,M-C,gen9championsvgc2026regmcbo3,1500,155,Chesnaught-Mega,0.08773,823,0.184,299,0.142,1
2026-09-30,M-C,gen9championsvgc2026regmcbo3,1500,156,Umbreon,0.08481,613,0.137,263,0.125,1
2026-09-30,M-C,gen9championsvgc2026regmcbo3,1500,157,Chandelure-Mega,0.0846,807,0.181,367,0.175,1
2026-09-30,M-C,gen9championsvgc2026regmcbo3,1500,158,Dragalge-Mega,0.08135,955,0.214,440,0.209,1
2026-09-30,M-C,gen9championsvgc2026regmcbo3,1500,159,Bellibolt,0.0788,478,0.107,256,0.122,1
2026-09-30,M-C,gen9championsvgc2026regmcbo3,1500,160,Basculegion-F,0.07782,447,0.1,223,0.106,1
2026-09-30,M-C,gen9championsvgc2026regmcbo3,1500,161,Barbaracle-Mega,0.07559,312,0.07,145,0.069,1
2026-09-30,M-C,gen9championsvgc2026regmcbo3,1500,162,Decidueye-Hisui,0.07166,426,0.095,194,0.092,1
2026-09-30,M-C,gen9championsvgc2026regmcbo3,1500,163,Feraligatr-Mega,0.06967,662,0.148,244,0.116,1
2026-09-30,M-C,gen9championsvgc2026regmcbo3,1500,164,Houndoom-Mega,0.06943,432,0.097,161,0.077,1
2026-09-30,M-C,gen9championsvgc2026regmcbo3,1500,165,Skeledirge,0.06852,591,0.132,308,0.147,1
2026-09-30,M-C,gen9championsvgc2026regmcbo3,1500,166,Noivern,0.06582,489,0.109,206,0.098,1
2026-09-30,M-C,gen9championsvgc2026regmcbo3,1500,167,Bastiodon,0.06511,302,0.068,143,0.068,1
2026-09-30,M-C,gen9championsvgc2026regmcbo3,1500,168,Perrserker,0.06476,634,0.142,263,0.125,1
2026-09-30,M-C,gen9championsvgc2026regmcbo3,1500,169,Raichu-Alola,0.06431,582,0.13,294,0.14,1
2026-09-30,M-C,gen9championsvgc2026regmcbo3,1500,170,Chandelure,0.06414,372,0.083,155,0.074,1
2026-09-30,M-C,gen9championsvgc2026regmcbo3,1500,171,Oranguru,0.06395,726,0.162,294,0.14,1
2026-09-30,M-C,gen9championsvgc2026regmcbo3,1500,172,Heliolisk,0.06353,581,0.13,234,0.111,1
2026-09-30,M-C,gen9championsvgc2026regmcbo3,1500,173,Houndstone,0.06302,454,0.102,205,0.098,1
2026-09-30,M-C,gen9championsvgc2026regmcbo3,1500,174,Hawlucha,0.06227,689,0.154,334,0.159,1
2026-09-30,M-C,gen9championsvgc2026regmcbo3,1500,175,Malamar-Mega,0.06196,652,0.146,265,0.126,1
2026-09-30,M-C,gen9championsvgc2026regmcbo3,1500,176,Orthworm,0.06054,496,0.111,209,0.1,1
2026-09-30,M-C,gen9championsvgc2026regmcbo3,1500,177,Wigglytuff,0.05852,430,0.096,138,0.066,1
2026-09-30,M-C,gen9championsvgc2026regmcbo3,1500,178,Tauros-Paldea-Aqua,0.05849,461,0.103,220,0.105,1
2026-09-30,M-C,gen9championsvgc2026regmcbo3,1500,179,Gallade-Mega,0.0581,574,0.128,228,0.109,1
2026-09-30,M-C,gen9championsvgc2026regmcbo3,1500,180,Metagross,0.05574,576,0.129,255,0.121,1
2026-09-30,M-C,gen9championsvgc2026regmcbo3,1500,181,Beedrill-Mega,0.05507,534,0.119,233,0.111,1
2026-09-30,M-C,gen9championsvgc2026regmcbo3,1500,182,Squawkabilly,0.05294,464,0.104,204,0.097,1
2026-09-30,M-C,gen9championsvgc2026regmcbo3,1500,183,Cofagrigus,0.05164,478,0.107,161,0.077,1
2026-09-30,M-C,gen9championsvgc2026regmcbo3,1500,184,Reuniclus,0.05119,334,0.075,140,0.067,1
2026-09-30,M-C,gen9championsvgc2026regmcbo3,1500,185,Excadrill-Mega,0.04949,459,0.103,186,0.089,1
2026-09-30,M-C,gen9championsvgc2026regmcbo3,1500,186,Golisopod,0.04842,300,0.067,118,0.056,1
2026-09-30,M-C,gen9championsvgc2026regmcbo3,1500,187,Gardevoir,0.04826,358,0.08,168,0.08,1
2026-09-30,M-C,gen9championsvgc2026regmcbo3,1500,188,Torterra,0.04709,403,0.09,185,0.088,1
2026-09-30,M-C,gen9championsvgc2026regmcbo3,1500,189,Floette-Eternal,0.04702,277,0.062,110,0.052,1
2026-09-30,M-C,gen9championsvgc2026regmcbo3,1500,190,Greninja,0.04663,376,0.084,149,0.071,1
2026-09-30,M-C,gen9championsvgc2026regmcbo3,1500,191,Hydrapple,0.04662,457,0.102,162,0.077,1
2026-09-30,M-C,gen9championsvgc2026regmcbo3,1500,192,Conkeldurr,0.04657,389,0.087,137,0.065,1
2026-09-30,M-C,gen9championsvgc2026regmcbo3,1500,193,Clefable-Mega,0.04327,396,0.089,183,0.087,1
2026-09-30,M-C,gen9championsvgc2026regmcbo3,1500,194,Malamar,0.04235,433,0.097,212,0.101,1
2026-09-30,M-C,gen9championsvgc2026regmcbo3,1500,195,Jolteon,0.04088,478,0.107,184,0.088,1
2026-09-30,M-C,gen9championsvgc2026regmcbo3,1500,196,Eelektross-Mega,0.04045,513,0.115,233,0.111,1
2026-09-30,M-C,gen9championsvgc2026regmcbo3,1500,197,Clawitzer,0.03953,385,0.086,198,0.094,1
2026-09-30,M-C,gen9championsvgc2026regmcbo3,1500,198,Rotom-Mow,0.03721,266,0.06,93,0.044,1
2026-09-30,M-C,gen9championsvgc2026regmcbo3,1500,199,Heracross-Mega,0.03698,343,0.077,146,0.07,1
2026-09-30,M-C,gen9championsvgc2026regmcbo3,1500,200,Quaquaval,0.03658,376,0.084,147,0.07,1
2026-09-30,M-C,gen9championsvgc2026regmcbo3,1500,201,Tauros-Paldea-Blaze,0.0363,240,0.054,120,0.057,1
2026-09-30,M-C,gen9championsvgc2026regmcbo3,1500,202,Banette-Mega,0.03584,662,0.148,314,0.149,1
2026-09-30,M-C,gen9championsvgc2026regmcbo3,1500,203,Alakazam,0.03519,347,0.078,136,0.065,1
2026-09-30,M-C,gen9championsvgc2026regmcbo3,1500,204,Serperior,0.03516,475,0.106,170,0.081,1
2026-09-30,M-C,gen9championsvgc2026regmcbo3,1500,205,Aurorus,0.03397,305,0.068,111,0.053,1
2026-09-30,M-C,gen9championsvgc2026regmcbo3,1500,206,Wyrdeer,0.03336,240,0.054,108,0.051,1
2026-09-30,M-C,gen9championsvgc2026regmcbo3,1500,207,Mr. Mime,0.0331,307,0.069,122,0.058,1
2026-09-30,M-C,gen9championsvgc2026regmcbo3,1500,208,Arboliva,0.03295,647,0.145,248,0.118,1
2026-09-30,M-C,gen9championsvgc2026regmcbo3,1500,209,Runerigus,0.03216,297,0.066,103,0.049,1
2026-09-30,M-C,gen9championsvgc2026regmcbo3,1500,210,Slowking,0.03172,367,0.082,136,0.065,1
2026-09-30,M-C,gen9championsvgc2026regmcbo3,1500,211,Garganacl,0.03149,351,0.079,147,0.07,1
2026-09-30,M-C,gen9championsvgc2026regmcbo3,1500,212,Musharna,0.0311,140,0.031,32,0.015,1
2026-09-30,M-C,gen9championsvgc2026regmcbo3,1500,213,Salazzle,0.02935,298,0.067,141,0.067,1
2026-09-30,M-C,gen9championsvgc2026regmcbo3,1500,214,Chimecho-Mega,0.02911,328,0.073,113,0.054,1
2026-09-30,M-C,gen9championsvgc2026regmcbo3,1500,215,Vaporeon,0.02854,245,0.055,114,0.054,1
2026-09-30,M-C,gen9championsvgc2026regmcbo3,1500,216,Pangoro,0.02844,155,0.035,62,0.03,1
2026-09-30,M-C,gen9championsvgc2026regmcbo3,1500,217,Medicham-Mega,0.0276,209,0.047,95,0.045,1
2026-09-30,M-C,gen9championsvgc2026regmcbo3,1500,218,Hawlucha-Mega,0.02706,269,0.06,142,0.068,1
2026-09-30,M-C,gen9championsvgc2026regmcbo3,1500,219,Lycanroc,0.02636,213,0.048,86,0.041,1
2026-09-30,M-C,gen9championsvgc2026regmcbo3,1500,220,Alcremie,0.02593,383,0.086,143,0.068,1
2026-09-30,M-C,gen9championsvgc2026regmcbo3,1500,221,Goodra,0.02543,200,0.045,73,0.035,1
2026-09-30,M-C,gen9championsvgc2026regmcbo3,1500,222,Feraligatr,0.02427,171,0.038,84,0.04,1
2026-09-30,M-C,gen9championsvgc2026regmcbo3,1500,223,Toxicroak,0.02373,177,0.04,74,0.035,1
2026-09-30,M-C,gen9championsvgc2026regmcbo3,1500,224,Gogoat,0.02288,336,0.075,106,0.05,1
2026-09-30,M-C,gen9championsvgc2026regmcbo3,1500,225,Scolipede,0.02169,192,0.043,86,0.041,1
2026-09-30,M-C,gen9championsvgc2026regmcbo3,1500,226,Chesnaught,0.02135,108,0.024,44,0.021,1
2026-09-30,M-C,gen9championsvgc2026regmcbo3,1500,227,Victreebel-Mega,0.02123,244,0.055,103,0.049,1
2026-09-30,M-C,gen9championsvgc2026regmcbo3,1500,228,Slowbro-Galar,0.02075,229,0.051,101,0.048,1
2026-09-30,M-C,gen9championsvgc2026regmcbo3,1500,229,Spiritomb,0.02062,329,0.074,145,0.069,1
2026-09-30,M-C,gen9championsvgc2026regmcbo3,1500,230,Mr. Rime,0.02039,337,0.075,184,0.088,1
2026-09-30,M-C,gen9championsvgc2026regmcbo3,1500,231,Gengar,0.02033,259,0.058,121,0.058,1
2026-09-30,M-C,gen9championsvgc2026regmcbo3,1500,232,Scovillain,0.01956,172,0.038,86,0.041,1
2026-09-30,M-C,gen9championsvgc2026regmcbo3,1500,233,Glaceon,0.01915,232,0.052,139,0.066,1
2026-09-30,M-C,gen9championsvgc2026regmcbo3,1500,234,Sharpedo-Mega,0.01842,181,0.04,88,0.042,1
2026-09-30,M-C,gen9championsvgc2026regmcbo3,1500,235,Scolipede-Mega,0.0181,170,0.038,58,0.028,1
2026-09-30,M-C,gen9championsvgc2026regmcbo3,1500,236,Rotom-Frost,0.01772,160,0.036,66,0.031,1
2026-09-30,M-C,gen9championsvgc2026regmcbo3,1500,237,Espeon,0.0177,183,0.041,75,0.036,1
2026-09-30,M-C,gen9championsvgc2026regmcbo3,1500,238,Typhlosion,0.01761,171,0.038,76,0.036,1
2026-09-30,M-C,gen9championsvgc2026regmcbo3,1500,239,Blastoise,0.01755,291,0.065,141,0.067,1
2026-09-30,M-C,gen9championsvgc2026regmcbo3,1500,240,Pikachu,0.01749,156,0.035,43,0.02,1
2026-09-30,M-C,gen9championsvgc2026regmcbo3,1500,241,Falinks-Mega,0.01685,291,0.065,78,0.037,1
2026-09-30,M-C,gen9championsvgc2026regmcbo3,1500,242,Farfetch'd,0.01671,199,0.045,82,0.039,1
2026-09-30,M-C,gen9championsvgc2026regmcbo3,1500,243,Pinsir-Mega,0.01647,151,0.034,60,0.029,1
2026-09-30,M-C,gen9championsvgc2026regmcbo3,1500,244,Infernape,0.01613,198,0.044,85,0.04,1
2026-09-30,M-C,gen9championsvgc2026regmcbo3,1500,245,Thievul,0.01589,180,0.04,79,0.038,1
2026-09-30,M-C,gen9championsvgc2026regmcbo3,1500,246,Rampardos,0.01557,119,0.027,67,0.032,1
2026-09-30,M-C,gen9championsvgc2026regmcbo3,1500,247,Lucario,0.01546,176,0.039,75,0.036,1
2026-09-30,M-C,gen9championsvgc2026regmcbo3,1500,248,Emboar-Mega,0.01443,110,0.025,29,0.014,1
2026-09-30,M-C,gen9championsvgc2026regmcbo3,1500,249,Glalie-Mega,0.01436,171,0.038,83,0.04,1
2026-09-30,M-C,gen9championsvgc2026regmcbo3,1500,250,Liepard,0.01389,171,0.038,80,0.038,1
2026-09-30,M-C,gen9championsvgc2026regmcbo3,1500,251,Meowstic-M-Mega,0.01344,169,0.038,62,0.03,1
2026-09-30,M-C,gen9championsvgc2026regmcbo3,1500,252,Passimian,0.01318,112,0.025,54,0.026,1
2026-09-30,M-C,gen9championsvgc2026regmcbo3,1500,253,Sableye-Mega,0.01285,212,0.047,106,0.05,1
2026-09-30,M-C,gen9championsvgc2026regmcbo3,1500,254,Slowbro,0.01218,152,0.034,71,0.034,1
2026-09-30,M-C,gen9championsvgc2026regmcbo3,1500,255,Mabosstiff,0.0111,112,0.025,45,0.021,1
2026-09-30,M-C,gen9championsvgc2026regmcbo3,1500,256,Charizard,0.01107,144,0.032,71,0.034,1
2026-09-30,M-C,gen9championsvgc2026regmcbo3,1500,257,Roserade,0.01067,100,0.022,37,0.018,1
2026-09-30,M-C,gen9championsvgc2026regmcbo3,1500,258,Leafeon,0.01025,130,0.029,63,0.03,1
2026-09-30,M-C,gen9championsvgc2026regmcbo3,1500,259,Audino,0.01013,180,0.04,92,0.044,1
2026-09-30,M-C,gen9championsvgc2026regmcbo3,1500,260,Polteageist,0.00926,153,0.034,51,0.024,1
2026-09-30,M-C,gen9championsvgc2026regmcbo3,1500,261,Swalot,0.00918,78,0.017,28,0.013,1
2026-09-30,M-C,gen9championsvgc2026regmcbo3,1500,262,Sceptile,0.00914,110,0.025,56,0.027,1
2026-09-30,M-C,gen9championsvgc2026regmcbo3,1500,263,Tyrantrum,0.0091,98,0.022,44,0.021,1
2026-09-30,M-C,gen9championsvgc2026regmcbo3,1500,264,Aromatisse,0.0086,121,0.027,45,0.021,1
2026-09-30,M-C,gen9championsvgc2026regmcbo3,1500,265,Machamp,0.00859,130,0.029,56,0.027,1
2026-09-30,M-C,gen9championsvgc2026regmcbo3,1500,266,Diggersby,0.00841,94,0.021,49,0.023,1
2026-09-30,M-C,gen9championsvgc2026regmcbo3,1500,267,Froslass,0.00818,89,0.02,32,0.015,1
2026-09-30,M-C,gen9championsvgc2026regmcbo3,1500,268,Castform,0.00814,76,0.017,15,0.007,1
2026-09-30,M-C,gen9championsvgc2026regmcbo3,1500,269,Manectric,0.00804,55,0.012,22,0.01,1
2026-09-30,M-C,gen9championsvgc2026regmcbo3,1500,270,Forretress,0.00775,62,0.014,13,0.006,1
2026-09-30,M-C,gen9championsvgc2026regmcbo3,1500,271,Audino-Mega,0.00764,112,0.025,28,0.013,1
2026-09-30,M-C,gen9championsvgc2026regmcbo3,1500,272,Slurpuff,0.00757,95,0.021,37,0.018,1
2026-09-30,M-C,gen9championsvgc2026regmcbo3,1500,273,Abomasnow,0.00753,91,0.02,48,0.023,1
2026-09-30,M-C,gen9championsvgc2026regmcbo3,1500,274,Emolga,0.00753,103,0.023,47,0.022,1
2026-09-30,M-C,gen9championsvgc2026regmcbo3,1500,275,Golurk,0.00734,58,0.013,24,0.011,1
2026-09-30,M-C,gen9championsvgc2026regmcbo3,1500,276,Houndoom,0.00725,88,0.02,36,0.017,1
2026-09-30,M-C,gen9championsvgc2026regmcbo3,1500,277,Flapple,0.00724,88,0.02,35,0.017,1
2026-09-30,M-C,gen9championsvgc2026regmcbo3,1500,278,Gourgeist-Super,0.00696,74,0.017,28,0.013,1
2026-09-30,M-C,gen9championsvgc2026regmcbo3,1500,279,Florges,0.00683,135,0.03,56,0.027,1
2026-09-30,M-C,gen9championsvgc2026regmcbo3,1500,280,Avalugg,0.00678,119,0.027,43,0.02,1
2026-09-30,M-C,gen9championsvgc2026regmcbo3,1500,281,Beartic,0.00674,84,0.019,26,0.012,1
2026-09-30,M-C,gen9championsvgc2026regmcbo3,1500,282,Zoroark,0.00665,64,0.014,17,0.008,1
2026-09-30,M-C,gen9championsvgc2026regmcbo3,1500,283,Ariados,0.00663,70,0.016,27,0.013,1
2026-09-30,M-C,gen9championsvgc2026regmcbo3,1500,284,Luxray,0.00646,87,0.019,35,0.017,1
2026-09-30,M-C,gen9championsvgc2026regmcbo3,1500,285,Medicham,0.00637,102,0.023,60,0.029,1
2026-09-30,M-C,gen9championsvgc2026regmcbo3,1500,286,Emboar,0.00582,58,0.013,31,0.015,1
2026-09-30,M-C,gen9championsvgc2026regmcbo3,1500,287,Trevenant,0.0058,107,0.024,41,0.02,1
2026-09-30,M-C,gen9championsvgc2026regmcbo3,1500,288,Flareon,0.00578,71,0.016,41,0.02,1
2026-09-30,M-C,gen9championsvgc2026regmcbo3,1500,289,Steelix,0.00562,51,0.011,25,0.012,1
2026-09-30,M-C,gen9championsvgc2026regmcbo3,1500,290,Starmie,0.00556,88,0.02,23,0.011,1
2026-09-30,M-C,gen9championsvgc2026regmcbo3,1500,291,Appletun,0.00533,63,0.014,13,0.006,1
2026-09-30,M-C,gen9championsvgc2026regmcbo3,1500,292,Dedenne,0.00509,55,0.012,22,0.01,1
2026-09-30,M-C,gen9championsvgc2026regmcbo3,1500,293,Decidueye,0.00464,72,0.016,27,0.013,1
2026-09-30,M-C,gen9championsvgc2026regmcbo3,1500,294,Skarmory,0.00459,53,0.012,13,0.006,1
2026-09-30,M-C,gen9championsvgc2026regmcbo3,1500,295,Dragalge,0.00452,70,0.016,26,0.012,1
2026-09-30,M-C,gen9championsvgc2026regmcbo3,1500,296,Eelektross,0.00412,55,0.012,32,0.015,1
2026-09-30,M-C,gen9championsvgc2026regmcbo3,1500,297,Avalugg-Hisui,0.00406,46,0.01,20,0.01,1
2026-09-30,M-C,gen9championsvgc2026regmcbo3,1500,298,Stunfisk,0.00372,22,0.005,10,0.005,1
2026-09-30,M-C,gen9championsvgc2026regmcbo3,1500,299,Watchog,0.00371,27,0.006,3,0.001,1
2026-09-30,M-C,gen9championsvgc2026regmcbo3,1500,300,Aggron,0.00367,63,0.014,20,0.01,1
2026-09-30,M-C,gen9championsvgc2026regmcbo3,1500,301,Sandaconda,0.00349,46,0.01,20,0.01,1
2026-09-30,M-C,gen9championsvgc2026regmcbo3,1500,302,Camerupt,0.00344,48,0.011,19,0.009,1
2026-09-30,M-C,gen9championsvgc2026regmcbo3,1500,303,Garbodor,0.00342,27,0.006,4,0.002,1
2026-09-30,M-C,gen9championsvgc2026regmcbo3,1500,304,Toucannon,0.00291,34,0.008,16,0.008,1
2026-09-30,M-C,gen9championsvgc2026regmcbo3,1500,305,Absol-Mega,0.00273,27,0.006,12,0.006,1
2026-09-30,M-C,gen9championsvgc2026regmcbo3,1500,306,Simisear,0.00263,22,0.005,10,0.005,1
2026-09-30,M-C,gen9championsvgc2026regmcbo3,1500,307,Glalie,0.00259,21,0.005,2,0.001,1
2026-09-30,M-C,gen9championsvgc2026regmcbo3,1500,308,Morpeko,0.00256,59,0.013,30,0.014,1
2026-09-30,M-C,gen9championsvgc2026regmcbo3,1500,309,Lopunny,0.00231,33,0.007,11,0.005,1
2026-09-30,M-C,gen9championsvgc2026regmcbo3,1500,310,Heracross,0.00225,33,0.007,18,0.009,1
2026-09-30,M-C,gen9championsvgc2026regmcbo3,1500,311,Arbok,0.00218,43,0.01,24,0.011,1
2026-09-30,M-C,gen9championsvgc2026regmcbo3,1500,312,Lycanroc-Midnight,0.00213,24,0.005,10,0.005,1
2026-09-30,M-C,gen9championsvgc2026regmcbo3,1500,313,Victreebel,0.00202,18,0.004,10,0.005,1
2026-09-30,M-C,gen9championsvgc2026regmcbo3,1500,314,Persian,0.00199,25,0.006,11,0.005,1
2026-09-30,M-C,gen9championsvgc2026regmcbo3,1500,315,Rotom,0.00198,31,0.007,13,0.006,1
2026-09-30,M-C,gen9championsvgc2026regmcbo3,1500,316,Samurott,0.00181,14,0.003,3,0.001,1
2026-09-30,M-C,gen9championsvgc2026regmcbo3,1500,317,Simipour,0.0018,25,0.006,11,0.005,1
2026-09-30,M-C,gen9championsvgc2026regmcbo3,1500,318,Falinks,0.00173,21,0.005,9,0.004,1
2026-09-30,M-C,gen9championsvgc2026regmcbo3,1500,319,Gourgeist-Small,0.0016,19,0.004,5,0.002,1
2026-09-30,M-C,gen9championsvgc2026regmcbo3,1500,320,Ampharos,0.0016,45,0.01,16,0.008,1
2026-09-30,M-C,gen9championsvgc2026regmcbo3,1500,321,Absol,0.00151,42,0.009,6,0.003,1
2026-09-30,M-C,gen9championsvgc2026regmcbo3,1500,322,Mawile,0.00149,26,0.006,13,0.006,1
2026-09-30,M-C,gen9championsvgc2026regmcbo3,1500,323,Tauros,0.00145,13,0.003,6,0.003,1
2026-09-30,M-C,gen9championsvgc2026regmcbo3,1500,324,Gourgeist,0.00141,13,0.003,6,0.003,1
2026-09-30,M-C,gen9championsvgc2026regmcbo3,1500,325,Chimecho,0.00141,34,0.008,8,0.004,1
2026-09-30,M-C,gen9championsvgc2026regmcbo3,1500,326,Simisage,0.0014,10,0.002,2,0.001,1
2026-09-30,M-C,gen9championsvgc2026regmcbo3,1500,327,Crabominable,0.00137,15,0.003,10,0.005,1
2026-09-30,M-C,gen9championsvgc2026regmcbo3,1500,328,Barbaracle,0.00124,10,0.002,3,0.001,1
2026-09-30,M-C,gen9championsvgc2026regmcbo3,1500,329,Pinsir,0.00118,9,0.002,2,0.001,1
2026-09-30,M-C,gen9championsvgc2026regmcbo3,1500,330,Stunfisk-Galar,0.00118,27,0.006,14,0.007,1
2026-09-30,M-C,gen9championsvgc2026regmcbo3,1500,331,Tauros-Paldea-Combat,0.0011,7,0.002,1,0.0,1
2026-09-30,M-C,gen9championsvgc2026regmcbo3,1500,332,Gourgeist-Large,0.00108,13,0.003,6,0.003,1
2026-09-30,M-C,gen9championsvgc2026regmcbo3,1500,333,Furfrou,0.00077,8,0.002,2,0.001,1
2026-09-30,M-C,gen9championsvgc2026regmcbo3,1500,334,Rotom-Fan,0.00076,11,0.002,4,0.002,1
2026-09-30,M-C,gen9championsvgc2026regmcbo3,1500,335,Pidgeot,0.00074,8,0.002,3,0.001,1
2026-09-30,M-C,gen9championsvgc2026regmcbo3,1500,336,Qwilfish,0.00068,13,0.003,7,0.003,1
2026-09-30,M-C,gen9championsvgc2026regmcbo3,1500,337,Beedrill,0.00055,3,0.001,0,0.0,1
2026-09-30,M-C,gen9championsvgc2026regmcbo3,1500,338,Sharpedo,0.00047,9,0.002,3,0.001,1
2026-09-30,M-C,gen9championsvgc2026regmcbo3,1500,339,Banette,0.0004,3,0.001,1,0.0,1
2026-09-30,M-C,gen9championsvgc2026regmcbo3,1500,340,Pyroar,0.00024,4,0.001,2,0.001,1
2026-09-30,M-C,gen9championsvgc2026regmcbo3,1500,341,Meganium,0.00023,2,0.0,0,0.0,1
2026-09-30,M-C,gen9championsvgc2026regmcbo3,1630,1,Rillaboom,55.77016,229704,51.393,120007,57.135,1
2026-09-30,M-C,gen9championsvgc2026regmcbo3,1630,2,Sneasler,42.59141,183351,41.022,91303,43.469,1
2026-09-30,M-C,gen9championsvgc2026regmcbo3,1630,3,Incineroar,40.46898,157805,35.307,98859,47.067,1
2026-09-30,M-C,gen9championsvgc2026regmcbo3,1630,4,Kingambit,30.58799,112688,25.212,55397,26.375,1
2026-09-30,M-C,gen9championsvgc2026regmcbo3,1630,5,Gholdengo,27.13932,103650,23.19,52925,25.198,1
2026-09-30,M-C,gen9championsvgc2026regmcbo3,1630,6,Salamence-Mega,25.21747,119757,26.794,44056,20.975,1
2026-09-30,M-C,gen9championsvgc2026regmcbo3,1630,7,Raichu-Mega-Y,22.21117,79750,17.843,28615,13.624,1
2026-09-30,M-C,gen9championsvgc2026regmcbo3,1630,8,Basculegion,17.29789,80875,18.095,42594,20.279,1
2026-09-30,M-C,gen9championsvgc2026regmcbo3,1630,9,Floette-Mega,16.58622,61176,13.687,17296,8.235,1
2026-09-30,M-C,gen9championsvgc2026regmcbo3,1630,10,Arcanine-Hisui,16.17342,64643,14.463,36795,17.518,1
2026-09-30,M-C,gen9championsvgc2026regmcbo3,1630,11,Charizard-Mega-Y,15.98069,52983,11.854,21692,10.328,1
2026-09-30,M-C,gen9championsvgc2026regmcbo3,1630,12,Indeedee-F,14.91261,83112,18.595,45685,21.751,1
2026-09-30,M-C,gen9championsvgc2026regmcbo3,1630,13,Farigiraf,14.44391,69713,15.597,32555,15.499,1
2026-09-30,M-C,gen9championsvgc2026regmcbo3,1630,14,Archaludon,13.35607,50573,11.315,27867,13.268,1
2026-09-30,M-C,gen9championsvgc2026regmcbo3,1630,15,Sylveon,12.93476,50467,11.291,21548,10.259,1
2026-09-30,M-C,gen9championsvgc2026regmcbo3,1630,16,Garchomp-Mega-Z,11.44028,41335,9.248,16554,7.881,1
2026-09-30,M-C,gen9championsvgc2026regmcbo3,1630,17,Volcarona,11.16753,41310,9.243,20372,9.699,1
2026-09-30,M-C,gen9championsvgc2026regmcbo3,1630,18,Garchomp,10.08086,38464,8.606,19957,9.502,1
2026-09-30,M-C,gen9championsvgc2026regmcbo3,1630,19,Milotic,9.91156,54655,12.228,21763,10.361,1
2026-09-30,M-C,gen9championsvgc2026regmcbo3,1630,20,Staraptor-Mega,9.90598,38334,8.577,13285,6.325,1
2026-09-30,M-C,gen9championsvgc2026regmcbo3,1630,21,Pelipper,9.31712,48239,10.793,27878,13.273,1
2026-09-30,M-C,gen9championsvgc2026regmcbo3,1630,22,Golisopod-Mega,8.56323,56830,12.715,23458,11.168,1
2026-09-30,M-C,gen9championsvgc2026regmcbo3,1630,23,Gengar-Mega,8.46797,26296,5.883,12249,5.832,1
2026-09-30,M-C,gen9championsvgc2026regmcbo3,1630,24,Politoed,6.95433,23857,5.338,13091,6.233,1
2026-09-30,M-C,gen9championsvgc2026regmcbo3,1630,25,Froslass-Mega,6.6287,25138,5.624,8193,3.901,1
2026-09-30,M-C,gen9championsvgc2026regmcbo3,1630,26,Whimsicott,6.42694,36003,8.055,15239,7.255,1
2026-09-30,M-C,gen9championsvgc2026regmcbo3,1630,27,Kommo-o,6.15782,17494,3.914,7431,3.538,1
2026-09-30,M-C,gen9championsvgc2026regmcbo3,1630,28,Grimmsnarl,6.09715,21677,4.85,10036,4.778,1
2026-09-30,M-C,gen9championsvgc2026regmcbo3,1630,29,Gardevoir-Mega,5.6953,34649,7.752,14519,6.913,1
2026-09-30,M-C,gen9championsvgc2026regmcbo3,1630,30,Sinistcha,5.62467,31068,6.951,15191,7.232,1
2026-09-30,M-C,gen9championsvgc2026regmcbo3,1630,31,Tyranitar-Mega,5.60284,29223,6.538,14850,7.07,1
2026-09-30,M-C,gen9championsvgc2026regmcbo3,1630,32,Indeedee,5.52531,28100,6.287,15325,7.296,1
2026-09-30,M-C,gen9championsvgc2026regmcbo3,1630,33,Excadrill,5.45315,25968,5.81,13004,6.191,1
2026-09-30,M-C,gen9championsvgc2026regmcbo3,1630,34,Delphox-Mega,5.03019,19872,4.446,7212,3.434,1
2026-09-30,M-C,gen9championsvgc2026regmcbo3,1630,35,Venusaur,4.93133,13648,3.054,5642,2.686,1
2026-09-30,M-C,gen9championsvgc2026regmcbo3,1630,36,Armarouge,4.67142,21534,4.818,11593,5.519,1
2026-09-30,M-C,gen9championsvgc2026regmcbo3,1630,37,Dragonite-Mega,4.66353,15716,3.516,5787,2.755,1
2026-09-30,M-C,gen9championsvgc2026regmcbo3,1630,38,Metagross-Mega,4.35857,23158,5.181,8389,3.994,1
2026-09-30,M-C,gen9championsvgc2026regmcbo3,1630,39,Swampert-Mega,3.83436,15710,3.515,6059,2.885,1
2026-09-30,M-C,gen9championsvgc2026regmcbo3,1630,40,Torkoal,3.35572,17663,3.952,9718,4.627,1
2026-09-30,M-C,gen9championsvgc2026regmcbo3,1630,41,Annihilape,3.2944,13328,2.982,6058,2.884,1
2026-09-30,M-C,gen9championsvgc2026regmcbo3,1630,42,Aerodactyl-Mega,3.27838,10929,2.445,3228,1.537,1
2026-09-30,M-C,gen9championsvgc2026regmcbo3,1630,43,Primarina,3.04207,15202,3.401,7315,3.483,1
2026-09-30,M-C,gen9championsvgc2026regmcbo3,1630,44,Glimmora-Mega,3.01149,11783,2.636,4817,2.293,1
2026-09-30,M-C,gen9championsvgc2026regmcbo3,1630,45,Dragapult,2.65951,10177,2.277,4641,2.21,1
2026-09-30,M-C,gen9championsvgc2026regmcbo3,1630,46,Lucario-Mega-Z,2.1592,16756,3.749,5494,2.616,1
2026-09-30,M-C,gen9championsvgc2026regmcbo3,1630,47,Corviknight,2.10428,12336,2.76,4581,2.181,1
2026-09-30,M-C,gen9championsvgc2026regmcbo3,1630,48,Pawmot,1.88788,11306,2.53,5622,2.677,1
2026-09-30,M-C,gen9championsvgc2026regmcbo3,1630,49,Ceruledge,1.88687,10652,2.383,5329,2.537,1
2026-09-30,M-C,gen9championsvgc2026regmcbo3,1630,50,Vivillon,1.80327,6188,1.384,2849,1.356,1
2026-09-30,M-C,gen9championsvgc2026regmcbo3,1630,51,Camerupt-Mega,1.76568,10354,2.317,6241,2.971,1
2026-09-30,M-C,gen9championsvgc2026regmcbo3,1630,52,Blastoise-Mega,1.68715,9685,2.167,3030,1.443,1
2026-09-30,M-C,gen9championsvgc2026regmcbo3,1630,53,Ninetales-Alola,1.6767,12542,2.806,5115,2.435,1
2026-09-30,M-C,gen9championsvgc2026regmcbo3,1630,54,Maushold,1.65097,11033,2.468,4643,2.211,1
2026-09-30,M-C,gen9championsvgc2026regmcbo3,1630,55,Glimmora,1.4734,6328,1.416,3098,1.475,1
2026-09-30,M-C,gen9championsvgc2026regmcbo3,1630,56,Hatterene,1.35373,11177,2.501,5375,2.559,1
2026-09-30,M-C,gen9championsvgc2026regmcbo3,1630,57,Blaziken-Mega,1.17354,5470,1.224,2233,1.063,1
2026-09-30,M-C,gen9championsvgc2026regmcbo3,1630,58,Toxapex,1.15132,5552,1.242,2580,1.228,1
2026-09-30,M-C,gen9championsvgc2026regmcbo3,1630,59,Talonflame,1.14858,8577,1.919,3489,1.661,1
2026-09-30,M-C,gen9championsvgc2026regmcbo3,1630,60,Baxcalibur-Mega,1.11017,13307,2.977,5372,2.558,1
2026-09-30,M-C,gen9championsvgc2026regmcbo3,1630,61,Tyranitar,0.93913,6682,1.495,3437,1.636,1
2026-09-30,M-C,gen9championsvgc2026regmcbo3,1630,62,Espathra,0.86345,3461,0.774,1721,0.819,1
2026-09-30,M-C,gen9championsvgc2026regmcbo3,1630,63,Hydreigon,0.85503,5762,1.289,2670,1.271,1
2026-09-30,M-C,gen9championsvgc2026regmcbo3,1630,64,Aegislash,0.82975,6007,1.344,3110,1.481,1
2026-09-30,M-C,gen9championsvgc2026regmcbo3,1630,65,Pyroar-Mega,0.81554,2972,0.665,1185,0.564,1
2026-09-30,M-C,gen9championsvgc2026regmcbo3,1630,66,Garchomp-Mega,0.74393,2318,0.519,1054,0.502,1
2026-09-30,M-C,gen9championsvgc2026regmcbo3,1630,67,Absol-Mega-Z,0.71401,6737,1.507,2410,1.147,1
2026-09-30,M-C,gen9championsvgc2026regmcbo3,1630,68,Kangaskhan-Mega,0.70668,1756,0.393,702,0.334,1
2026-09-30,M-C,gen9championsvgc2026regmcbo3,1630,69,Aerodactyl,0.69496,4822,1.079,1839,0.876,1
2026-09-30,M-C,gen9championsvgc2026regmcbo3,1630,70,Scovillain-Mega,0.64411,4602,1.03,1443,0.687,1
2026-09-30,M-C,gen9championsvgc2026regmcbo3,1630,71,Dragonite,0.62992,4240,0.949,1706,0.812,1
2026-09-30,M-C,gen9championsvgc2026regmcbo3,1630,72,Mawile-Mega,0.59826,4718,1.056,2012,0.958,1
2026-09-30,M-C,gen9championsvgc2026regmcbo3,1630,73,Lycanroc-Dusk,0.55971,3325,0.744,1204,0.573,1
2026-09-30,M-C,gen9championsvgc2026regmcbo3,1630,74,Clefable,0.47591,3047,0.682,1463,0.697,1
2026-09-30,M-C,gen9championsvgc2026regmcbo3,1630,75,Meowstic-F-Mega,0.45991,2185,0.489,755,0.359,1
2026-09-30,M-C,gen9championsvgc2026regmcbo3,1630,76,Raichu-Mega-X,0.44687,3223,0.721,1447,0.689,1
2026-09-30,M-C,gen9championsvgc2026regmcbo3,1630,77,Typhlosion-Hisui,0.43417,3852,0.862,2003,0.954,1
2026-09-30,M-C,gen9championsvgc2026regmcbo3,1630,78,Hippowdon,0.39522,891,0.199,473,0.225,1
2026-09-30,M-C,gen9championsvgc2026regmcbo3,1630,79,Grapploct,0.36838,2103,0.471,917,0.437,1
2026-09-30,M-C,gen9championsvgc2026regmcbo3,1630,80,Manectric-Mega,0.3618,1120,0.251,422,0.201,1
2026-09-30,M-C,gen9championsvgc2026regmcbo3,1630,81,Venusaur-Mega,0.35189,2173,0.486,865,0.412,1
2026-09-30,M-C,gen9championsvgc2026regmcbo3,1630,82,Tsareena,0.35094,2789,0.624,1249,0.595,1
2026-09-30,M-C,gen9championsvgc2026regmcbo3,1630,83,Rotom-Wash,0.34976,4672,1.045,2106,1.003,1
2026-09-30,M-C,gen9championsvgc2026regmcbo3,1630,84,Swampert,0.34577,1410,0.315,704,0.335,1
2026-09-30,M-C,gen9championsvgc2026regmcbo3,1630,85,Kleavor,0.34566,2183,0.488,1036,0.493,1
2026-09-30,M-C,gen9championsvgc2026regmcbo3,1630,86,Mamoswine,0.33868,2705,0.605,1281,0.61,1
2026-09-30,M-C,gen9championsvgc2026regmcbo3,1630,87,Lopunny-Mega,0.29466,2924,0.654,955,0.455,1
2026-09-30,M-C,gen9championsvgc2026regmcbo3,1630,88,Klefki,0.28699,1649,0.369,741,0.353,1
2026-09-30,M-C,gen9championsvgc2026regmcbo3,1630,89,Sableye,0.28644,5140,1.15,2235,1.064,1
2026-09-30,M-C,gen9championsvgc2026regmcbo3,1630,90,Rotom-Heat,0.28304,2468,0.552,1304,0.621,1
2026-09-30,M-C,gen9championsvgc2026regmcbo3,1630,91,Blaziken,0.27883,2390,0.535,1245,0.593,1
2026-09-30,M-C,gen9championsvgc2026regmcbo3,1630,92,Baxcalibur,0.27816,2014,0.451,814,0.388,1
2026-09-30,M-C,gen9championsvgc2026regmcbo3,1630,93,Altaria,0.26474,1186,0.265,266,0.127,1
2026-09-30,M-C,gen9championsvgc2026regmcbo3,1630,94,Gallade,0.2515,3127,0.7,1314,0.626,1
2026-09-30,M-C,gen9championsvgc2026regmcbo3,1630,95,Sceptile-Mega,0.24819,1319,0.295,477,0.227,1
2026-09-30,M-C,gen9championsvgc2026regmcbo3,1630,96,Empoleon,0.2473,2056,0.46,822,0.391,1
2026-09-30,M-C,gen9championsvgc2026regmcbo3,1630,97,Sirfetch'd,0.22495,2691,0.602,1257,0.598,1
2026-09-30,M-C,gen9championsvgc2026regmcbo3,1630,98,Kangaskhan,0.22016,1217,0.272,489,0.233,1
2026-09-30,M-C,gen9championsvgc2026regmcbo3,1630,99,Starmie-Mega,0.20272,1401,0.313,584,0.278,1
2026-09-30,M-C,gen9championsvgc2026regmcbo3,1630,100,Vanilluxe,0.19978,1228,0.275,530,0.252,1
2026-09-30,M-C,gen9championsvgc2026regmcbo3,1630,101,Snorlax,0.19721,1453,0.325,587,0.279,1
2026-09-30,M-C,gen9championsvgc2026regmcbo3,1630,102,Scrafty-Mega,0.19356,1896,0.424,904,0.43,1
2026-09-30,M-C,gen9championsvgc2026regmcbo3,1630,103,Barbaracle-Mega,0.19072,312,0.07,145,0.069,1
2026-09-30,M-C,gen9championsvgc2026regmcbo3,1630,104,Meganium-Mega,0.18978,2503,0.56,948,0.451,1
2026-09-30,M-C,gen9championsvgc2026regmcbo3,1630,105,Toxtricity,0.18577,2226,0.498,1151,0.548,1
2026-09-30,M-C,gen9championsvgc2026regmcbo3,1630,106,Weavile,0.17824,1729,0.387,818,0.389,1
2026-09-30,M-C,gen9championsvgc2026regmcbo3,1630,107,Tinkaton,0.15214,1482,0.332,631,0.3,1
2026-09-30,M-C,gen9championsvgc2026regmcbo3,1630,108,Scrafty,0.15147,1016,0.227,442,0.21,1
2026-09-30,M-C,gen9championsvgc2026regmcbo3,1630,109,Gliscor,0.15117,1102,0.247,533,0.254,1
2026-09-30,M-C,gen9championsvgc2026regmcbo3,1630,110,Goodra-Hisui,0.149,1297,0.29,529,0.252,1
2026-09-30,M-C,gen9championsvgc2026regmcbo3,1630,111,Staraptor,0.14608,1464,0.328,534,0.254,1
2026-09-30,M-C,gen9championsvgc2026regmcbo3,1630,112,Mudsdale,0.1446,744,0.166,321,0.153,1
2026-09-30,M-C,gen9championsvgc2026regmcbo3,1630,113,Alakazam-Mega,0.13894,2603,0.582,1100,0.524,1
2026-09-30,M-C,gen9championsvgc2026regmcbo3,1630,114,Palafin,0.13424,1973,0.441,976,0.465,1
2026-09-30,M-C,gen9championsvgc2026regmcbo3,1630,115,Vileplume,0.13195,968,0.217,269,0.128,1
2026-09-30,M-C,gen9championsvgc2026regmcbo3,1630,116,Arcanine,0.12231,652,0.146,324,0.154,1
2026-09-30,M-C,gen9championsvgc2026regmcbo3,1630,117,Raichu,0.11972,757,0.169,276,0.131,1
2026-09-30,M-C,gen9championsvgc2026regmcbo3,1630,118,Samurott-Hisui,0.11906,1154,0.258,525,0.25,1
2026-09-30,M-C,gen9championsvgc2026regmcbo3,1630,119,Rhyperior,0.11443,621,0.139,316,0.15,1
2026-09-30,M-C,gen9championsvgc2026regmcbo3,1630,120,Crabominable-Mega,0.10925,1521,0.34,513,0.244,1
2026-09-30,M-C,gen9championsvgc2026regmcbo3,1630,121,Altaria-Mega,0.09879,657,0.147,230,0.11,1
2026-09-30,M-C,gen9championsvgc2026regmcbo3,1630,122,Gyarados-Mega,0.09648,1336,0.299,481,0.229,1
2026-09-30,M-C,gen9championsvgc2026regmcbo3,1630,123,Charizard-Mega-X,0.09381,1603,0.359,595,0.283,1
2026-09-30,M-C,gen9championsvgc2026regmcbo3,1630,124,Abomasnow-Mega,0.0933,776,0.174,304,0.145,1
2026-09-30,M-C,gen9championsvgc2026regmcbo3,1630,125,Greninja-Mega,0.09152,795,0.178,319,0.152,1
2026-09-30,M-C,gen9championsvgc2026regmcbo3,1630,126,Meowscarada,0.09041,1692,0.379,698,0.332,1
2026-09-30,M-C,gen9championsvgc2026regmcbo3,1630,127,Azumarill,0.08851,848,0.19,391,0.186,1
2026-09-30,M-C,gen9championsvgc2026regmcbo3,1630,128,Zoroark-Hisui,0.08687,2377,0.532,737,0.351,1
2026-09-30,M-C,gen9championsvgc2026regmcbo3,1630,129,Aggron-Mega,0.07913,990,0.221,323,0.154,1
2026-09-30,M-C,gen9championsvgc2026regmcbo3,1630,130,Lucario-Mega,0.07869,1050,0.235,467,0.222,1
2026-09-30,M-C,gen9championsvgc2026regmcbo3,1630,131,Mimikyu,0.074,1135,0.254,421,0.2,1
2026-09-30,M-C,gen9championsvgc2026regmcbo3,1630,132,Ninetales,0.07351,812,0.182,357,0.17,1
2026-09-30,M-C,gen9championsvgc2026regmcbo3,1630,133,Basculegion-F,0.07195,447,0.1,223,0.106,1
2026-09-30,M-C,gen9championsvgc2026regmcbo3,1630,134,Steelix-Mega,0.07189,909,0.203,438,0.209,1
2026-09-30,M-C,gen9championsvgc2026regmcbo3,1630,135,Pidgeot-Mega,0.07138,539,0.121,122,0.058,1
2026-09-30,M-C,gen9championsvgc2026regmcbo3,1630,136,Houndoom-Mega,0.06798,432,0.097,161,0.077,1
2026-09-30,M-C,gen9championsvgc2026regmcbo3,1630,137,Delphox,0.06743,540,0.121,268,0.128,1
2026-09-30,M-C,gen9championsvgc2026regmcbo3,1630,138,Krookodile,0.06608,771,0.173,388,0.185,1
2026-09-30,M-C,gen9championsvgc2026regmcbo3,1630,139,Slowbro-Mega,0.06231,737,0.165,272,0.129,1
2026-09-30,M-C,gen9championsvgc2026regmcbo3,1630,140,Scizor,0.06138,1448,0.324,551,0.262,1
2026-09-30,M-C,gen9championsvgc2026regmcbo3,1630,141,Salamence,0.05825,769,0.172,335,0.159,1
2026-09-30,M-C,gen9championsvgc2026regmcbo3,1630,142,Skarmory-Mega,0.05802,663,0.148,221,0.105,1
2026-09-30,M-C,gen9championsvgc2026regmcbo3,1630,143,Inteleon,0.05788,1709,0.382,800,0.381,1
2026-09-30,M-C,gen9championsvgc2026regmcbo3,1630,144,Pincurchin,0.0563,1624,0.363,761,0.362,1
2026-09-30,M-C,gen9championsvgc2026regmcbo3,1630,145,Araquanid,0.05569,1585,0.355,619,0.295,1
2026-09-30,M-C,gen9championsvgc2026regmcbo3,1630,146,Persian-Alola,0.055,610,0.136,267,0.127,1
2026-09-30,M-C,gen9championsvgc2026regmcbo3,1630,147,Umbreon,0.05352,613,0.137,263,0.125,1
2026-09-30,M-C,gen9championsvgc2026regmcbo3,1630,148,Gardevoir,0.05296,358,0.08,168,0.08,1
2026-09-30,M-C,gen9championsvgc2026regmcbo3,1630,149,Orthworm,0.0515,496,0.111,209,0.1,1
2026-09-30,M-C,gen9championsvgc2026regmcbo3,1630,150,Bellibolt,0.04917,478,0.107,256,0.122,1
2026-09-30,M-C,gen9championsvgc2026regmcbo3,1630,151,Drampa-Mega,0.04878,608,0.136,216,0.103,1
2026-09-30,M-C,gen9championsvgc2026regmcbo3,1630,152,Drampa,0.0473,662,0.148,213,0.101,1
2026-09-30,M-C,gen9championsvgc2026regmcbo3,1630,153,Gyarados,0.04473,710,0.159,315,0.15,1
2026-09-30,M-C,gen9championsvgc2026regmcbo3,1630,154,Reuniclus,0.04259,334,0.075,140,0.067,1
2026-09-30,M-C,gen9championsvgc2026regmcbo3,1630,155,Slowking-Galar,0.04231,892,0.2,408,0.194,1
2026-09-30,M-C,gen9championsvgc2026regmcbo3,1630,156,Ditto,0.04161,868,0.194,423,0.201,1
2026-09-30,M-C,gen9championsvgc2026regmcbo3,1630,157,Floette-Eternal,0.04018,277,0.062,110,0.052,1
2026-09-30,M-C,gen9championsvgc2026regmcbo3,1630,158,Hydrapple,0.04017,457,0.102,162,0.077,1
2026-09-30,M-C,gen9championsvgc2026regmcbo3,1630,159,Ampharos-Mega,0.03954,634,0.142,273,0.13,1
2026-09-30,M-C,gen9championsvgc2026regmcbo3,1630,160,Chesnaught-Mega,0.03945,823,0.184,299,0.142,1
2026-09-30,M-C,gen9championsvgc2026regmcbo3,1630,161,Golurk-Mega,0.03825,759,0.17,351,0.167,1
2026-09-30,M-C,gen9championsvgc2026regmcbo3,1630,162,Meowstic,0.03756,643,0.144,259,0.123,1
2026-09-30,M-C,gen9championsvgc2026regmcbo3,1630,163,Decidueye-Hisui,0.03625,426,0.095,194,0.092,1
2026-09-30,M-C,gen9championsvgc2026regmcbo3,1630,164,Scizor-Mega,0.03602,949,0.212,342,0.163,1
2026-09-30,M-C,gen9championsvgc2026regmcbo3,1630,165,Overqwil,0.0356,818,0.183,369,0.176,1
2026-09-30,M-C,gen9championsvgc2026regmcbo3,1630,166,Cinderace,0.0342,942,0.211,454,0.216,1
2026-09-30,M-C,gen9championsvgc2026regmcbo3,1630,167,Noivern,0.03404,489,0.109,206,0.098,1
2026-09-30,M-C,gen9championsvgc2026regmcbo3,1630,168,Tauros-Paldea-Aqua,0.03373,461,0.103,220,0.105,1
2026-09-30,M-C,gen9championsvgc2026regmcbo3,1630,169,Wigglytuff,0.033,430,0.096,138,0.066,1
2026-09-30,M-C,gen9championsvgc2026regmcbo3,1630,170,Chandelure-Mega,0.03181,807,0.181,367,0.175,1
2026-09-30,M-C,gen9championsvgc2026regmcbo3,1630,171,Rotom-Mow,0.03096,266,0.06,93,0.044,1
2026-09-30,M-C,gen9championsvgc2026regmcbo3,1630,172,Skeledirge,0.03003,591,0.132,308,0.147,1
2026-09-30,M-C,gen9championsvgc2026regmcbo3,1630,173,Golisopod,0.02813,300,0.067,118,0.056,1
2026-09-30,M-C,gen9championsvgc2026regmcbo3,1630,174,Houndstone,0.02783,454,0.102,205,0.098,1
2026-09-30,M-C,gen9championsvgc2026regmcbo3,1630,175,Conkeldurr,0.02495,389,0.087,137,0.065,1
2026-09-30,M-C,gen9championsvgc2026regmcbo3,1630,176,Heliolisk,0.02305,581,0.13,234,0.111,1
2026-09-30,M-C,gen9championsvgc2026regmcbo3,1630,177,Squawkabilly,0.02302,464,0.104,204,0.097,1
2026-09-30,M-C,gen9championsvgc2026regmcbo3,1630,178,Heracross-Mega,0.02271,343,0.077,146,0.07,1
2026-09-30,M-C,gen9championsvgc2026regmcbo3,1630,179,Chandelure,0.02271,372,0.083,155,0.074,1
2026-09-30,M-C,gen9championsvgc2026regmcbo3,1630,180,Beedrill-Mega,0.02241,534,0.119,233,0.111,1
2026-09-30,M-C,gen9championsvgc2026regmcbo3,1630,181,Mr. Mime,0.02228,307,0.069,122,0.058,1
2026-09-30,M-C,gen9championsvgc2026regmcbo3,1630,182,Oranguru,0.02122,726,0.162,294,0.14,1
2026-09-30,M-C,gen9championsvgc2026regmcbo3,1630,183,Excadrill-Mega,0.01996,459,0.103,186,0.089,1
2026-09-30,M-C,gen9championsvgc2026regmcbo3,1630,184,Malamar-Mega,0.01959,652,0.146,265,0.126,1
2026-09-30,M-C,gen9championsvgc2026regmcbo3,1630,185,Musharna,0.01928,140,0.031,32,0.015,1
2026-09-30,M-C,gen9championsvgc2026regmcbo3,1630,186,Slowking,0.01851,367,0.082,136,0.065,1
2026-09-30,M-C,gen9championsvgc2026regmcbo3,1630,187,Dragalge-Mega,0.01811,955,0.214,440,0.209,1
2026-09-30,M-C,gen9championsvgc2026regmcbo3,1630,188,Tauros-Paldea-Blaze,0.01809,240,0.054,120,0.057,1
2026-09-30,M-C,gen9championsvgc2026regmcbo3,1630,189,Banette-Mega,0.01788,662,0.148,314,0.149,1
2026-09-30,M-C,gen9championsvgc2026regmcbo3,1630,190,Feraligatr-Mega,0.01755,662,0.148,244,0.116,1
2026-09-30,M-C,gen9championsvgc2026regmcbo3,1630,191,Chesnaught,0.01685,108,0.024,44,0.021,1
2026-09-30,M-C,gen9championsvgc2026regmcbo3,1630,192,Metagross,0.01603,576,0.129,255,0.121,1
2026-09-30,M-C,gen9championsvgc2026regmcbo3,1630,193,Wyrdeer,0.01593,240,0.054,108,0.051,1
2026-09-30,M-C,gen9championsvgc2026regmcbo3,1630,194,Cofagrigus,0.01582,478,0.107,161,0.077,1
2026-09-30,M-C,gen9championsvgc2026regmcbo3,1630,195,Pikachu,0.0158,156,0.035,43,0.02,1
2026-09-30,M-C,gen9championsvgc2026regmcbo3,1630,196,Perrserker,0.01571,634,0.142,263,0.125,1
2026-09-30,M-C,gen9championsvgc2026regmcbo3,1630,197,Malamar,0.01549,433,0.097,212,0.101,1
2026-09-30,M-C,gen9championsvgc2026regmcbo3,1630,198,Clefable-Mega,0.01476,396,0.089,183,0.087,1
2026-09-30,M-C,gen9championsvgc2026regmcbo3,1630,199,Feraligatr,0.01444,171,0.038,84,0.04,1
2026-09-30,M-C,gen9championsvgc2026regmcbo3,1630,200,Quaquaval,0.01422,376,0.084,147,0.07,1
2026-09-30,M-C,gen9championsvgc2026regmcbo3,1630,201,Torterra,0.01339,403,0.09,185,0.088,1
2026-09-30,M-C,gen9championsvgc2026regmcbo3,1630,202,Pangoro,0.01329,155,0.035,62,0.03,1
2026-09-30,M-C,gen9championsvgc2026regmcbo3,1630,203,Toxicroak,0.01282,177,0.04,74,0.035,1
2026-09-30,M-C,gen9championsvgc2026regmcbo3,1630,204,Raichu-Alola,0.01273,582,0.13,294,0.14,1
2026-09-30,M-C,gen9championsvgc2026regmcbo3,1630,205,Greninja,0.01177,376,0.084,149,0.071,1
2026-09-30,M-C,gen9championsvgc2026regmcbo3,1630,206,Forretress,0.0116,62,0.014,13,0.006,1
2026-09-30,M-C,gen9championsvgc2026regmcbo3,1630,207,Clawitzer,0.01151,385,0.086,198,0.094,1
2026-09-30,M-C,gen9championsvgc2026regmcbo3,1630,208,Goodra,0.01106,200,0.045,73,0.035,1
2026-09-30,M-C,gen9championsvgc2026regmcbo3,1630,209,Hawlucha,0.01061,689,0.154,334,0.159,1
2026-09-30,M-C,gen9championsvgc2026regmcbo3,1630,210,Gallade-Mega,0.01053,574,0.128,228,0.109,1
2026-09-30,M-C,gen9championsvgc2026regmcbo3,1630,211,Jolteon,0.01043,478,0.107,184,0.088,1
2026-09-30,M-C,gen9championsvgc2026regmcbo3,1630,212,Salazzle,0.01027,298,0.067,141,0.067,1
2026-09-30,M-C,gen9championsvgc2026regmcbo3,1630,213,Garganacl,0.00875,351,0.079,147,0.07,1
2026-09-30,M-C,gen9championsvgc2026regmcbo3,1630,214,Chimecho-Mega,0.00842,328,0.073,113,0.054,1
2026-09-30,M-C,gen9championsvgc2026regmcbo3,1630,215,Scolipede-Mega,0.00825,170,0.038,58,0.028,1
2026-09-30,M-C,gen9championsvgc2026regmcbo3,1630,216,Aurorus,0.0081,305,0.068,111,0.053,1
2026-09-30,M-C,gen9championsvgc2026regmcbo3,1630,217,Typhlosion,0.0081,171,0.038,76,0.036,1
2026-09-30,M-C,gen9championsvgc2026regmcbo3,1630,218,Victreebel-Mega,0.00793,244,0.055,103,0.049,1
2026-09-30,M-C,gen9championsvgc2026regmcbo3,1630,219,Alakazam,0.00771,347,0.078,136,0.065,1
2026-09-30,M-C,gen9championsvgc2026regmcbo3,1630,220,Gogoat,0.00697,336,0.075,106,0.05,1
2026-09-30,M-C,gen9championsvgc2026regmcbo3,1630,221,Runerigus,0.00686,297,0.066,103,0.049,1
2026-09-30,M-C,gen9championsvgc2026regmcbo3,1630,222,Glaceon,0.00681,232,0.052,139,0.066,1
2026-09-30,M-C,gen9championsvgc2026regmcbo3,1630,223,Rotom-Frost,0.00659,160,0.036,66,0.031,1
2026-09-30,M-C,gen9championsvgc2026regmcbo3,1630,224,Pinsir-Mega,0.00641,151,0.034,60,0.029,1
2026-09-30,M-C,gen9championsvgc2026regmcbo3,1630,225,Mr. Rime,0.0063,337,0.075,184,0.088,1
2026-09-30,M-C,gen9championsvgc2026regmcbo3,1630,226,Polteageist,0.00614,153,0.034,51,0.024,1
2026-09-30,M-C,gen9championsvgc2026regmcbo3,1630,227,Serperior,0.00602,475,0.106,170,0.081,1
2026-09-30,M-C,gen9championsvgc2026regmcbo3,1630,228,Swalot,0.00591,78,0.017,28,0.013,1
2026-09-30,M-C,gen9championsvgc2026regmcbo3,1630,229,Medicham-Mega,0.00576,209,0.047,95,0.045,1
2026-09-30,M-C,gen9championsvgc2026regmcbo3,1630,230,Eelektross-Mega,0.00551,513,0.115,233,0.111,1
2026-09-30,M-C,gen9championsvgc2026regmcbo3,1630,231,Lucario,0.00547,176,0.039,75,0.036,1
2026-09-30,M-C,gen9championsvgc2026regmcbo3,1630,232,Vaporeon,0.00533,245,0.055,114,0.054,1
2026-09-30,M-C,gen9championsvgc2026regmcbo3,1630,233,Falinks-Mega,0.00511,291,0.065,78,0.037,1
2026-09-30,M-C,gen9championsvgc2026regmcbo3,1630,234,Emboar-Mega,0.00465,110,0.025,29,0.014,1
2026-09-30,M-C,gen9championsvgc2026regmcbo3,1630,235,Scovillain,0.00459,172,0.038,86,0.041,1
2026-09-30,M-C,gen9championsvgc2026regmcbo3,1630,236,Thievul,0.00457,180,0.04,79,0.038,1
2026-09-30,M-C,gen9championsvgc2026regmcbo3,1630,237,Froslass,0.0045,89,0.02,32,0.015,1
2026-09-30,M-C,gen9championsvgc2026regmcbo3,1630,238,Sharpedo-Mega,0.00445,181,0.04,88,0.042,1
2026-09-30,M-C,gen9championsvgc2026regmcbo3,1630,239,Espeon,0.00436,183,0.041,75,0.036,1
2026-09-30,M-C,gen9championsvgc2026regmcbo3,1630,240,Slowbro,0.00427,152,0.034,71,0.034,1
2026-09-30,M-C,gen9championsvgc2026regmcbo3,1630,241,Slowbro-Galar,0.00425,229,0.051,101,0.048,1
2026-09-30,M-C,gen9championsvgc2026regmcbo3,1630,242,Arboliva,0.00422,647,0.145,248,0.118,1
2026-09-30,M-C,gen9championsvgc2026regmcbo3,1630,243,Alcremie,0.00401,383,0.086,143,0.068,1
2026-09-30,M-C,gen9championsvgc2026regmcbo3,1630,244,Hawlucha-Mega,0.00397,269,0.06,142,0.068,1
2026-09-30,M-C,gen9championsvgc2026regmcbo3,1630,245,Farfetch'd,0.00392,199,0.045,82,0.039,1
2026-09-30,M-C,gen9championsvgc2026regmcbo3,1630,246,Liepard,0.00388,171,0.038,80,0.038,1
2026-09-30,M-C,gen9championsvgc2026regmcbo3,1630,247,Golurk,0.00373,58,0.013,24,0.011,1
2026-09-30,M-C,gen9championsvgc2026regmcbo3,1630,248,Lycanroc,0.00349,213,0.048,86,0.041,1
2026-09-30,M-C,gen9championsvgc2026regmcbo3,1630,249,Rampardos,0.00343,119,0.027,67,0.032,1
2026-09-30,M-C,gen9championsvgc2026regmcbo3,1630,250,Gourgeist-Super,0.00324,74,0.017,28,0.013,1
2026-09-30,M-C,gen9championsvgc2026regmcbo3,1630,251,Ariados,0.00313,70,0.016,27,0.013,1
2026-09-30,M-C,gen9championsvgc2026regmcbo3,1630,252,Castform,0.00294,76,0.017,15,0.007,1
2026-09-30,M-C,gen9championsvgc2026regmcbo3,1630,253,Emboar,0.00281,58,0.013,31,0.015,1
2026-09-30,M-C,gen9championsvgc2026regmcbo3,1630,254,Scolipede,0.00279,192,0.043,86,0.041,1
2026-09-30,M-C,gen9championsvgc2026regmcbo3,1630,255,Diggersby,0.00269,94,0.021,49,0.023,1
2026-09-30,M-C,gen9championsvgc2026regmcbo3,1630,256,Mabosstiff,0.00266,112,0.025,45,0.021,1
2026-09-30,M-C,gen9championsvgc2026regmcbo3,1630,257,Charizard,0.00266,144,0.032,71,0.034,1
2026-09-30,M-C,gen9championsvgc2026regmcbo3,1630,258,Blastoise,0.00265,291,0.065,141,0.067,1
2026-09-30,M-C,gen9championsvgc2026regmcbo3,1630,259,Spiritomb,0.00255,329,0.074,145,0.069,1
2026-09-30,M-C,gen9championsvgc2026regmcbo3,1630,260,Glalie-Mega,0.00254,171,0.038,83,0.04,1
2026-09-30,M-C,gen9championsvgc2026regmcbo3,1630,261,Manectric,0.00246,55,0.012,22,0.01,1
2026-09-30,M-C,gen9championsvgc2026regmcbo3,1630,262,Stunfisk,0.00236,22,0.005,10,0.005,1
2026-09-30,M-C,gen9championsvgc2026regmcbo3,1630,263,Machamp,0.00231,130,0.029,56,0.027,1
2026-09-30,M-C,gen9championsvgc2026regmcbo3,1630,264,Zoroark,0.00215,64,0.014,17,0.008,1
2026-09-30,M-C,gen9championsvgc2026regmcbo3,1630,265,Bastiodon,0.00208,302,0.068,143,0.068,1
2026-09-30,M-C,gen9championsvgc2026regmcbo3,1630,266,Sableye-Mega,0.00188,212,0.047,106,0.05,1
2026-09-30,M-C,gen9championsvgc2026regmcbo3,1630,267,Gengar,0.00178,259,0.058,121,0.058,1
2026-09-30,M-C,gen9championsvgc2026regmcbo3,1630,268,Glalie,0.00152,21,0.005,2,0.001,1
2026-09-30,M-C,gen9championsvgc2026regmcbo3,1630,269,Infernape,0.00145,198,0.044,85,0.04,1
2026-09-30,M-C,gen9championsvgc2026regmcbo3,1630,270,Starmie,0.00142,88,0.02,23,0.011,1
2026-09-30,M-C,gen9championsvgc2026regmcbo3,1630,271,Flapple,0.00131,88,0.02,35,0.017,1
2026-09-30,M-C,gen9championsvgc2026regmcbo3,1630,272,Simisear,0.00121,22,0.005,10,0.005,1
2026-09-30,M-C,gen9championsvgc2026regmcbo3,1630,273,Houndoom,0.0012,88,0.02,36,0.017,1
2026-09-30,M-C,gen9championsvgc2026regmcbo3,1630,274,Sceptile,0.0012,110,0.025,56,0.027,1
2026-09-30,M-C,gen9championsvgc2026regmcbo3,1630,275,Dragalge,0.00113,70,0.016,26,0.012,1
2026-09-30,M-C,gen9championsvgc2026regmcbo3,1630,276,Audino,0.00112,180,0.04,92,0.044,1
2026-09-30,M-C,gen9championsvgc2026regmcbo3,1630,277,Barbaracle,0.00108,10,0.002,3,0.001,1
2026-09-30,M-C,gen9championsvgc2026regmcbo3,1630,278,Aromatisse,0.00091,121,0.027,45,0.021,1
2026-09-30,M-C,gen9championsvgc2026regmcbo3,1630,279,Avalugg,0.00089,119,0.027,43,0.02,1
2026-09-30,M-C,gen9championsvgc2026regmcbo3,1630,280,Meowstic-M-Mega,0.0008,169,0.038,62,0.03,1
2026-09-30,M-C,gen9championsvgc2026regmcbo3,1630,281,Garbodor,0.00078,27,0.006,4,0.002,1
2026-09-30,M-C,gen9championsvgc2026regmcbo3,1630,282,Pinsir,0.00075,9,0.002,2,0.001,1
2026-09-30,M-C,gen9championsvgc2026regmcbo3,1630,283,Watchog,0.00075,27,0.006,3,0.001,1
2026-09-30,M-C,gen9championsvgc2026regmcbo3,1630,284,Slurpuff,0.00069,95,0.021,37,0.018,1
2026-09-30,M-C,gen9championsvgc2026regmcbo3,1630,285,Appletun,0.00064,63,0.014,13,0.006,1
2026-09-30,M-C,gen9championsvgc2026regmcbo3,1630,286,Crabominable,0.00063,15,0.003,10,0.005,1
2026-09-30,M-C,gen9championsvgc2026regmcbo3,1630,287,Abomasnow,0.00061,91,0.02,48,0.023,1
2026-09-30,M-C,gen9championsvgc2026regmcbo3,1630,288,Roserade,0.00057,100,0.022,37,0.018,1
2026-09-30,M-C,gen9championsvgc2026regmcbo3,1630,289,Gourgeist,0.00052,13,0.003,6,0.003,1
2026-09-30,M-C,gen9championsvgc2026regmcbo3,1630,290,Trevenant,0.00045,107,0.024,41,0.02,1
2026-09-30,M-C,gen9championsvgc2026regmcbo3,1630,291,Luxray,0.00044,87,0.019,35,0.017,1
2026-09-30,M-C,gen9championsvgc2026regmcbo3,1630,292,Emolga,0.00041,103,0.023,47,0.022,1
2026-09-30,M-C,gen9championsvgc2026regmcbo3,1630,293,Absol-Mega,0.00039,27,0.006,12,0.006,1
2026-09-30,M-C,gen9championsvgc2026regmcbo3,1630,294,Samurott,0.00036,14,0.003,3,0.001,1
2026-09-30,M-C,gen9championsvgc2026regmcbo3,1630,295,Steelix,0.00033,51,0.011,25,0.012,1
2026-09-30,M-C,gen9championsvgc2026regmcbo3,1630,296,Audino-Mega,0.00033,112,0.025,28,0.013,1
2026-09-30,M-C,gen9championsvgc2026regmcbo3,1630,297,Tyrantrum,0.00032,98,0.022,44,0.021,1
2026-09-30,M-C,gen9championsvgc2026regmcbo3,1630,298,Beartic,0.0003,84,0.019,26,0.012,1
2026-09-30,M-C,gen9championsvgc2026regmcbo3,1630,299,Flareon,0.00029,71,0.016,41,0.02,1
2026-09-30,M-C,gen9championsvgc2026regmcbo3,1630,300,Medicham,0.00023,102,0.023,60,0.029,1
2026-09-30,M-C,gen9championsvgc2026regmcbo3,1630,301,Rotom,0.00022,31,0.007,13,0.006,1
2026-09-30,M-C,gen9championsvgc2026regmcbo3,1630,302,Toucannon,0.00022,34,0.008,16,0.008,1
2026-09-30,M-C,gen9championsvgc2026regmcbo3,1630,303,Rotom-Fan,0.00022,11,0.002,4,0.002,1
2026-09-30,M-C,gen9championsvgc2026regmcbo3,1630,304,Florges,0.0002,135,0.03,56,0.027,1
2026-09-30,M-C,gen9championsvgc2026regmcbo3,1630,305,Morpeko,0.0002,59,0.013,30,0.014,1
2026-09-30,M-C,gen9championsvgc2026regmcbo3,1630,306,Dedenne,0.0002,55,0.012,22,0.01,1
2026-09-30,M-C,gen9championsvgc2026regmcbo3,1630,307,Leafeon,0.00017,130,0.029,63,0.03,1
2026-09-30,M-C,gen9championsvgc2026regmcbo3,1630,308,Camerupt,0.00016,48,0.011,19,0.009,1
2026-09-30,M-C,gen9championsvgc2026regmcbo3,1630,309,Heracross,0.00016,33,0.007,18,0.009,1
2026-09-30,M-C,gen9championsvgc2026regmcbo3,1630,310,Simipour,0.00015,25,0.006,11,0.005,1
2026-09-30,M-C,gen9championsvgc2026regmcbo3,1630,311,Stunfisk-Galar,0.00015,27,0.006,14,0.007,1
2026-09-30,M-C,gen9championsvgc2026regmcbo3,1630,312,Arbok,0.00014,43,0.01,24,0.011,1
2026-09-30,M-C,gen9championsvgc2026regmcbo3,1630,313,Aggron,0.00013,63,0.014,20,0.01,1
2026-09-30,M-C,gen9championsvgc2026regmcbo3,1630,314,Eelektross,0.00013,55,0.012,32,0.015,1
2026-09-30,M-C,gen9championsvgc2026regmcbo3,1630,315,Sandaconda,0.00012,46,0.01,20,0.01,1
2026-09-30,M-C,gen9championsvgc2026regmcbo3,1630,316,Simisage,0.00012,10,0.002,2,0.001,1
2026-09-30,M-C,gen9championsvgc2026regmcbo3,1630,317,Avalugg-Hisui,0.00011,46,0.01,20,0.01,1
2026-09-30,M-C,gen9championsvgc2026regmcbo3,1630,318,Passimian,8e-05,112,0.025,54,0.026,1
2026-09-30,M-C,gen9championsvgc2026regmcbo3,1630,319,Sharpedo,7e-05,9,0.002,3,0.001,1
2026-09-30,M-C,gen9championsvgc2026regmcbo3,1630,320,Gourgeist-Small,6e-05,19,0.004,5,0.002,1
2026-09-30,M-C,gen9championsvgc2026regmcbo3,1630,321,Decidueye,6e-05,72,0.016,27,0.013,1
2026-09-30,M-C,gen9championsvgc2026regmcbo3,1630,322,Mawile,6e-05,26,0.006,13,0.006,1
2026-09-30,M-C,gen9championsvgc2026regmcbo3,1630,323,Absol,4e-05,42,0.009,6,0.003,1
2026-09-30,M-C,gen9championsvgc2026regmcbo3,1630,324,Falinks,3e-05,21,0.005,9,0.004,1
2026-09-30,M-C,gen9championsvgc2026regmcbo3,1630,325,Lopunny,3e-05,33,0.007,11,0.005,1
2026-09-30,M-C,gen9championsvgc2026regmcbo3,1630,326,Qwilfish,3e-05,13,0.003,7,0.003,1
2026-09-30,M-C,gen9championsvgc2026regmcbo3,1630,327,Skarmory,2e-05,53,0.012,13,0.006,1
2026-09-30,M-C,gen9championsvgc2026regmcbo3,1630,328,Victreebel,2e-05,18,0.004,10,0.005,1
2026-09-30,M-C,gen9championsvgc2026regmcbo3,1630,329,Ampharos,2e-05,45,0.01,16,0.008,1
2026-09-30,M-C,gen9championsvgc2026regmcbo3,1630,330,Chimecho,2e-05,34,0.008,8,0.004,1
2026-09-30,M-C,gen9championsvgc2026regmcbo3,1630,331,Furfrou,1e-05,8,0.002,2,0.001,1
2026-09-30,M-C,gen9championsvgc2026regmcbo3,1630,332,Pidgeot,1e-05,8,0.002,3,0.001,1
2026-09-30,M-C,gen9championsvgc2026regmcbo3,1630,333,Tauros,0.0,13,0.003,6,0.003,1
2026-09-30,M-C,gen9championsvgc2026regmcbo3,1630,334,Lycanroc-Midnight,0.0,24,0.005,10,0.005,1
2026-09-30,M-C,gen9championsvgc2026regmcbo3,1630,335,Tauros-Paldea-Combat,0.0,7,0.002,1,0.0,1
2026-09-30,M-C,gen9championsvgc2026regmcbo3,1630,336,Gourgeist-Large,0.0,13,0.003,6,0.003,1
2026-09-30,M-C,gen9championsvgc2026regmcbo3,1630,337,Pyroar,0.0,4,0.001,2,0.001,1
2026-09-30,M-C,gen9championsvgc2026regmcbo3,1630,338,Persian,0.0,25,0.006,11,0.005,1
2026-09-30,M-C,gen9championsvgc2026regmcbo3,1630,339,Meganium,0.0,2,0.0,0,0.0,1
2026-09-30,M-C,gen9championsvgc2026regmcbo3,1630,340,Banette,0.0,3,0.001,1,0.0,1
2026-09-30,M-C,gen9championsvgc2026regmcbo3,1630,341,Beedrill,0.0,3,0.001,0,0.0,1
2026-09-30,M-C,gen9championsvgc2026regmcbo3,1760,1,Rillaboom,54.09664,229704,51.393,120007,57.135,1
2026-09-30,M-C,gen9championsvgc2026regmcbo3,1760,2,Sneasler,43.08995,183351,41.022,91303,43.469,1
2026-09-30,M-C,gen9championsvgc2026regmcbo3,1760,3,Incineroar,41.87836,157805,35.307,98859,47.067,1
2026-09-30,M-C,gen9championsvgc2026regmcbo3,1760,4,Kingambit,33.98237,112688,25.212,55397,26.375,1
2026-09-30,M-C,gen9championsvgc2026regmcbo3,1760,5,Salamence-Mega,24.51423,119757,26.794,44056,20.975,1
2026-09-30,M-C,gen9championsvgc2026regmcbo3,1760,6,Gholdengo,23.90539,103650,23.19,52925,25.198,1
2026-09-30,M-C,gen9championsvgc2026regmcbo3,1760,7,Charizard-Mega-Y,21.14581,52983,11.854,21692,10.328,1
2026-09-30,M-C,gen9championsvgc2026regmcbo3,1760,8,Raichu-Mega-Y,19.42408,79750,17.843,28615,13.624,1
2026-09-30,M-C,gen9championsvgc2026regmcbo3,1760,9,Floette-Mega,18.93421,61176,13.687,17296,8.235,1
2026-09-30,M-C,gen9championsvgc2026regmcbo3,1760,10,Basculegion,18.43583,80875,18.095,42594,20.279,1
2026-09-30,M-C,gen9championsvgc2026regmcbo3,1760,11,Arcanine-Hisui,15.37438,64643,14.463,36795,17.518,1
2026-09-30,M-C,gen9championsvgc2026regmcbo3,1760,12,Archaludon,15.04094,50573,11.315,27867,13.268,1
2026-09-30,M-C,gen9championsvgc2026regmcbo3,1760,13,Sylveon,14.3566,50467,11.291,21548,10.259,1
2026-09-30,M-C,gen9championsvgc2026regmcbo3,1760,14,Garchomp,13.58992,38464,8.606,19957,9.502,1
2026-09-30,M-C,gen9championsvgc2026regmcbo3,1760,15,Indeedee-F,12.99587,83112,18.595,45685,21.751,1
2026-09-30,M-C,gen9championsvgc2026regmcbo3,1760,16,Farigiraf,12.50257,69713,15.597,32555,15.499,1
2026-09-30,M-C,gen9championsvgc2026regmcbo3,1760,17,Pelipper,10.57722,48239,10.793,27878,13.273,1
2026-09-30,M-C,gen9championsvgc2026regmcbo3,1760,18,Volcarona,10.11396,41310,9.243,20372,9.699,1
2026-09-30,M-C,gen9championsvgc2026regmcbo3,1760,19,Garchomp-Mega-Z,9.76768,41335,9.248,16554,7.881,1
2026-09-30,M-C,gen9championsvgc2026regmcbo3,1760,20,Gengar-Mega,9.5186,26296,5.883,12249,5.832,1
2026-09-30,M-C,gen9championsvgc2026regmcbo3,1760,21,Milotic,9.13752,54655,12.228,21763,10.361,1
2026-09-30,M-C,gen9championsvgc2026regmcbo3,1760,22,Staraptor-Mega,8.72951,38334,8.577,13285,6.325,1
2026-09-30,M-C,gen9championsvgc2026regmcbo3,1760,23,Grimmsnarl,8.16679,21677,4.85,10036,4.778,1
2026-09-30,M-C,gen9championsvgc2026regmcbo3,1760,24,Venusaur,7.84074,13648,3.054,5642,2.686,1
2026-09-30,M-C,gen9championsvgc2026regmcbo3,1760,25,Politoed,7.59556,23857,5.338,13091,6.233,1
2026-09-30,M-C,gen9championsvgc2026regmcbo3,1760,26,Whimsicott,7.44025,36003,8.055,15239,7.255,1
2026-09-30,M-C,gen9championsvgc2026regmcbo3,1760,27,Golisopod-Mega,6.91506,56830,12.715,23458,11.168,1
2026-09-30,M-C,gen9championsvgc2026regmcbo3,1760,28,Kommo-o,6.65993,17494,3.914,7431,3.538,1
2026-09-30,M-C,gen9championsvgc2026regmcbo3,1760,29,Sinistcha,6.00674,31068,6.951,15191,7.232,1
2026-09-30,M-C,gen9championsvgc2026regmcbo3,1760,30,Froslass-Mega,5.90445,25138,5.624,8193,3.901,1
2026-09-30,M-C,gen9championsvgc2026regmcbo3,1760,31,Delphox-Mega,5.77462,19872,4.446,7212,3.434,1
2026-09-30,M-C,gen9championsvgc2026regmcbo3,1760,32,Swampert-Mega,5.77225,15710,3.515,6059,2.885,1
2026-09-30,M-C,gen9championsvgc2026regmcbo3,1760,33,Gardevoir-Mega,4.86814,34649,7.752,14519,6.913,1
2026-09-30,M-C,gen9championsvgc2026regmcbo3,1760,34,Dragonite-Mega,4.71167,15716,3.516,5787,2.755,1
2026-09-30,M-C,gen9championsvgc2026regmcbo3,1760,35,Tyranitar-Mega,4.37647,29223,6.538,14850,7.07,1
2026-09-30,M-C,gen9championsvgc2026regmcbo3,1760,36,Excadrill,4.34454,25968,5.81,13004,6.191,1
2026-09-30,M-C,gen9championsvgc2026regmcbo3,1760,37,Indeedee,4.22745,28100,6.287,15325,7.296,1
2026-09-30,M-C,gen9championsvgc2026regmcbo3,1760,38,Metagross-Mega,4.15551,23158,5.181,8389,3.994,1
2026-09-30,M-C,gen9championsvgc2026regmcbo3,1760,39,Aerodactyl-Mega,4.07759,10929,2.445,3228,1.537,1
2026-09-30,M-C,gen9championsvgc2026regmcbo3,1760,40,Armarouge,3.96008,21534,4.818,11593,5.519,1
2026-09-30,M-C,gen9championsvgc2026regmcbo3,1760,41,Glimmora-Mega,3.51186,11783,2.636,4817,2.293,1
2026-09-30,M-C,gen9championsvgc2026regmcbo3,1760,42,Primarina,2.92843,15202,3.401,7315,3.483,1
2026-09-30,M-C,gen9championsvgc2026regmcbo3,1760,43,Torkoal,2.31725,17663,3.952,9718,4.627,1
2026-09-30,M-C,gen9championsvgc2026regmcbo3,1760,44,Dragapult,2.24843,10177,2.277,4641,2.21,1
2026-09-30,M-C,gen9championsvgc2026regmcbo3,1760,45,Annihilape,2.17675,13328,2.982,6058,2.884,1
2026-09-30,M-C,gen9championsvgc2026regmcbo3,1760,46,Vivillon,2.13875,6188,1.384,2849,1.356,1
2026-09-30,M-C,gen9championsvgc2026regmcbo3,1760,47,Toxapex,1.85736,5552,1.242,2580,1.228,1
2026-09-30,M-C,gen9championsvgc2026regmcbo3,1760,48,Pawmot,1.8177,11306,2.53,5622,2.677,1
2026-09-30,M-C,gen9championsvgc2026regmcbo3,1760,49,Garchomp-Mega,1.79654,2318,0.519,1054,0.502,1
2026-09-30,M-C,gen9championsvgc2026regmcbo3,1760,50,Lucario-Mega-Z,1.76909,16756,3.749,5494,2.616,1
2026-09-30,M-C,gen9championsvgc2026regmcbo3,1760,51,Ceruledge,1.75489,10652,2.383,5329,2.537,1
2026-09-30,M-C,gen9championsvgc2026regmcbo3,1760,52,Blastoise-Mega,1.5853,9685,2.167,3030,1.443,1
2026-09-30,M-C,gen9championsvgc2026regmcbo3,1760,53,Camerupt-Mega,1.54405,10354,2.317,6241,2.971,1
2026-09-30,M-C,gen9championsvgc2026regmcbo3,1760,54,Maushold,1.53294,11033,2.468,4643,2.211,1
2026-09-30,M-C,gen9championsvgc2026regmcbo3,1760,55,Ninetales-Alola,1.46036,12542,2.806,5115,2.435,1
2026-09-30,M-C,gen9championsvgc2026regmcbo3,1760,56,Glimmora,1.2795,6328,1.416,3098,1.475,1
2026-09-30,M-C,gen9championsvgc2026regmcbo3,1760,57,Corviknight,1.22396,12336,2.76,4581,2.181,1
2026-09-30,M-C,gen9championsvgc2026regmcbo3,1760,58,Hatterene,1.04493,11177,2.501,5375,2.559,1
2026-09-30,M-C,gen9championsvgc2026regmcbo3,1760,59,Baxcalibur-Mega,0.94218,13307,2.977,5372,2.558,1
2026-09-30,M-C,gen9championsvgc2026regmcbo3,1760,60,Talonflame,0.87974,8577,1.919,3489,1.661,1
2026-09-30,M-C,gen9championsvgc2026regmcbo3,1760,61,Blaziken-Mega,0.82801,5470,1.224,2233,1.063,1
2026-09-30,M-C,gen9championsvgc2026regmcbo3,1760,62,Espathra,0.79631,3461,0.774,1721,0.819,1
2026-09-30,M-C,gen9championsvgc2026regmcbo3,1760,63,Pyroar-Mega,0.7774,2972,0.665,1185,0.564,1
2026-09-30,M-C,gen9championsvgc2026regmcbo3,1760,64,Tyranitar,0.77347,6682,1.495,3437,1.636,1
2026-09-30,M-C,gen9championsvgc2026regmcbo3,1760,65,Lycanroc-Dusk,0.66439,3325,0.744,1204,0.573,1
2026-09-30,M-C,gen9championsvgc2026regmcbo3,1760,66,Absol-Mega-Z,0.66212,6737,1.507,2410,1.147,1
2026-09-30,M-C,gen9championsvgc2026regmcbo3,1760,67,Dragonite,0.62915,4240,0.949,1706,0.812,1
2026-09-30,M-C,gen9championsvgc2026regmcbo3,1760,68,Scovillain-Mega,0.58311,4602,1.03,1443,0.687,1
2026-09-30,M-C,gen9championsvgc2026regmcbo3,1760,69,Klefki,0.57812,1649,0.369,741,0.353,1
2026-09-30,M-C,gen9championsvgc2026regmcbo3,1760,70,Raichu-Mega-X,0.55477,3223,0.721,1447,0.689,1
2026-09-30,M-C,gen9championsvgc2026regmcbo3,1760,71,Kangaskhan-Mega,0.52601,1756,0.393,702,0.334,1
2026-09-30,M-C,gen9championsvgc2026regmcbo3,1760,72,Aerodactyl,0.52485,4822,1.079,1839,0.876,1
2026-09-30,M-C,gen9championsvgc2026regmcbo3,1760,73,Mawile-Mega,0.50936,4718,1.056,2012,0.958,1
2026-09-30,M-C,gen9championsvgc2026regmcbo3,1760,74,Baxcalibur,0.46299,2014,0.451,814,0.388,1
2026-09-30,M-C,gen9championsvgc2026regmcbo3,1760,75,Hydreigon,0.45159,5762,1.289,2670,1.271,1
2026-09-30,M-C,gen9championsvgc2026regmcbo3,1760,76,Grapploct,0.44373,2103,0.471,917,0.437,1
2026-09-30,M-C,gen9championsvgc2026regmcbo3,1760,77,Aegislash,0.42839,6007,1.344,3110,1.481,1
2026-09-30,M-C,gen9championsvgc2026regmcbo3,1760,78,Sceptile-Mega,0.41516,1319,0.295,477,0.227,1
2026-09-30,M-C,gen9championsvgc2026regmcbo3,1760,79,Meowstic-F-Mega,0.40489,2185,0.489,755,0.359,1
2026-09-30,M-C,gen9championsvgc2026regmcbo3,1760,80,Clefable,0.40484,3047,0.682,1463,0.697,1
2026-09-30,M-C,gen9championsvgc2026regmcbo3,1760,81,Rotom-Heat,0.3308,2468,0.552,1304,0.621,1
2026-09-30,M-C,gen9championsvgc2026regmcbo3,1760,82,Kleavor,0.28124,2183,0.488,1036,0.493,1
2026-09-30,M-C,gen9championsvgc2026regmcbo3,1760,83,Rotom-Wash,0.27387,4672,1.045,2106,1.003,1
2026-09-30,M-C,gen9championsvgc2026regmcbo3,1760,84,Mudsdale,0.25449,744,0.166,321,0.153,1
2026-09-30,M-C,gen9championsvgc2026regmcbo3,1760,85,Typhlosion-Hisui,0.23226,3852,0.862,2003,0.954,1
2026-09-30,M-C,gen9championsvgc2026regmcbo3,1760,86,Venusaur-Mega,0.23204,2173,0.486,865,0.412,1
2026-09-30,M-C,gen9championsvgc2026regmcbo3,1760,87,Tsareena,0.21693,2789,0.624,1249,0.595,1
2026-09-30,M-C,gen9championsvgc2026regmcbo3,1760,88,Hippowdon,0.20083,891,0.199,473,0.225,1
2026-09-30,M-C,gen9championsvgc2026regmcbo3,1760,89,Scrafty-Mega,0.18936,1896,0.424,904,0.43,1
2026-09-30,M-C,gen9championsvgc2026regmcbo3,1760,90,Sirfetch'd,0.1889,2691,0.602,1257,0.598,1
2026-09-30,M-C,gen9championsvgc2026regmcbo3,1760,91,Weavile,0.18837,1729,0.387,818,0.389,1
2026-09-30,M-C,gen9championsvgc2026regmcbo3,1760,92,Manectric-Mega,0.1876,1120,0.251,422,0.201,1
2026-09-30,M-C,gen9championsvgc2026regmcbo3,1760,93,Altaria,0.18394,1186,0.265,266,0.127,1
2026-09-30,M-C,gen9championsvgc2026regmcbo3,1760,94,Vanilluxe,0.18078,1228,0.275,530,0.252,1
2026-09-30,M-C,gen9championsvgc2026regmcbo3,1760,95,Meganium-Mega,0.16379,2503,0.56,948,0.451,1
2026-09-30,M-C,gen9championsvgc2026regmcbo3,1760,96,Gallade,0.16113,3127,0.7,1314,0.626,1
2026-09-30,M-C,gen9championsvgc2026regmcbo3,1760,97,Blaziken,0.15998,2390,0.535,1245,0.593,1
2026-09-30,M-C,gen9championsvgc2026regmcbo3,1760,98,Mamoswine,0.15491,2705,0.605,1281,0.61,1
2026-09-30,M-C,gen9championsvgc2026regmcbo3,1760,99,Empoleon,0.14816,2056,0.46,822,0.391,1
2026-09-30,M-C,gen9championsvgc2026regmcbo3,1760,100,Lopunny-Mega,0.14502,2924,0.654,955,0.455,1
2026-09-30,M-C,gen9championsvgc2026regmcbo3,1760,101,Sableye,0.14171,5140,1.15,2235,1.064,1
2026-09-30,M-C,gen9championsvgc2026regmcbo3,1760,102,Barbaracle-Mega,0.14033,312,0.07,145,0.069,1
2026-09-30,M-C,gen9championsvgc2026regmcbo3,1760,103,Kangaskhan,0.13375,1217,0.272,489,0.233,1
2026-09-30,M-C,gen9championsvgc2026regmcbo3,1760,104,Swampert,0.12951,1410,0.315,704,0.335,1
2026-09-30,M-C,gen9championsvgc2026regmcbo3,1760,105,Starmie-Mega,0.12581,1401,0.313,584,0.278,1
2026-09-30,M-C,gen9championsvgc2026regmcbo3,1760,106,Palafin,0.11974,1973,0.441,976,0.465,1
2026-09-30,M-C,gen9championsvgc2026regmcbo3,1760,107,Snorlax,0.11929,1453,0.325,587,0.279,1
2026-09-30,M-C,gen9championsvgc2026regmcbo3,1760,108,Toxtricity,0.11866,2226,0.498,1151,0.548,1
2026-09-30,M-C,gen9championsvgc2026regmcbo3,1760,109,Skarmory-Mega,0.11389,663,0.148,221,0.105,1
2026-09-30,M-C,gen9championsvgc2026regmcbo3,1760,110,Scrafty,0.10717,1016,0.227,442,0.21,1
2026-09-30,M-C,gen9championsvgc2026regmcbo3,1760,111,Pikachu,0.09694,156,0.035,43,0.02,1
2026-09-30,M-C,gen9championsvgc2026regmcbo3,1760,112,Vileplume,0.0947,968,0.217,269,0.128,1
2026-09-30,M-C,gen9championsvgc2026regmcbo3,1760,113,Forretress,0.0939,62,0.014,13,0.006,1
2026-09-30,M-C,gen9championsvgc2026regmcbo3,1760,114,Staraptor,0.08748,1464,0.328,534,0.254,1
2026-09-30,M-C,gen9championsvgc2026regmcbo3,1760,115,Tinkaton,0.08744,1482,0.332,631,0.3,1
2026-09-30,M-C,gen9championsvgc2026regmcbo3,1760,116,Basculegion-F,0.08182,447,0.1,223,0.106,1
2026-09-30,M-C,gen9championsvgc2026regmcbo3,1760,117,Abomasnow-Mega,0.07942,776,0.174,304,0.145,1
2026-09-30,M-C,gen9championsvgc2026regmcbo3,1760,118,Charizard-Mega-X,0.07757,1603,0.359,595,0.283,1
2026-09-30,M-C,gen9championsvgc2026regmcbo3,1760,119,Azumarill,0.07492,848,0.19,391,0.186,1
2026-09-30,M-C,gen9championsvgc2026regmcbo3,1760,120,Rhyperior,0.07364,621,0.139,316,0.15,1
2026-09-30,M-C,gen9championsvgc2026regmcbo3,1760,121,Mimikyu,0.06999,1135,0.254,421,0.2,1
2026-09-30,M-C,gen9championsvgc2026regmcbo3,1760,122,Orthworm,0.06989,496,0.111,209,0.1,1
2026-09-30,M-C,gen9championsvgc2026regmcbo3,1760,123,Raichu,0.06981,757,0.169,276,0.131,1
2026-09-30,M-C,gen9championsvgc2026regmcbo3,1760,124,Alakazam-Mega,0.06976,2603,0.582,1100,0.524,1
2026-09-30,M-C,gen9championsvgc2026regmcbo3,1760,125,Reuniclus,0.0688,334,0.075,140,0.067,1
2026-09-30,M-C,gen9championsvgc2026regmcbo3,1760,126,Umbreon,0.06616,613,0.137,263,0.125,1
2026-09-30,M-C,gen9championsvgc2026regmcbo3,1760,127,Arcanine,0.06305,652,0.146,324,0.154,1
2026-09-30,M-C,gen9championsvgc2026regmcbo3,1760,128,Mr. Mime,0.06305,307,0.069,122,0.058,1
2026-09-30,M-C,gen9championsvgc2026regmcbo3,1760,129,Araquanid,0.06258,1585,0.355,619,0.295,1
2026-09-30,M-C,gen9championsvgc2026regmcbo3,1760,130,Crabominable-Mega,0.06155,1521,0.34,513,0.244,1
2026-09-30,M-C,gen9championsvgc2026regmcbo3,1760,131,Musharna,0.06064,140,0.031,32,0.015,1
2026-09-30,M-C,gen9championsvgc2026regmcbo3,1760,132,Houndoom-Mega,0.05941,432,0.097,161,0.077,1
2026-09-30,M-C,gen9championsvgc2026regmcbo3,1760,133,Slowking-Galar,0.05827,892,0.2,408,0.194,1
2026-09-30,M-C,gen9championsvgc2026regmcbo3,1760,134,Gliscor,0.05561,1102,0.247,533,0.254,1
2026-09-30,M-C,gen9championsvgc2026regmcbo3,1760,135,Meowscarada,0.05382,1692,0.379,698,0.332,1
2026-09-30,M-C,gen9championsvgc2026regmcbo3,1760,136,Gyarados-Mega,0.05264,1336,0.299,481,0.229,1
2026-09-30,M-C,gen9championsvgc2026regmcbo3,1760,137,Salamence,0.05105,769,0.172,335,0.159,1
2026-09-30,M-C,gen9championsvgc2026regmcbo3,1760,138,Greninja-Mega,0.05084,795,0.178,319,0.152,1
2026-09-30,M-C,gen9championsvgc2026regmcbo3,1760,139,Slowbro-Mega,0.05058,737,0.165,272,0.129,1
2026-09-30,M-C,gen9championsvgc2026regmcbo3,1760,140,Samurott-Hisui,0.0489,1154,0.258,525,0.25,1
2026-09-30,M-C,gen9championsvgc2026regmcbo3,1760,141,Inteleon,0.04837,1709,0.382,800,0.381,1
2026-09-30,M-C,gen9championsvgc2026regmcbo3,1760,142,Chandelure-Mega,0.04709,807,0.181,367,0.175,1
2026-09-30,M-C,gen9championsvgc2026regmcbo3,1760,143,Persian-Alola,0.04556,610,0.136,267,0.127,1
2026-09-30,M-C,gen9championsvgc2026regmcbo3,1760,144,Gardevoir,0.04265,358,0.08,168,0.08,1
2026-09-30,M-C,gen9championsvgc2026regmcbo3,1760,145,Rotom-Mow,0.04031,266,0.06,93,0.044,1
2026-09-30,M-C,gen9championsvgc2026regmcbo3,1760,146,Zoroark-Hisui,0.03572,2377,0.532,737,0.351,1
2026-09-30,M-C,gen9championsvgc2026regmcbo3,1760,147,Ditto,0.03558,868,0.194,423,0.201,1
2026-09-30,M-C,gen9championsvgc2026regmcbo3,1760,148,Conkeldurr,0.0351,389,0.087,137,0.065,1
2026-09-30,M-C,gen9championsvgc2026regmcbo3,1760,149,Pincurchin,0.03481,1624,0.363,761,0.362,1
2026-09-30,M-C,gen9championsvgc2026regmcbo3,1760,150,Delphox,0.03435,540,0.121,268,0.128,1
2026-09-30,M-C,gen9championsvgc2026regmcbo3,1760,151,Goodra-Hisui,0.03403,1297,0.29,529,0.252,1
2026-09-30,M-C,gen9championsvgc2026regmcbo3,1760,152,Drampa,0.03389,662,0.148,213,0.101,1
2026-09-30,M-C,gen9championsvgc2026regmcbo3,1760,153,Tauros-Paldea-Aqua,0.03329,461,0.103,220,0.105,1
2026-09-30,M-C,gen9championsvgc2026regmcbo3,1760,154,Ninetales,0.03322,812,0.182,357,0.17,1
2026-09-30,M-C,gen9championsvgc2026regmcbo3,1760,155,Heracross-Mega,0.03044,343,0.077,146,0.07,1
2026-09-30,M-C,gen9championsvgc2026regmcbo3,1760,156,Scizor,0.03033,1448,0.324,551,0.262,1
2026-09-30,M-C,gen9championsvgc2026regmcbo3,1760,157,Gyarados,0.02928,710,0.159,315,0.15,1
2026-09-30,M-C,gen9championsvgc2026regmcbo3,1760,158,Hydrapple,0.02895,457,0.102,162,0.077,1
2026-09-30,M-C,gen9championsvgc2026regmcbo3,1760,159,Altaria-Mega,0.02844,657,0.147,230,0.11,1
2026-09-30,M-C,gen9championsvgc2026regmcbo3,1760,160,Floette-Eternal,0.02728,277,0.062,110,0.052,1
2026-09-30,M-C,gen9championsvgc2026regmcbo3,1760,161,Golurk-Mega,0.02576,759,0.17,351,0.167,1
2026-09-30,M-C,gen9championsvgc2026regmcbo3,1760,162,Steelix-Mega,0.02452,909,0.203,438,0.209,1
2026-09-30,M-C,gen9championsvgc2026regmcbo3,1760,163,Banette-Mega,0.02447,662,0.148,314,0.149,1
2026-09-30,M-C,gen9championsvgc2026regmcbo3,1760,164,Cinderace,0.02309,942,0.211,454,0.216,1
2026-09-30,M-C,gen9championsvgc2026regmcbo3,1760,165,Houndstone,0.02262,454,0.102,205,0.098,1
2026-09-30,M-C,gen9championsvgc2026regmcbo3,1760,166,Chesnaught,0.02213,108,0.024,44,0.021,1
2026-09-30,M-C,gen9championsvgc2026regmcbo3,1760,167,Swalot,0.02156,78,0.017,28,0.013,1
2026-09-30,M-C,gen9championsvgc2026regmcbo3,1760,168,Wigglytuff,0.0205,430,0.096,138,0.066,1
2026-09-30,M-C,gen9championsvgc2026regmcbo3,1760,169,Gogoat,0.02027,336,0.075,106,0.05,1
2026-09-30,M-C,gen9championsvgc2026regmcbo3,1760,170,Chesnaught-Mega,0.01994,823,0.184,299,0.142,1
2026-09-30,M-C,gen9championsvgc2026regmcbo3,1760,171,Ampharos-Mega,0.01851,634,0.142,273,0.13,1
2026-09-30,M-C,gen9championsvgc2026regmcbo3,1760,172,Excadrill-Mega,0.01844,459,0.103,186,0.089,1
2026-09-30,M-C,gen9championsvgc2026regmcbo3,1760,173,Jolteon,0.01615,478,0.107,184,0.088,1
2026-09-30,M-C,gen9championsvgc2026regmcbo3,1760,174,Scizor-Mega,0.01567,949,0.212,342,0.163,1
2026-09-30,M-C,gen9championsvgc2026regmcbo3,1760,175,Skeledirge,0.01524,591,0.132,308,0.147,1
2026-09-30,M-C,gen9championsvgc2026regmcbo3,1760,176,Medicham-Mega,0.01523,209,0.047,95,0.045,1
2026-09-30,M-C,gen9championsvgc2026regmcbo3,1760,177,Beedrill-Mega,0.01496,534,0.119,233,0.111,1
2026-09-30,M-C,gen9championsvgc2026regmcbo3,1760,178,Polteageist,0.01495,153,0.034,51,0.024,1
2026-09-30,M-C,gen9championsvgc2026regmcbo3,1760,179,Aggron-Mega,0.01477,990,0.221,323,0.154,1
2026-09-30,M-C,gen9championsvgc2026regmcbo3,1760,180,Squawkabilly,0.01451,464,0.104,204,0.097,1
2026-09-30,M-C,gen9championsvgc2026regmcbo3,1760,181,Krookodile,0.01393,771,0.173,388,0.185,1
2026-09-30,M-C,gen9championsvgc2026regmcbo3,1760,182,Tauros-Paldea-Blaze,0.01391,240,0.054,120,0.057,1
2026-09-30,M-C,gen9championsvgc2026regmcbo3,1760,183,Overqwil,0.01371,818,0.183,369,0.176,1
2026-09-30,M-C,gen9championsvgc2026regmcbo3,1760,184,Toxicroak,0.01371,177,0.04,74,0.035,1
2026-09-30,M-C,gen9championsvgc2026regmcbo3,1760,185,Decidueye-Hisui,0.01314,426,0.095,194,0.092,1
2026-09-30,M-C,gen9championsvgc2026regmcbo3,1760,186,Noivern,0.01303,489,0.109,206,0.098,1
2026-09-30,M-C,gen9championsvgc2026regmcbo3,1760,187,Chandelure,0.01266,372,0.083,155,0.074,1
2026-09-30,M-C,gen9championsvgc2026regmcbo3,1760,188,Oranguru,0.0121,726,0.162,294,0.14,1
2026-09-30,M-C,gen9championsvgc2026regmcbo3,1760,189,Meowstic,0.01203,643,0.144,259,0.123,1
2026-09-30,M-C,gen9championsvgc2026regmcbo3,1760,190,Feraligatr-Mega,0.01041,662,0.148,244,0.116,1
2026-09-30,M-C,gen9championsvgc2026regmcbo3,1760,191,Wyrdeer,0.0103,240,0.054,108,0.051,1
2026-09-30,M-C,gen9championsvgc2026regmcbo3,1760,192,Victreebel-Mega,0.00967,244,0.055,103,0.049,1
2026-09-30,M-C,gen9championsvgc2026regmcbo3,1760,193,Lucario-Mega,0.00881,1050,0.235,467,0.222,1
2026-09-30,M-C,gen9championsvgc2026regmcbo3,1760,194,Dragalge-Mega,0.00879,955,0.214,440,0.209,1
2026-09-30,M-C,gen9championsvgc2026regmcbo3,1760,195,Typhlosion,0.00791,171,0.038,76,0.036,1
2026-09-30,M-C,gen9championsvgc2026regmcbo3,1760,196,Cofagrigus,0.00777,478,0.107,161,0.077,1
2026-09-30,M-C,gen9championsvgc2026regmcbo3,1760,197,Clawitzer,0.0072,385,0.086,198,0.094,1
2026-09-30,M-C,gen9championsvgc2026regmcbo3,1760,198,Malamar,0.00715,433,0.097,212,0.101,1
2026-09-30,M-C,gen9championsvgc2026regmcbo3,1760,199,Heliolisk,0.00685,581,0.13,234,0.111,1
2026-09-30,M-C,gen9championsvgc2026regmcbo3,1760,200,Clefable-Mega,0.00684,396,0.089,183,0.087,1
2026-09-30,M-C,gen9championsvgc2026regmcbo3,1760,201,Pidgeot-Mega,0.00673,539,0.121,122,0.058,1
2026-09-30,M-C,gen9championsvgc2026regmcbo3,1760,202,Bellibolt,0.00672,478,0.107,256,0.122,1
2026-09-30,M-C,gen9championsvgc2026regmcbo3,1760,203,Drampa-Mega,0.00662,608,0.136,216,0.103,1
2026-09-30,M-C,gen9championsvgc2026regmcbo3,1760,204,Metagross,0.00634,576,0.129,255,0.121,1
2026-09-30,M-C,gen9championsvgc2026regmcbo3,1760,205,Chimecho-Mega,0.00539,328,0.073,113,0.054,1
2026-09-30,M-C,gen9championsvgc2026regmcbo3,1760,206,Torterra,0.00524,403,0.09,185,0.088,1
2026-09-30,M-C,gen9championsvgc2026regmcbo3,1760,207,Salazzle,0.00515,298,0.067,141,0.067,1
2026-09-30,M-C,gen9championsvgc2026regmcbo3,1760,208,Froslass,0.00512,89,0.02,32,0.015,1
2026-09-30,M-C,gen9championsvgc2026regmcbo3,1760,209,Golisopod,0.00509,300,0.067,118,0.056,1
2026-09-30,M-C,gen9championsvgc2026regmcbo3,1760,210,Mr. Rime,0.00496,337,0.075,184,0.088,1
2026-09-30,M-C,gen9championsvgc2026regmcbo3,1760,211,Falinks-Mega,0.00486,291,0.065,78,0.037,1
2026-09-30,M-C,gen9championsvgc2026regmcbo3,1760,212,Perrserker,0.00452,634,0.142,263,0.125,1
2026-09-30,M-C,gen9championsvgc2026regmcbo3,1760,213,Garganacl,0.00437,351,0.079,147,0.07,1
2026-09-30,M-C,gen9championsvgc2026regmcbo3,1760,214,Raichu-Alola,0.00431,582,0.13,294,0.14,1
2026-09-30,M-C,gen9championsvgc2026regmcbo3,1760,215,Quaquaval,0.00428,376,0.084,147,0.07,1
2026-09-30,M-C,gen9championsvgc2026regmcbo3,1760,216,Malamar-Mega,0.00399,652,0.146,265,0.126,1
2026-09-30,M-C,gen9championsvgc2026regmcbo3,1760,217,Pangoro,0.00378,155,0.035,62,0.03,1
2026-09-30,M-C,gen9championsvgc2026regmcbo3,1760,218,Aurorus,0.00374,305,0.068,111,0.053,1
2026-09-30,M-C,gen9championsvgc2026regmcbo3,1760,219,Rotom-Frost,0.00362,160,0.036,66,0.031,1
2026-09-30,M-C,gen9championsvgc2026regmcbo3,1760,220,Eelektross-Mega,0.0036,513,0.115,233,0.111,1
2026-09-30,M-C,gen9championsvgc2026regmcbo3,1760,221,Ariados,0.0035,70,0.016,27,0.013,1
2026-09-30,M-C,gen9championsvgc2026regmcbo3,1760,222,Serperior,0.00333,475,0.106,170,0.081,1
2026-09-30,M-C,gen9championsvgc2026regmcbo3,1760,223,Diggersby,0.00319,94,0.021,49,0.023,1
2026-09-30,M-C,gen9championsvgc2026regmcbo3,1760,224,Slowbro,0.00307,152,0.034,71,0.034,1
2026-09-30,M-C,gen9championsvgc2026regmcbo3,1760,225,Scolipede-Mega,0.00304,170,0.038,58,0.028,1
2026-09-30,M-C,gen9championsvgc2026regmcbo3,1760,226,Alakazam,0.00302,347,0.078,136,0.065,1
2026-09-30,M-C,gen9championsvgc2026regmcbo3,1760,227,Greninja,0.00276,376,0.084,149,0.071,1
2026-09-30,M-C,gen9championsvgc2026regmcbo3,1760,228,Hawlucha,0.00275,689,0.154,334,0.159,1
2026-09-30,M-C,gen9championsvgc2026regmcbo3,1760,229,Glaceon,0.00269,232,0.052,139,0.066,1
2026-09-30,M-C,gen9championsvgc2026regmcbo3,1760,230,Alcremie,0.00251,383,0.086,143,0.068,1
2026-09-30,M-C,gen9championsvgc2026regmcbo3,1760,231,Charizard,0.00249,144,0.032,71,0.034,1
2026-09-30,M-C,gen9championsvgc2026regmcbo3,1760,232,Gallade-Mega,0.00247,574,0.128,228,0.109,1
2026-09-30,M-C,gen9championsvgc2026regmcbo3,1760,233,Emboar-Mega,0.00233,110,0.025,29,0.014,1
2026-09-30,M-C,gen9championsvgc2026regmcbo3,1760,234,Pinsir-Mega,0.00223,151,0.034,60,0.029,1
2026-09-30,M-C,gen9championsvgc2026regmcbo3,1760,235,Feraligatr,0.00217,171,0.038,84,0.04,1
2026-09-30,M-C,gen9championsvgc2026regmcbo3,1760,236,Rampardos,0.00209,119,0.027,67,0.032,1
2026-09-30,M-C,gen9championsvgc2026regmcbo3,1760,237,Thievul,0.00209,180,0.04,79,0.038,1
2026-09-30,M-C,gen9championsvgc2026regmcbo3,1760,238,Gourgeist-Super,0.00182,74,0.017,28,0.013,1
2026-09-30,M-C,gen9championsvgc2026regmcbo3,1760,239,Slowking,0.00165,367,0.082,136,0.065,1
2026-09-30,M-C,gen9championsvgc2026regmcbo3,1760,240,Castform,0.00152,76,0.017,15,0.007,1
2026-09-30,M-C,gen9championsvgc2026regmcbo3,1760,241,Slowbro-Galar,0.0015,229,0.051,101,0.048,1
2026-09-30,M-C,gen9championsvgc2026regmcbo3,1760,242,Goodra,0.00146,200,0.045,73,0.035,1
2026-09-30,M-C,gen9championsvgc2026regmcbo3,1760,243,Scovillain,0.00138,172,0.038,86,0.041,1
2026-09-30,M-C,gen9championsvgc2026regmcbo3,1760,244,Lycanroc,0.00138,213,0.048,86,0.041,1
2026-09-30,M-C,gen9championsvgc2026regmcbo3,1760,245,Zoroark,0.00137,64,0.014,17,0.008,1
2026-09-30,M-C,gen9championsvgc2026regmcbo3,1760,246,Farfetch'd,0.00132,199,0.045,82,0.039,1
2026-09-30,M-C,gen9championsvgc2026regmcbo3,1760,247,Hawlucha-Mega,0.0013,269,0.06,142,0.068,1
2026-09-30,M-C,gen9championsvgc2026regmcbo3,1760,248,Arboliva,0.00125,647,0.145,248,0.118,1
2026-09-30,M-C,gen9championsvgc2026regmcbo3,1760,249,Vaporeon,0.00122,245,0.055,114,0.054,1
2026-09-30,M-C,gen9championsvgc2026regmcbo3,1760,250,Emboar,0.00115,58,0.013,31,0.015,1
2026-09-30,M-C,gen9championsvgc2026regmcbo3,1760,251,Runerigus,0.00113,297,0.066,103,0.049,1
2026-09-30,M-C,gen9championsvgc2026regmcbo3,1760,252,Bastiodon,0.00102,302,0.068,143,0.068,1
2026-09-30,M-C,gen9championsvgc2026regmcbo3,1760,253,Sharpedo-Mega,0.001,181,0.04,88,0.042,1
2026-09-30,M-C,gen9championsvgc2026regmcbo3,1760,254,Glalie-Mega,0.00099,171,0.038,83,0.04,1
2026-09-30,M-C,gen9championsvgc2026regmcbo3,1760,255,Scolipede,0.00097,192,0.043,86,0.041,1
2026-09-30,M-C,gen9championsvgc2026regmcbo3,1760,256,Machamp,0.00095,130,0.029,56,0.027,1
2026-09-30,M-C,gen9championsvgc2026regmcbo3,1760,257,Sableye-Mega,0.00095,212,0.047,106,0.05,1
2026-09-30,M-C,gen9championsvgc2026regmcbo3,1760,258,Golurk,0.00091,58,0.013,24,0.011,1
2026-09-30,M-C,gen9championsvgc2026regmcbo3,1760,259,Simisear,0.00084,22,0.005,10,0.005,1
2026-09-30,M-C,gen9championsvgc2026regmcbo3,1760,260,Liepard,0.00079,171,0.038,80,0.038,1
2026-09-30,M-C,gen9championsvgc2026regmcbo3,1760,261,Spiritomb,0.00072,329,0.074,145,0.069,1
2026-09-30,M-C,gen9championsvgc2026regmcbo3,1760,262,Lucario,0.0007,176,0.039,75,0.036,1
2026-09-30,M-C,gen9championsvgc2026regmcbo3,1760,263,Flapple,0.00063,88,0.02,35,0.017,1
2026-09-30,M-C,gen9championsvgc2026regmcbo3,1760,264,Manectric,0.00061,55,0.012,22,0.01,1
2026-09-30,M-C,gen9championsvgc2026regmcbo3,1760,265,Infernape,0.0006,198,0.044,85,0.04,1
2026-09-30,M-C,gen9championsvgc2026regmcbo3,1760,266,Espeon,0.00058,183,0.041,75,0.036,1
2026-09-30,M-C,gen9championsvgc2026regmcbo3,1760,267,Starmie,0.00052,88,0.02,23,0.011,1
2026-09-30,M-C,gen9championsvgc2026regmcbo3,1760,268,Sceptile,0.00042,110,0.025,56,0.027,1
2026-09-30,M-C,gen9championsvgc2026regmcbo3,1760,269,Blastoise,0.0004,291,0.065,141,0.067,1
2026-09-30,M-C,gen9championsvgc2026regmcbo3,1760,270,Avalugg,0.0004,119,0.027,43,0.02,1
2026-09-30,M-C,gen9championsvgc2026regmcbo3,1760,271,Audino,0.00031,180,0.04,92,0.044,1
2026-09-30,M-C,gen9championsvgc2026regmcbo3,1760,272,Glalie,0.00029,21,0.005,2,0.001,1
2026-09-30,M-C,gen9championsvgc2026regmcbo3,1760,273,Pinsir,0.00029,9,0.002,2,0.001,1
2026-09-30,M-C,gen9championsvgc2026regmcbo3,1760,274,Absol-Mega,0.00022,27,0.006,12,0.006,1
2026-09-30,M-C,gen9championsvgc2026regmcbo3,1760,275,Slurpuff,0.00022,95,0.021,37,0.018,1
2026-09-30,M-C,gen9championsvgc2026regmcbo3,1760,276,Gengar,0.00019,259,0.058,121,0.058,1
2026-09-30,M-C,gen9championsvgc2026regmcbo3,1760,277,Crabominable,0.00019,15,0.003,10,0.005,1
2026-09-30,M-C,gen9championsvgc2026regmcbo3,1760,278,Roserade,0.00018,100,0.022,37,0.018,1
2026-09-30,M-C,gen9championsvgc2026regmcbo3,1760,279,Steelix,0.00015,51,0.011,25,0.012,1
2026-09-30,M-C,gen9championsvgc2026regmcbo3,1760,280,Mabosstiff,0.00015,112,0.025,45,0.021,1
2026-09-30,M-C,gen9championsvgc2026regmcbo3,1760,281,Samurott,0.00013,14,0.003,3,0.001,1
2026-09-30,M-C,gen9championsvgc2026regmcbo3,1760,282,Houndoom,0.00013,88,0.02,36,0.017,1
2026-09-30,M-C,gen9championsvgc2026regmcbo3,1760,283,Garbodor,0.00011,27,0.006,4,0.002,1
2026-09-30,M-C,gen9championsvgc2026regmcbo3,1760,284,Aromatisse,0.00011,121,0.027,45,0.021,1
2026-09-30,M-C,gen9championsvgc2026regmcbo3,1760,285,Trevenant,0.00011,107,0.024,41,0.02,1
2026-09-30,M-C,gen9championsvgc2026regmcbo3,1760,286,Watchog,9e-05,27,0.006,3,0.001,1
2026-09-30,M-C,gen9championsvgc2026regmcbo3,1760,287,Appletun,8e-05,63,0.014,13,0.006,1
2026-09-30,M-C,gen9championsvgc2026regmcbo3,1760,288,Luxray,7e-05,87,0.019,35,0.017,1
2026-09-30,M-C,gen9championsvgc2026regmcbo3,1760,289,Barbaracle,7e-05,10,0.002,3,0.001,1
2026-09-30,M-C,gen9championsvgc2026regmcbo3,1760,290,Abomasnow,7e-05,91,0.02,48,0.023,1
2026-09-30,M-C,gen9championsvgc2026regmcbo3,1760,291,Medicham,7e-05,102,0.023,60,0.029,1
2026-09-30,M-C,gen9championsvgc2026regmcbo3,1760,292,Toucannon,6e-05,34,0.008,16,0.008,1
2026-09-30,M-C,gen9championsvgc2026regmcbo3,1760,293,Emolga,5e-05,103,0.023,47,0.022,1
2026-09-30,M-C,gen9championsvgc2026regmcbo3,1760,294,Rotom-Fan,4e-05,11,0.002,4,0.002,1
2026-09-30,M-C,gen9championsvgc2026regmcbo3,1760,295,Flareon,4e-05,71,0.016,41,0.02,1
2026-09-30,M-C,gen9championsvgc2026regmcbo3,1760,296,Stunfisk,3e-05,22,0.005,10,0.005,1
2026-09-30,M-C,gen9championsvgc2026regmcbo3,1760,297,Dragalge,3e-05,70,0.016,26,0.012,1
2026-09-30,M-C,gen9championsvgc2026regmcbo3,1760,298,Tyrantrum,3e-05,98,0.022,44,0.021,1
2026-09-30,M-C,gen9championsvgc2026regmcbo3,1760,299,Heracross,3e-05,33,0.007,18,0.009,1
2026-09-30,M-C,gen9championsvgc2026regmcbo3,1760,300,Leafeon,3e-05,130,0.029,63,0.03,1
2026-09-30,M-C,gen9championsvgc2026regmcbo3,1760,301,Arbok,3e-05,43,0.01,24,0.011,1
2026-09-30,M-C,gen9championsvgc2026regmcbo3,1760,302,Audino-Mega,2e-05,112,0.025,28,0.013,1
2026-09-30,M-C,gen9championsvgc2026regmcbo3,1760,303,Beartic,2e-05,84,0.019,26,0.012,1
2026-09-30,M-C,gen9championsvgc2026regmcbo3,1760,304,Camerupt,2e-05,48,0.011,19,0.009,1
2026-09-30,M-C,gen9championsvgc2026regmcbo3,1760,305,Meowstic-M-Mega,2e-05,169,0.038,62,0.03,1
2026-09-30,M-C,gen9championsvgc2026regmcbo3,1760,306,Sandaconda,2e-05,46,0.01,20,0.01,1
2026-09-30,M-C,gen9championsvgc2026regmcbo3,1760,307,Morpeko,2e-05,59,0.013,30,0.014,1
2026-09-30,M-C,gen9championsvgc2026regmcbo3,1760,308,Sharpedo,2e-05,9,0.002,3,0.001,1
2026-09-30,M-C,gen9championsvgc2026regmcbo3,1760,309,Rotom,1e-05,31,0.007,13,0.006,1
2026-09-30,M-C,gen9championsvgc2026regmcbo3,1760,310,Decidueye,1e-05,72,0.016,27,0.013,1
2026-09-30,M-C,gen9championsvgc2026regmcbo3,1760,311,Mawile,1e-05,26,0.006,13,0.006,1
2026-09-30,M-C,gen9championsvgc2026regmcbo3,1760,312,Avalugg-Hisui,1e-05,46,0.01,20,0.01,1
2026-09-30,M-C,gen9championsvgc2026regmcbo3,1760,313,Eelektross,1e-05,55,0.012,32,0.015,1
2026-09-30,M-C,gen9championsvgc2026regmcbo3,1760,314,Passimian,1e-05,112,0.025,54,0.026,1
2026-09-30,M-C,gen9championsvgc2026regmcbo3,1760,315,Stunfisk-Galar,1e-05,27,0.006,14,0.007,1
2026-09-30,M-C,gen9championsvgc2026regmcbo3,1760,316,Simisage,1e-05,10,0.002,2,0.001,1
2026-09-30,M-C,gen9championsvgc2026regmcbo3,1760,317,Aggron,1e-05,63,0.014,20,0.01,1
2026-09-30,M-C,gen9championsvgc2026regmcbo3,1760,318,Dedenne,0.0,55,0.012,22,0.01,1
2026-09-30,M-C,gen9championsvgc2026regmcbo3,1760,319,Florges,0.0,135,0.03,56,0.027,1
2026-09-30,M-C,gen9championsvgc2026regmcbo3,1760,320,Simipour,0.0,25,0.006,11,0.005,1
2026-09-30,M-C,gen9championsvgc2026regmcbo3,1760,321,Victreebel,0.0,18,0.004,10,0.005,1
2026-09-30,M-C,gen9championsvgc2026regmcbo3,1760,322,Falinks,0.0,21,0.005,9,0.004,1
2026-09-30,M-C,gen9championsvgc2026regmcbo3,1760,323,Absol,0.0,42,0.009,6,0.003,1
2026-09-30,M-C,gen9championsvgc2026regmcbo3,1760,324,Chimecho,0.0,34,0.008,8,0.004,1
2026-09-30,M-C,gen9championsvgc2026regmcbo3,1760,325,Lopunny,0.0,33,0.007,11,0.005,1
2026-09-30,M-C,gen9championsvgc2026regmcbo3,1760,326,Pidgeot,0.0,8,0.002,3,0.001,1
2026-09-30,M-C,gen9championsvgc2026regmcbo3,1760,327,Skarmory,0.0,53,0.012,13,0.006,1
2026-09-30,M-C,gen9championsvgc2026regmcbo3,1760,328,Ampharos,0.0,45,0.01,16,0.008,1
2026-09-30,M-C,gen9championsvgc2026regmcbo3,1760,329,Furfrou,0.0,8,0.002,2,0.001,1
2026-09-30,M-C,gen9championsvgc2026regmcbo3,1760,330,Qwilfish,0.0,13,0.003,7,0.003,1
2026-09-30,M-C,gen9championsvgc2026regmcbo3,1760,331,Lycanroc-Midnight,0.0,24,0.005,10,0.005,1
2026-09-30,M-C,gen9championsvgc2026regmcbo3,1760,332,Tauros,0.0,13,0.003,6,0.003,1
2026-09-30,M-C,gen9championsvgc2026regmcbo3,1760,333,Gourgeist,0.0,13,0.003,6,0.003,1
2026-09-30,M-C,gen9championsvgc2026regmcbo3,1760,334,Gourgeist-Small,0.0,19,0.004,5,0.002,1
2026-09-30,M-C,gen9championsvgc2026regmcbo3,1760,335,Gourgeist-Large,0.0,13,0.003,6,0.003,1
2026-09-30,M-C,gen9championsvgc2026regmcbo3,1760,336,Persian,0.0,25,0.006,11,0.005,1
2026-09-30,M-C,gen9championsvgc2026regmcbo3,1760,337,Pyroar,0.0,4,0.001,2,0.001,1
2026-09-30,M-C,gen9championsvgc2026regmcbo3,1760,338,Tauros-Paldea-Combat,0.0,7,0.002,1,0.0,1
2026-09-30,M-C,gen9championsvgc2026regmcbo3,1760,339,Meganium,0.0,2,0.0,0,0.0,1
2026-09-30,M-C,gen9championsvgc2026regmcbo3,1760,340,Banette,0.0,3,0.001,1,0.0,1
2026-09-30,M-C,gen9championsvgc2026regmcbo3,1760,341,Beedrill,0.0,3,0.001,0,0.0,1
